frame,particle,x,y,z,mass
0,1,-0.134876,0.578515,0.00434471,1.0
0,2,0.648724,1.87114,-0.0588635,1.0
0,3,-1.04483,1.65589,0.0740131,1.0
0,4,1.80698,0.293553,-0.0959483,1.0
0,5,-1.43932,-1.18594,0.00400958,1.0
0,6,-0.281048,-2.07457,0.065385,1.0
0,7,1.31198,0.349287,0.0963872,1.0
0,8,0.5504,-0.715332,0.0788458,1.0
0,9,1.02739,-2.3744,-0.0294621,1.0
0,10,-1.89314,-0.681976,0.0117055,1.0
0,11,1.43699,-1.32751,0.0909437,1.0
0,12,-0.212505,-0.852221,0.0297887,1.0
0,13,-1.62858,0.54287,0.0696291,1.0
0,14,-0.492216,-2.21377,0.0944259,1.0
0,15,-0.244314,0.382785,0.0978951,1.0
1,1,-0.0862891,0.610682,-0.0586524,1.0
1,2,0.644479,1.83263,-0.032513,1.0
1,3,-1.03337,1.69191,-0.0484107,1.0
1,4,1.84971,0.320751,-0.0448777,1.0
1,5,-1.46835,-1.18812,-0.0472311,1.0
1,6,-0.313823,-2.14038,0.0573806,1.0
1,7,1.27921,0.368296,-0.0946742,1.0
1,8,0.529223,-0.698245,-0.0940756,1.0
1,9,0.978865,-2.41338,-0.0545738,1.0
1,10,-1.9345,-0.692515,0.0879438,1.0
1,11,1.43021,-1.37938,-0.0830301,1.0
1,12,-0.225924,-0.84546,-0.0150671,1.0
1,13,-1.62774,0.58009,-0.0324675,1.0
1,14,-0.488073,-2.17244,-0.0404664,1.0
1,15,-0.268383,0.358726,0.0549282,1.0
2,1,-0.0430538,0.643179,0.0773069,1.0
2,2,0.639701,1.79121,-0.00509815,1.0
2,3,-1.01536,1.73013,0.0288311,1.0
2,4,1.88609,0.348504,0.00590031,1.0
2,5,-1.49894,-1.18497,-0.101574,1.0
2,6,-0.350432,-2.208,0.0521692,1.0
2,7,1.24945,0.391992,-0.0865777,1.0
2,8,0.501384,-0.686676,-0.0679321,1.0
2,9,0.928092,-2.46274,0.12023,1.0
2,10,-1.96694,-0.70694,-0.0362537,1.0
2,11,1.42851,-1.42205,-0.0549637,1.0
2,12,-0.235448,-0.83604,-0.0616898,1.0
2,13,-1.62809,0.614254,0.0653082,1.0
2,14,-0.478513,-2.133,-0.17222,1.0
2,15,-0.292948,0.35033,0.0134834,1.0
3,1,-0.00952572,0.671807,0.0124938,1.0
3,2,0.634587,1.75211,0.0209921,1.0
3,3,-0.988157,1.77219,-0.0961311,1.0
3,4,1.91136,0.374209,0.0578103,1.0
3,5,-1.53238,-1.17598,0.0412875,1.0
3,6,-0.393169,-2.26991,0.0480905,1.0
3,7,1.22436,0.419254,-0.076984,1.0
3,8,0.467743,-0.683604,-0.0443278,1.0
3,9,0.877793,-2.51857,0.0953617,1.0
3,10,-1.99259,-0.721772,0.0399156,1.0
3,11,1.43293,-1.45634,-0.0260684,1.0
3,12,-0.238985,-0.823814,0.0858076,1.0
3,13,-1.63211,0.645412,-0.0375285,1.0
3,14,-0.466025,-2.097,0.0981168,1.0
3,15,-0.317203,0.35834,-0.0295678,1.0
4,1,0.0109792,0.693369,-0.0489667,1.0
4,2,0.629815,1.71879,0.0483907,1.0
4,3,-0.95327,1.82052,-0.0211776,1.0
4,4,1.92901,0.398619,-0.0889598,1.0
4,5,-1.56594,-1.16358,-0.0151472,1.0
4,6,-0.440772,-2.32784,0.044527,1.0
4,7,1.20129,0.447073,-0.0703671,1.0
4,8,0.427886,-0.687772,-0.0200215,1.0
4,9,0.830431,-2.58178,0.0692151,1.0
4,10,-2.01371,-0.734973,-0.0812456,1.0
4,11,1.44356,-1.48391,0.000526758,1.0
4,12,-0.235543,-0.810957,0.0319462,1.0
4,13,-1.63894,0.673285,0.0587113,1.0
4,14,-0.452768,-2.06088,-0.029465,1.0
4,15,-0.342599,0.381908,0.127133,1.0
5,1,0.0156547,0.709486,0.0893765,1.0
5,2,0.626327,1.69556,0.074828,1.0
5,3,-0.909575,1.87437,0.0520381,1.0
5,4,1.94284,0.421921,-0.037936,1.0
5,5,-1.59611,-1.15086,-0.0712877,1.0
5,6,-0.492478,-2.38129,0.0397606,1.0
5,7,1.18078,0.47111,-0.0648025,1.0
5,8,0.385926,-0.696803,0.00576256,1.0
5,9,0.786889,-2.65051,0.0427047,1.0
5,10,-2.02889,-0.745799,-0.00130452,1.0
5,11,1.45677,-1.50273,0.0254994,1.0
5,12,-0.224331,-0.795804,-0.0193322,1.0
5,13,-1.64847,0.696863,-0.0438489,1.0
5,14,-0.442643,-2.02761,-0.157162,1.0
5,15,-0.365215,0.41992,0.0866053,1.0
6,1,0.00209734,0.714278,0.0250587,1.0
6,2,0.623085,1.68329,-0.0989182,1.0
6,3,-0.86265,1.92743,-0.074344,1.0
6,4,1.95448,0.444663,0.0118024,1.0
6,5,-1.62443,-1.13304,0.0725107,1.0
6,6,-0.548199,-2.4279,0.0331059,1.0
6,7,1.16675,0.486122,-0.0588895,1.0
6,8,0.338071,-0.709976,0.0321265,1.0
6,9,0.74808,-2.7237,0.017568,1.0
6,10,-2.03627,-0.756806,0.0785642,1.0
6,11,1.47051,-1.51478,0.0509686,1.0
6,12,-0.209033,-0.781942,-0.070159,1.0
6,13,-1.65994,0.720765,0.0548307,1.0
6,14,-0.434956,-1.99901,-0.0819126,1.0
6,15,-0.3845,0.470039,0.0477208,1.0
7,1,-0.0306259,0.709454,-0.0402099,1.0
7,2,0.620233,1.68531,-0.0720629,1.0
7,3,-0.813698,1.98008,-0.00173484,1.0
7,4,1.96397,0.467855,0.0610359,1.0
7,5,-1.65003,-1.11428,0.016644,1.0
7,6,-0.606883,-2.46729,0.0254878,1.0
7,7,1.15609,0.491416,-0.0524561,1.0
7,8,0.288818,-0.726504,0.0600134,1.0
7,9,0.713806,-2.79912,-0.00780653,1.0
7,10,-2.0342,-0.765685,-0.0451537,1.0
7,11,1.48198,-1.52359,0.0771226,1.0
7,12,-0.186544,-0.768207,0.0784589,1.0
7,13,-1.6734,0.742425,-0.0470271,1.0
7,14,-0.4314,-1.9756,-0.00675442,1.0
7,15,-0.397472,0.528901,0.00931325,1.0
8,1,-0.0803026,0.695862,0.0977274,1.0
8,2,0.624731,1.69947,-0.0451218,1.0
8,3,-0.761599,2.03253,0.0710086,1.0
8,4,1.97098,0.490471,-0.0887217,1.0
8,5,-1.67178,-1.09358,-0.0369303,1.0
8,6,-0.665819,-2.49786,0.0173353,1.0
8,7,1.1474,0.485552,-0.048234,1.0
8,8,0.238687,-0.742835,0.0883972,1.0
8,9,0.684445,-2.87227,-0.0304174,1.0
8,10,-2.02166,-0.774506,0.0281821,1.0
8,11,1.49079,-1.52889,-0.0979682,1.0
8,12,-0.15991,-0.749011,0.0263168,1.0
8,13,-1.69074,0.761601,0.0546103,1.0
8,14,-0.42996,-1.95528,-0.129297,1.0
8,15,-0.404951,0.593267,0.168472,1.0
9,1,-0.147626,0.675648,0.0387242,1.0
9,2,0.634972,1.72108,-0.0204063,1.0
9,3,-0.711195,2.08293,-0.0550251,1.0
9,4,1.97593,0.511508,-0.037226,1.0
9,5,-1.68627,-1.06921,-0.0899937,1.0
9,6,-0.72395,-2.52111,0.0110245,1.0
9,7,1.1422,0.470335,-0.0416204,1.0
9,8,0.188721,-0.759146,-0.0844235,1.0
9,9,0.65497,-2.93978,-0.0504778,1.0
9,10,-1.99919,-0.781973,-0.0975163,1.0
9,11,1.49607,-1.53197,-0.0735915,1.0
9,12,-0.129477,-0.726753,-0.0268745,1.0
9,13,-1.70888,0.778467,-0.0418132,1.0
9,14,-0.430781,-1.94016,-0.048947,1.0
9,15,-0.406154,0.659783,-0.0736608,1.0
10,1,-0.227526,0.653016,-0.0206133,1.0
10,2,0.652222,1.74559,0.00456946,1.0
10,3,-0.663799,2.13393,0.0171243,1.0
10,4,1.97785,0.53323,0.0169928,1.0
10,5,-1.69426,-1.0413,0.055838,1.0
10,6,-0.780118,-2.54029,0.00582606,1.0
10,7,1.13379,0.449715,-0.0306679,1.0
10,8,0.138138,-0.77063,-0.059777,1.0
10,9,0.627947,-3.00415,-0.0680703,1.0
10,10,-1.96703,-0.788142,-0.0217739,1.0
10,11,1.49328,-1.53202,-0.0516025,1.0
10,12,-0.0929167,-0.700117,-0.0777935,1.0
10,13,-1.72788,0.795045,0.059269,1.0
10,14,-0.433092,-1.93037,0.0309023,1.0
10,15,-0.401346,0.725657,0.0837328,1.0
11,1,-0.314448,0.630285,0.118975,1.0
11,2,0.675936,1.77294,0.031398,1.0
11,3,-0.622028,2.18528,-0.111179,1.0
11,4,1.98078,0.553685,0.073483,1.0
11,5,-1.69583,-1.01121,0.0018197,1.0
11,6,-0.834328,-2.55498,-0.000108509,1.0
11,7,1.12205,0.423089,-0.020515,1.0
11,8,0.0876577,-0.773493,-0.0351138,1.0
11,9,0.60227,-3.06575,0.113966,1.0
11,10,-1.92387,-0.792631,0.0525133,1.0
11,11,1.48449,-1.52847,-0.030503,1.0
11,12,-0.0487441,-0.671735,0.0713649,1.0
11,13,-1.74784,0.811136,-0.0405946,1.0
11,14,-0.435877,-1.9244,-0.0836617,1.0
11,15,-0.389628,0.785785,0.0416152,1.0
12,1,-0.404046,0.614359,0.0570525,1.0
12,2,0.705115,1.80219,0.0575334,1.0
12,3,-0.588052,2.23723,-0.0392965,1.0
12,4,1.98437,0.576046,-0.0675042,1.0
12,5,-1.68968,-0.979927,-0.0527285,1.0
12,6,-0.890617,-2.5669,-0.00953795,1.0
12,7,1.10223,0.39155,-0.0127429,1.0
12,8,0.0402736,-0.770091,-0.0108746,1.0
12,9,0.576696,-3.12115,0.0955212,1.0
12,10,-1.86745,-0.797298,-0.0758225,1.0
12,11,1.46697,-1.52158,-0.00872309,1.0
12,12,-0.000666875,-0.645798,0.0195406,1.0
12,13,-1.77049,0.825,0.0586636,1.0
12,14,-0.440414,-1.92502,0.00192897,1.0
12,15,-0.370358,0.839438,-0.00176406,1.0
13,1,-0.492281,0.602999,-0.00545701,1.0
13,2,0.739704,1.82852,0.0813135,1.0
13,3,-0.55731,2.29013,0.0298461,1.0
13,4,1.98931,0.597815,-0.00956188,1.0
13,5,-1.67237,-0.945675,0.0931959,1.0
13,6,-0.95012,-2.57516,-0.0181352,1.0
13,7,1.07199,0.355482,-0.0050353,1.0
13,8,-0.00663756,-0.757802,0.0148861,1.0
13,9,0.549739,-3.17299,0.0743761,1.0
13,10,-1.80154,-0.799019,-0.00449666,1.0
13,11,1.44059,-1.51055,0.0117989,1.0
13,12,0.0494443,-0.624968,-0.0312891,1.0
13,13,-1.79727,0.837661,-0.0428948,1.0
13,14,-0.444052,-1.93009,-0.111438,1.0
13,15,-0.349468,0.887483,-0.0486823,1.0
14,1,-0.575115,0.596403,0.131693,1.0
14,2,0.779633,1.85346,0.103871,1.0
14,3,-0.527697,2.34132,-0.0972399,1.0
14,4,1.99829,0.618914,0.0479797,1.0
14,5,-1.64839,-0.91014,0.0379183,1.0
14,6,-1.01112,-2.5841,-0.0268493,1.0
14,7,1.02992,0.316042,0.00313835,1.0
14,8,-0.0497281,-0.737818,0.0417305,1.0
14,9,0.523295,-3.21901,0.0541877,1.0
14,10,-1.72441,-0.798591,0.0683731,1.0
14,11,1.4076,-1.4951,0.0304812,1.0
14,12,0.0995859,-0.607035,-0.0810523,1.0
14,13,-1.82319,0.847398,0.0530442,1.0
14,14,-0.445904,-1.93579,-0.0251395,1.0
14,15,-0.32682,0.92888,0.104392,1.0
15,1,-0.652857,0.592746,0.0690705,1.0
15,2,0.823242,1.87546,-0.0739523,1.0
15,3,-0.50042,2.39407,-0.0247872,1.0
15,4,2.0122,0.640888,-0.0949227,1.0
15,5,-1.61863,-0.871371,-0.0170811,1.0
15,6,-1.07436,-2.59443,-0.0343941,1.0
15,7,0.979815,0.276591,0.0119044,1.0
15,8,-0.0877014,-0.712712,0.0696626,1.0
15,9,0.495284,-3.25708,0.0341616,1.0
15,10,-1.63588,-0.79632,-0.0583451,1.0
15,11,1.36582,-1.47591,0.0501029,1.0
15,12,0.146707,-0.596959,0.0695659,1.0
15,13,-1.85029,0.857057,-0.0517113,1.0
15,14,-0.441542,-1.94195,0.0614372,1.0
15,15,-0.304572,0.965083,0.0561072,1.0
16,1,-0.721741,0.588706,0.0047947,1.0
16,2,0.868792,1.89505,-0.05585,1.0
16,3,-0.475238,2.44561,0.0481478,1.0
16,4,2.02826,0.667207,-0.0374254,1.0
16,5,-1.58047,-0.829633,-0.0728905,1.0
16,6,-1.14014,-2.60769,-0.0428386,1.0
16,7,0.926334,0.241569,0.018589,1.0
16,8,-0.119923,-0.686739,0.100224,1.0
16,9,0.465348,-3.28739,0.015696,1.0
16,10,-1.544,-0.792319,0.0159258,1.0
16,11,1.31557,-1.45224,0.0687093,1.0
16,12,0.184657,-0.593327,0.0211309,1.0
16,13,-1.8832,0.869479,0.0435467,1.0
16,14,-0.429125,-1.9497,-0.053508,1.0
16,15,-0.284715,0.99768,0.00385142,1.0
17,1,-0.779813,0.585743,0.136522,1.0
17,2,0.913537,1.90857,-0.0388761,1.0
17,3,-0.450934,2.49581,-0.0789859,1.0
17,4,2.04659,0.695207,0.0215254,1.0
17,5,-1.5401,-0.784138,0.0730741,1.0
17,6,-1.21074,-2.62017,-0.0515022,1.0
17,7,0.87119,0.212239,0.0231973,1.0
17,8,-0.145559,-0.656362,-0.0674383,1.0
17,9,0.432496,-3.31016,-0.00164712,1.0
17,10,-1.45062,-0.788282,0.0893476,1.0
17,11,1.25908,-1.42649,-0.112966,1.0
17,12,0.210765,-0.596287,-0.0254166,1.0
17,13,-1.9208,0.88206,-0.0599906,1.0
17,14,-0.409941,-1.9552,-0.166382,1.0
17,15,-0.267637,1.02783,0.15085,1.0
18,1,-0.830001,0.583338,0.0692641,1.0
18,2,0.957215,1.91646,-0.0204909,1.0
18,3,-0.427232,2.5437,-0.00664757,1.0
18,4,2.06421,0.721988,0.0796871,1.0
18,5,-1.49759,-0.736393,0.0205887,1.0
18,6,-1.28668,-2.63256,-0.0611401,1.0
18,7,0.820258,0.187782,0.0296055,1.0
18,8,-0.160799,-0.624761,-0.0393234,1.0
18,9,0.400306,-3.32256,-0.021621,1.0
18,10,-1.35898,-0.784217,-0.0405815,1.0
18,11,1.2007,-1.40098,-0.0956992,1.0
18,12,0.223515,-0.603402,-0.0720543,1.0
18,13,-1.96092,0.897673,0.0371258,1.0
18,14,-0.380073,-1.95678,-0.075552,1.0
18,15,-0.252944,1.05719,0.097718,1.0
19,1,-0.868601,0.582444,0.00185571,1.0
19,2,0.998933,1.92171,-0.00273689,1.0
19,3,-0.404358,2.58805,0.0643824,1.0
19,4,2.07913,0.747151,-0.0624683,1.0
19,5,-1.45652,-0.689927,-0.0291378,1.0
19,6,-1.36575,-2.64289,-0.0714163,1.0
19,7,0.77845,0.171509,0.0346435,1.0
19,8,-0.162651,-0.593937,-0.0144617,1.0
19,9,0.367281,-3.32597,-0.0419585,1.0
19,10,-1.27526,-0.783202,0.0258053,1.0
19,11,1.14133,-1.37978,-0.0800918,1.0
19,12,0.218766,-0.613102,0.0807017,1.0
19,13,-2.00325,0.915787,-0.0650283,1.0
19,14,-0.335544,-1.95442,0.0168233,1.0
19,15,-0.238261,1.08642,0.042732,1.0
20,1,-0.895069,0.584466,0.138288,1.0
20,2,1.03894,1.92036,0.0129369,1.0
20,3,-0.383378,2.62822,-0.0654773,1.0
20,4,2.08914,0.770233,-0.00834556,1.0
20,5,-1.41913,-0.649849,-0.076953,1.0
20,6,-1.44505,-2.65241,-0.080172,1.0
20,7,0.746711,0.167599,0.0378033,1.0
20,8,-0.149431,-0.565965,0.00888015,1.0
20,9,0.332408,-3.32057,-0.0605924,1.0
20,10,-1.20301,-0.783947,0.089455,1.0
20,11,1.08845,-1.36421,-0.0625861,1.0
20,12,0.199054,-0.621255,0.0325611,1.0
20,13,-2.04561,0.933625,0.0332423,1.0
20,14,-0.283881,-1.95222,-0.09036,1.0
20,15,-0.222711,1.11808,-0.0123331,1.0
21,1,-0.910424,0.591818,0.0799128,1.0
21,2,1.07677,1.91462,0.0292678,1.0
21,3,-0.36383,2.66624,0.00555157,1.0
21,4,2.09314,0.792828,0.0445029,1.0
21,5,-1.38529,-0.61449,0.0737752,1.0
21,6,-1.52092,-2.65929,-0.0890495,1.0
21,7,0.728987,0.178112,0.0413438,1.0
21,8,-0.120814,-0.539237,0.0350166,1.0
21,9,0.294169,-3.30479,-0.080052,1.0
21,10,-1.14377,-0.788731,-0.0493833,1.0
21,11,1.04666,-1.35437,-0.042456,1.0
21,12,0.165586,-0.624667,-0.01392,1.0
21,13,-2.09012,0.951224,-0.0700261,1.0
21,14,-0.230399,-1.95248,0.00470267,1.0
21,15,-0.206714,1.15378,-0.06679,1.0
22,1,-0.918815,0.603333,0.024623,1.0
22,2,1.11067,1.90542,0.0437555,1.0
22,3,-0.346394,2.69937,0.0766382,1.0
22,4,2.09174,0.814077,0.096484,1.0
22,5,-1.35871,-0.588119,0.0245427,1.0
22,6,-1.59259,-2.66097,-0.101022,1.0
22,7,0.727044,0.205967,0.0459216,1.0
22,8,-0.0801035,-0.515117,0.0617089,1.0
22,9,0.253777,-3.28381,0.0999611,1.0
22,10,-1.1012,-0.795839,0.0099506,1.0
22,11,1.0177,-1.34909,-0.0179528,1.0
22,12,0.12441,-0.622368,-0.0602794,1.0
22,13,-2.13593,0.969602,0.0287437,1.0
22,14,-0.180326,-1.95747,-0.0987617,1.0
22,15,-0.187818,1.19238,0.0795169,1.0
23,1,-0.923051,0.619865,-0.0300208,1.0
23,2,1.14015,1.89571,0.0559242,1.0
23,3,-0.327206,2.7277,-0.0513768,1.0
23,4,2.08652,0.833431,-0.0526365,1.0
23,5,-1.33945,-0.569461,-0.0256376,1.0
23,6,-1.65466,-2.65656,0.0853408,1.0
23,7,0.738029,0.247133,0.0513693,1.0
23,8,-0.0302632,-0.495011,0.0912826,1.0
23,9,0.213475,-3.25819,0.0792089,1.0
23,10,-1.08113,-0.808617,0.0667102,1.0
23,11,1.00234,-1.35199,0.00782955,1.0
23,12,0.0790303,-0.614298,-0.109436,1.0
23,13,-2.18286,0.987857,-0.072719,1.0
23,14,-0.137942,-1.96684,-0.000760059,1.0
23,15,-0.166016,1.23633,0.028674,1.0
24,1,-0.922595,0.638183,-0.0850284,1.0
24,2,1.16278,1.88602,0.0668322,1.0
24,3,-0.303636,2.75349,0.0216162,1.0
24,4,2.07669,0.851627,-0.000741225,1.0
24,5,-1.32937,-0.557842,-0.0786286,1.0
24,6,-1.70846,-2.64491,0.0740015,1.0
24,7,0.763545,0.302891,0.0568548,1.0
24,8,0.0261598,-0.473187,-0.0783479,1.0
24,9,0.174545,-3.23287,0.0580365,1.0
24,10,-1.08349,-0.828806,-0.0763917,1.0
24,11,1.00425,-1.35985,0.0337565,1.0
24,12,0.0312512,-0.601725,0.0389887,1.0
24,13,-2.22973,1.00455,0.0269302,1.0
24,14,-0.105643,-1.98019,0.0970736,1.0
24,15,-0.14132,1.28614,-0.0212404,1.0
25,1,-0.918616,0.658502,0.0596154,1.0
25,2,1.17868,1.87617,0.0777492,1.0
25,3,-0.277454,2.77576,-0.106124,1.0
25,4,2.06503,0.866896,0.051435,1.0
25,5,-1.32933,-0.551604,0.0640753,1.0
25,6,-1.75321,-2.62577,0.0595424,1.0
25,7,0.801684,0.368859,0.0661368,1.0
25,8,0.085096,-0.452219,-0.0491646,1.0
25,9,0.13298,-3.2098,0.0376431,1.0
25,10,-1.10838,-0.854958,-0.0197323,1.0
25,11,1.02146,-1.3709,0.060607,1.0
25,12,-0.015604,-0.582863,-0.00857959,1.0
25,13,-2.27286,1.01966,-0.0716685,1.0
25,14,-0.0833672,-1.99301,-0.00570805,1.0
25,15,-0.116344,1.34077,0.130293,1.0
26,1,-0.913999,0.678219,0.00190482,1.0
26,2,1.18845,1.86814,0.0894602,1.0
26,3,-0.250725,2.79405,-0.0348028,1.0
26,4,2.05654,0.875226,0.103845,1.0
26,5,-1.33684,-0.553837,0.00692508,1.0
26,6,-1.79029,-2.59827,0.0455737,1.0
26,7,0.846612,0.443505,0.075991,1.0
26,8,0.143395,-0.43437,-0.0234257,1.0
26,9,0.0910065,-3.18634,0.0181378,1.0
26,10,-1.15176,-0.885516,0.0362567,1.0
26,11,1.05371,-1.3857,-0.11202,1.0
26,12,-0.0555541,-0.556783,-0.0540582,1.0
26,13,-2.31091,1.03339,0.0309344,1.0
26,14,-0.0690412,-2.00198,-0.106728,1.0
26,15,-0.089425,1.40107,0.083135,1.0
27,1,-0.910347,0.6933,-0.0586985,1.0
27,2,1.19246,1.86808,-0.0980272,1.0
27,3,-0.223661,2.81116,0.0354276,1.0
27,4,2.05341,0.878923,-0.0447304,1.0
27,5,-1.35144,-0.563193,-0.0493552,1.0
27,6,-1.81964,-2.56485,0.0329214,1.0
27,7,0.894868,0.521988,0.0864109,1.0
27,8,0.193508,-0.419829,-0.00133399,1.0
27,9,0.0489772,-3.16527,-0.00261466,1.0
27,10,-1.20548,-0.916937,0.0929046,1.0
27,11,1.0974,-1.39924,-0.0836879,1.0
27,12,-0.0777639,-0.526384,0.0997295,1.0
27,13,-2.34192,1.04194,-0.0656769,1.0
27,14,-0.0628215,-2.00506,-0.00729232,1.0
27,15,-0.0598536,1.46617,0.0334283,1.0
28,1,-0.906256,0.708104,0.0791734,1.0
28,2,1.19224,1.87712,-0.0851257,1.0
28,3,-0.197408,2.82584,-0.0947198,1.0
28,4,2.05466,0.876317,0.00513591,1.0
28,5,-1.37165,-0.57764,0.0934364,1.0
28,6,-1.8418,-2.5247,0.0181113,1.0
28,7,0.940163,0.60093,0.0965455,1.0
28,8,0.234272,-0.407234,0.0188287,1.0
28,9,0.00686869,-3.15091,-0.0272944,1.0
28,10,-1.26552,-0.95055,-0.0478343,1.0
28,11,1.14819,-1.41219,-0.0533411,1.0
28,12,-0.0840634,-0.490141,0.054053,1.0
28,13,-2.36568,1.04587,0.0379697,1.0
28,14,-0.0650112,-1.99825,-0.108285,1.0
28,15,-0.0335668,1.53154,-0.0143367,1.0
29,1,-0.90317,0.722197,0.0163624,1.0
29,2,1.19091,1.89683,-0.072211,1.0
29,3,-0.171313,2.84332,-0.024864,1.0
29,4,2.06455,0.868429,0.0550866,1.0
29,5,-1.39488,-0.596223,0.0342696,1.0
29,6,-1.85533,-2.47763,0.00387558,1.0
29,7,0.978235,0.673362,-0.0924509,1.0
29,8,0.265488,-0.397373,0.0400835,1.0
29,9,-0.0337225,-3.14423,-0.0544059,1.0
29,10,-1.32723,-0.986178,0.0127561,1.0
29,11,1.20311,-1.42435,-0.0230794,1.0
29,12,-0.0731642,-0.449377,0.0117028,1.0
29,13,-2.3822,1.0473,-0.0586818,1.0
29,14,-0.0767379,-1.98025,-0.00804459,1.0
29,15,-0.0102832,1.59262,-0.0598657,1.0
30,1,-0.899343,0.735643,0.150741,1.0
30,2,1.19306,1.92856,-0.0610907,1.0
30,3,-0.14457,2.86635,0.0461528,1.0
30,4,2.08532,0.856813,0.106241,1.0
30,5,-1.41868,-0.619719,-0.0265984,1.0
30,6,-1.86167,-2.42748,-0.0118701,1.0
30,7,1.00696,0.732277,-0.0842675,1.0
30,8,0.28635,-0.389826,0.0652891,1.0
30,9,-0.0738938,-3.14017,0.120039,1.0
30,10,-1.38738,-1.02063,0.0742437,1.0
30,11,1.26019,-1.43416,0.00639149,1.0
30,12,-0.0501117,-0.40768,-0.0315431,1.0
30,13,-2.38933,1.04537,0.0448014,1.0
30,14,-0.0933417,-1.94983,-0.108957,1.0
30,15,0.00698302,1.64848,0.0929174,1.0
31,1,-0.897784,0.74935,0.0871654,1.0
31,2,1.20064,1.97386,-0.0499807,1.0
31,3,-0.117357,2.89433,-0.0837844,1.0
31,4,2.11487,0.842706,-0.041634,1.0
31,5,-1.44342,-0.645752,-0.0860303,1.0
31,6,-1.86158,-2.37307,-0.0246907,1.0
31,7,1.0273,0.779126,-0.0790241,1.0
31,8,0.303327,-0.383925,0.0901643,1.0
31,9,-0.11285,-3.13901,0.0925607,1.0
31,10,-1.44108,-1.04912,-0.0645547,1.0
31,11,1.31475,-1.44355,0.0366944,1.0
31,12,-0.015656,-0.366145,-0.0760401,1.0
31,13,-2.38431,1.04138,-0.0514812,1.0
31,14,-0.113298,-1.90467,-0.00807198,1.0
31,15,0.015475,1.69471,0.0456503,1.0
32,1,-0.897688,0.758757,0.0273349,1.0
32,2,1.21427,2.03463,-0.0381776,1.0
32,3,-0.0903554,2.9268,-0.0134352,1.0
32,4,2.15304,0.8251,0.00887352,1.0
32,5,-1.46724,-0.671742,0.0544333,1.0
32,6,-1.85434,-2.31795,-0.0358071,1.0
32,7,1.03657,0.814655,-0.0785639,1.0
32,8,0.313779,-0.378955,-0.0820823,1.0
32,9,-0.150961,-3.14065,0.0653389,1.0
32,10,-1.48528,-1.07132,-0.00258844,1.0
32,11,1.36854,-1.45186,0.0683739,1.0
32,12,0.0275783,-0.326225,0.0796703,1.0
32,13,-2.37,1.03727,0.0510158,1.0
32,14,-0.133385,-1.84796,-0.109135,1.0
32,15,0.0174027,1.73007,0.00088934,1.0
33,1,-0.895923,0.7665,0.164998,1.0
33,2,1.23422,2.10542,-0.0278282,1.0
33,3,-0.0671605,2.96561,0.0571938,1.0
33,4,2.19495,0.804372,0.0599226,1.0
33,5,-1.48536,-0.696915,-0.00666065,1.0
33,6,-1.83954,-2.26714,-0.0436804,1.0
33,7,1.03326,0.838391,-0.0822142,1.0
33,8,0.320523,-0.374601,-0.054019,1.0
33,9,-0.190424,-3.14301,0.0382518,1.0
33,10,-1.51835,-1.08324,0.058432,1.0
33,11,1.41708,-1.45865,-0.103016,1.0
33,12,0.0738776,-0.289075,0.0336929,1.0
33,13,-2.34552,1.03185,-0.0475414,1.0
33,14,-0.153741,-1.78302,-0.00968354,1.0
33,15,0.0102735,1.75636,0.156466,1.0
34,1,-0.895912,0.771391,-0.0990208,1.0
34,2,1.2608,2.18284,-0.0187345,1.0
34,3,-0.047878,3.01066,-0.0715472,1.0
34,4,2.23952,0.781365,-0.087186,1.0
34,5,-1.49637,-0.720487,-0.0681393,1.0
34,6,-1.81744,-2.22108,-0.0521436,1.0
34,7,1.01912,0.853727,-0.0884425,1.0
34,8,0.321605,-0.370638,-0.0276069,1.0
34,9,-0.23044,-3.14305,0.0109398,1.0
34,10,-1.53846,-1.08423,-0.080616,1.0
34,11,1.46078,-1.46603,-0.071713,1.0
34,12,0.120559,-0.252586,-0.0160547,1.0
34,13,-2.30898,1.02325,0.0566204,1.0
34,14,-0.172849,-1.71555,0.0928672,1.0
34,15,-0.00190256,1.77241,-0.0860763,1.0
35,1,-0.896186,0.770122,0.0367483,1.0
35,2,1.28985,2.26103,-0.00956261,1.0
35,3,-0.0296918,3.059,-0.000823928,1.0
35,4,2.28818,0.754634,-0.0313894,1.0
35,5,-1.49963,-0.739732,0.0709291,1.0
35,6,-1.78934,-2.18532,-0.0593226,1.0
35,7,0.995871,0.865454,-0.0975303,1.0
35,8,0.320018,-0.367293,-0.00170856,1.0
35,9,-0.270175,-3.13904,-0.0180627,1.0
35,10,-1.54817,-1.06824,-0.0206756,1.0
35,11,1.49658,-1.47076,-0.0401301,1.0
35,12,0.168893,-0.216398,-0.0667016,1.0
35,13,-2.26588,1.01446,-0.0391501,1.0
35,14,-0.193912,-1.6467,-0.0036213,1.0
35,15,-0.0201221,1.77978,0.07108,1.0
36,1,-0.894067,0.762175,-0.0266493,1.0
36,2,1.32227,2.33645,0.000413302,1.0
36,3,-0.0106377,3.10848,0.0706995,1.0
36,4,2.33496,0.726411,0.0250635,1.0
36,5,-1.49588,-0.754664,0.00944461,1.0
36,6,-1.75638,-2.15902,-0.068389,1.0
36,7,0.968792,0.876513,0.0927662,1.0
36,8,0.314506,-0.361468,0.0258634,1.0
36,9,-0.309141,-3.13141,-0.0459852,1.0
36,10,-1.55115,-1.03172,0.0386855,1.0
36,11,1.5258,-1.47176,-0.00840266,1.0
36,12,0.212405,-0.18203,0.0815545,1.0
36,13,-2.22038,1.00148,0.0632808,1.0
36,14,-0.217417,-1.58181,-0.0977008,1.0
36,15,-0.0401567,1.78462,0.0279358,1.0
37,1,-0.887771,0.744895,0.109262,1.0
37,2,1.35565,2.40761,0.0119132,1.0
37,3,0.0065115,3.1583,-0.05737,1.0
37,4,2.3756,0.697243,0.0828249,1.0
37,5,-1.48394,-0.7621,-0.0498458,1.0
37,6,-1.72106,-2.14352,-0.0773082,1.0
37,7,0.944055,0.888856,0.0819112,1.0
37,8,0.307437,-0.351781,0.0535942,1.0
37,9,-0.346554,-3.11668,0.130555,1.0
37,10,-1.55056,-0.978551,0.0982146,1.0
37,11,1.55127,-1.47012,0.0242679,1.0
37,12,0.249632,-0.152346,0.0247716,1.0
37,13,-2.17378,0.984563,-0.0358892,1.0
37,14,-0.241457,-1.52388,-0.187788,1.0
37,15,-0.0601996,1.78675,-0.0171528,1.0
38,1,-0.87867,0.718852,0.0437695,1.0
38,2,1.38654,2.47499,0.0257205,1.0
38,3,0.0214004,3.20645,0.0146039,1.0
38,4,2.41106,0.668444,-0.0573538,1.0
38,5,-1.46508,-0.762642,0.0941473,1.0
38,6,-1.68378,-2.13767,-0.0894706,1.0
38,7,0.925203,0.906285,0.0729834,1.0
38,8,0.297151,-0.338613,0.0813691,1.0
38,9,-0.381231,-3.0976,-0.0905189,1.0
38,10,-1.54652,-0.911479,-0.0381044,1.0
38,11,1.56879,-1.4644,0.0590046,1.0
38,12,0.28673,-0.129086,-0.0344422,1.0
38,13,-2.12398,0.965235,0.0652714,1.0
38,14,-0.260427,-1.47184,-0.079983,1.0
38,15,-0.0809506,1.78583,-0.0614411,1.0
39,1,-0.86546,0.686459,-0.0250554,1.0
39,2,1.41409,2.53653,0.0382126,1.0
39,3,0.0338099,3.25064,-0.114579,1.0
39,4,2.43582,0.638052,0.00251981,1.0
39,5,-1.43955,-0.754789,0.0389396,1.0
39,6,-1.64275,-2.14489,0.0959542,1.0
39,7,0.912902,0.929023,0.0652246,1.0
39,8,0.285035,-0.321224,-0.0929125,1.0
39,9,-0.411373,-3.07261,0.0868713,1.0
39,10,-1.53827,-0.828853,0.0276047,1.0
39,11,1.57833,-1.45331,-0.103872,1.0
39,12,0.320542,-0.114381,-0.0959088,1.0
39,13,-2.07226,0.946552,-0.0333405,1.0
39,14,-0.272349,-1.43016,-0.175432,1.0
39,15,-0.101999,1.78489,0.0941874,1.0
40,1,-0.845809,0.649636,-0.09279,1.0
40,2,1.43744,2.59101,0.0498042,1.0
40,3,0.0432924,3.2916,-0.043538,1.0
40,4,2.44922,0.604501,0.063013,1.0
40,5,-1.41267,-0.737939,-0.0170925,1.0
40,6,-1.59943,-2.15944,0.0839258,1.0
40,7,0.909563,0.959655,0.058665,1.0
40,8,0.274953,-0.299845,-0.0683626,1.0
40,9,-0.438575,-3.03758,0.0645537,1.0
40,10,-1.52434,-0.732898,0.0923742,1.0
40,11,1.57966,-1.43792,-0.0663346,1.0
40,12,0.353785,-0.109281,0.0428398,1.0
40,13,-2.02254,0.926641,0.0692346,1.0
40,14,-0.279218,-1.40005,-0.0714512,1.0
40,15,-0.123673,1.78526,0.0490822,1.0
41,1,-0.819189,0.608615,0.0384041,1.0
41,2,1.45764,2.63979,0.0581004,1.0
41,3,0.0512739,3.32724,0.0259164,1.0
41,4,2.45066,0.57149,-0.077324,1.0
41,5,-1.38387,-0.712494,-0.07365,1.0
41,6,-1.55382,-2.17533,0.0733455,1.0
41,7,0.914214,0.997846,0.0549059,1.0
41,8,0.269549,-0.274321,-0.0442602,1.0
41,9,-0.459495,-2.993,0.0406105,1.0
41,10,-1.50815,-0.631989,-0.0449352,1.0
41,11,1.57103,-1.4204,-0.0286897,1.0
41,12,0.384166,-0.113057,-0.020487,1.0
41,13,-1.97554,0.909271,-0.0303719,1.0
41,14,-0.278511,-1.38306,-0.167723,1.0
41,15,-0.149223,1.78957,0.00303006,1.0
42,1,-0.781974,0.566802,-0.0291921,1.0
42,2,1.47438,2.68187,0.0665352,1.0
42,3,0.0563973,3.35557,-0.104366,1.0
42,4,2.43941,0.537009,-0.0208127,1.0
42,5,-1.35478,-0.679019,0.069311,1.0
42,6,-1.50754,-2.18787,0.0630128,1.0
42,7,0.926171,1.04302,0.0559939,1.0
42,8,0.271179,-0.243289,-0.0171522,1.0
42,9,-0.474321,-2.94482,0.0145287,1.0
42,10,-1.4894,-0.53086,0.0164257,1.0
42,11,1.554,-1.39851,0.010521,1.0
42,12,0.413383,-0.126069,-0.0827816,1.0
42,13,-1.92948,0.89379,0.0679678,1.0
42,14,-0.271759,-1.37934,-0.0684459,1.0
42,15,-0.175403,1.79865,-0.0417504,1.0
43,1,-0.735255,0.531936,0.104881,1.0
43,2,1.48762,2.71491,0.0780943,1.0
43,3,0.0607658,3.37579,-0.0348077,1.0
43,4,2.41595,0.498618,0.0347083,1.0
43,5,-1.32745,-0.643977,0.0105867,1.0
43,6,-1.46187,-2.19477,0.0531047,1.0
43,7,0.94227,1.09358,0.0582585,1.0
43,8,0.278464,-0.208674,0.0132379,1.0
43,9,-0.480605,-2.8975,-0.0138141,1.0
43,10,-1.46816,-0.43408,0.0769228,1.0
43,11,1.5288,-1.36954,0.0514086,1.0
43,12,0.443291,-0.148407,0.055748,1.0
43,13,-1.88615,0.880036,-0.0357266,1.0
43,14,-0.260275,-1.39007,-0.171893,1.0
43,15,-0.202069,1.8117,0.111819,1.0
44,1,-0.678372,0.51072,0.0407926,1.0
44,2,1.4976,2.74116,0.0889684,1.0
44,3,0.0662148,3.38509,0.0340977,1.0
44,4,2.38251,0.459458,0.0902731,1.0
44,5,-1.30624,-0.609078,-0.0477007,1.0
44,6,-1.41903,-2.19307,0.0428252,1.0
44,7,0.961122,1.14886,0.0594632,1.0
44,8,0.293307,-0.176431,0.0456981,1.0
44,9,-0.477841,-2.85169,-0.0418854,1.0
44,10,-1.44393,-0.350922,-0.0613837,1.0
44,11,1.49693,-1.33484,0.09273,1.0
44,12,0.472945,-0.176859,-0.00373502,1.0
44,13,-1.84826,0.87169,0.0591815,1.0
44,14,-0.24451,-1.40909,-0.0771074,1.0
44,15,-0.231099,1.82768,0.0661379,1.0
45,1,-0.611437,0.506295,-0.0231268,1.0
45,2,1.50005,2.76249,0.0993238,1.0
45,3,0.0734468,3.389,-0.096088,1.0
45,4,2.33571,0.417347,-0.0541878,1.0
45,5,-1.28831,-0.573918,-0.10327,1.0
45,6,-1.38226,-2.18023,0.0331296,1.0
45,7,0.981309,1.20495,0.0621061,1.0
45,8,0.320785,-0.151173,0.0781358,1.0
45,9,-0.463622,-2.8072,-0.0691234,1.0
45,10,-1.41722,-0.284828,0.000404197,1.0
45,11,1.46024,-1.2978,-0.0655353,1.0
45,12,0.508342,-0.206705,-0.0615756,1.0
45,13,-1.81531,0.874519,-0.0452741,1.0
45,14,-0.220438,-1.43277,0.0164012,1.0
45,15,-0.261118,1.84807,0.0203347,1.0
46,1,-0.534669,0.520517,0.112419,1.0
46,2,1.49524,2.7748,-0.0895121,1.0
46,3,0.0793584,3.3897,-0.0260369,1.0
46,4,2.27812,0.374064,0.000166548,1.0
46,5,-1.27448,-0.541395,0.0387014,1.0
46,6,-1.35533,-2.15728,0.0244179,1.0
46,7,0.99747,1.25876,0.0666473,1.0
46,8,0.355827,-0.131042,-0.087709,1.0
46,9,-0.436739,-2.76465,0.102934,1.0
46,10,-1.39074,-0.237639,0.0614923,1.0
46,11,1.42072,-1.26053,-0.0193768,1.0
46,12,0.546553,-0.237054,0.0801238,1.0
46,13,-1.78446,0.890944,0.0506098,1.0
46,14,-0.189847,-1.458,-0.0889614,1.0
46,15,-0.291236,1.87145,-0.0248347,1.0
47,1,-0.449035,0.552903,0.0469534,1.0
47,2,1.48459,2.78167,-0.0786633,1.0
47,3,0.0841426,3.38363,0.0426753,1.0
47,4,2.20789,0.326634,0.0534809,1.0
47,5,-1.2615,-0.513834,-0.0206115,1.0
47,6,-1.33639,-2.12362,0.0176905,1.0
47,7,1.00816,1.31016,0.0725399,1.0
47,8,0.399484,-0.116427,-0.0532816,1.0
47,9,-0.396722,-2.72882,0.0733912,1.0
47,10,-1.3615,-0.212065,-0.077065,1.0
47,11,1.37998,-1.22359,0.0280564,1.0
47,12,0.585695,-0.266389,0.0224599,1.0
47,13,-1.75768,0.920554,-0.0540326,1.0
47,14,-0.153162,-1.47823,0.00501268,1.0
47,15,-0.320205,1.89531,-0.068369,1.0
48,1,-0.35984,0.602468,-0.0174664,1.0
48,2,1.47013,2.78397,-0.0661482,1.0
48,3,0.0880365,3.37111,-0.086927,1.0
48,4,2.12707,0.27545,0.104763,1.0
48,5,-1.2488,-0.489703,-0.0777971,1.0
48,6,-1.32624,-2.07934,0.00907841,1.0
48,7,1.018,1.35887,0.0781182,1.0
48,8,0.452294,-0.107587,-0.0201445,1.0
48,9,-0.343621,-2.70387,0.0441674,1.0
48,10,-1.33065,-0.205443,-0.0152773,1.0
48,11,1.34017,-1.19278,0.0746399,1.0
48,12,0.623932,-0.288233,-0.033271,1.0
48,13,-1.73223,0.96361,0.0399584,1.0
48,14,-0.113848,-1.4912,-0.100508,1.0
48,15,-0.351431,1.9178,0.0868449,1.0
49,1,-0.271748,0.663147,0.116926,1.0
49,2,1.45084,2.78562,-0.0542525,1.0
49,3,0.0911469,3.35155,-0.0149357,1.0
49,4,2.03793,0.221133,-0.0436157,1.0
49,5,-1.23224,-0.466895,0.0644621,1.0
49,6,-1.32829,-2.02425,-0.000477855,1.0
49,7,1.0272,1.40493,0.0836278,1.0
49,8,0.511807,-0.103183,0.00951456,1.0
49,9,-0.277936,-2.69061,0.0169654,1.0
49,10,-1.2955,-0.216036,0.0485642,1.0
49,11,1.30778,-1.16963,-0.0795582,1.0
49,12,0.657115,-0.301408,-0.0884607,1.0
49,13,-1.70857,1.01619,-0.065701,1.0
49,14,-0.069969,-1.49283,-0.00245297,1.0
49,15,-0.384212,1.94445,0.0426019,1.0
50,1,-0.18854,0.730968,0.0512936,1.0
50,2,1.42719,2.78683,-0.0424333,1.0
50,3,0.0929766,3.32695,0.0626384,1.0
50,4,1.94472,0.169059,0.00951158,1.0
50,5,-1.2105,-0.444646,0.00760983,1.0
50,6,-1.33839,-1.96091,-0.011093,1.0
50,7,1.03,1.44687,0.0925,1.0
50,8,0.572115,-0.100352,0.038374,1.0
50,9,-0.204016,-2.68978,-0.00887595,1.0
50,10,-1.25522,-0.24093,-0.0847968,1.0
50,11,1.28628,-1.15756,-0.0330032,1.0
50,12,0.681728,-0.300388,0.0564398,1.0
50,13,-1.68317,1.07541,0.0265685,1.0
50,14,-0.0241168,-1.48232,0.0942093,1.0
50,15,-0.419336,1.97401,-0.00356211,1.0
51,1,-0.114449,0.803164,-0.0107713,1.0
51,2,1.40154,2.78394,-0.0309517,1.0
51,3,0.0916587,3.29831,-0.0588582,1.0
51,4,1.85537,0.120532,0.0629213,1.0
51,5,-1.18448,-0.424601,-0.0514924,1.0
51,6,-1.35416,-1.89222,-0.0199194,1.0
51,7,1.03246,1.48505,-0.0972127,1.0
51,8,0.626034,-0.0991459,0.0661929,1.0
51,9,-0.125991,-2.69718,-0.0352786,1.0
51,10,-1.20711,-0.2731,-0.0164195,1.0
51,11,1.27851,-1.16015,0.0132765,1.0
51,12,0.691751,-0.287514,0.00219324,1.0
51,13,-1.6533,1.1381,-0.0818725,1.0
51,14,0.0189323,-1.46243,-0.0101824,1.0
51,15,-0.455527,2.00322,-0.0518814,1.0
52,1,-0.0545379,0.87434,0.127972,1.0
52,2,1.37282,2.77971,-0.0205821,1.0
52,3,0.0864182,3.26778,0.0189245,1.0
52,4,1.77632,0.0808871,-0.0828018,1.0
52,5,-1.15173,-0.402505,-0.11061,1.0
52,6,-1.36824,-1.82229,-0.0309572,1.0
52,7,1.03626,1.51782,-0.0862953,1.0
52,8,0.668111,-0.0968265,0.0937182,1.0
52,9,-0.0472952,-2.71058,-0.0639139,1.0
52,10,-1.15185,-0.305901,0.0526267,1.0
52,11,1.28699,-1.18159,0.0574023,1.0
52,12,0.684141,-0.266145,-0.0552706,1.0
52,13,-1.61846,1.20017,0.00846662,1.0
52,14,0.0525107,-1.43839,-0.117354,1.0
52,15,-0.493039,2.03447,0.0964253,1.0
53,1,-0.00808887,0.938452,0.0666933,1.0
53,2,1.34248,2.77735,-0.0105277,1.0
53,3,0.0798111,3.23537,0.0978103,1.0
53,4,1.71325,0.0530147,-0.0292404,1.0
53,5,-1.11216,-0.376238,0.0288084,1.0
53,6,-1.37922,-1.75423,-0.0428141,1.0
53,7,1.04188,1.54499,-0.076992,1.0
53,8,0.698138,-0.0935343,-0.0765521,1.0
53,9,0.0314171,-2.72531,-0.0914254,1.0
53,10,-1.0891,-0.337515,-0.0766436,1.0
53,11,1.31059,-1.22492,0.0989196,1.0
53,12,0.656511,-0.234157,0.0846098,1.0
53,13,-1.58073,1.25695,0.0993855,1.0
53,14,0.0783585,-1.41213,-0.0261774,1.0
53,15,-0.531825,2.06649,0.0455397,1.0
54,1,0.0251359,0.999128,0.00871675,1.0
54,2,1.31209,2.77644,0.00129238,1.0
54,3,0.0717887,3.20283,-0.0261319,1.0
54,4,1.67107,0.0389459,0.0239619,1.0
54,5,-1.06694,-0.345985,-0.0296641,1.0
54,6,-1.3898,-1.69042,-0.0546141,1.0
54,7,1.04756,1.56538,-0.069257,1.0
54,8,0.710693,-0.0897622,-0.0458527,1.0
54,9,0.105811,-2.73961,0.081593,1.0
54,10,-1.02113,-0.365699,-0.0076574,1.0
54,11,1.34624,-1.2866,-0.0578628,1.0
54,12,0.613059,-0.193069,0.0243352,1.0
54,13,-1.54091,1.30261,-0.0128944,1.0
54,14,0.09113,-1.38505,-0.138227,1.0
54,15,-0.569534,2.09954,-0.00684279,1.0
55,1,0.0450999,1.05488,0.153383,1.0
55,2,1.28363,2.77562,0.013096,1.0
55,3,0.058854,3.17245,0.0482661,1.0
55,4,1.64646,0.0334472,0.077843,1.0
55,5,-1.01604,-0.308074,-0.0877426,1.0
55,6,-1.39975,-1.63285,-0.0639967,1.0
55,7,1.05473,1.57924,-0.0648325,1.0
55,8,0.710588,-0.0840604,-0.0173302,1.0
55,9,0.177292,-2.75435,0.0540155,1.0
55,10,-0.949591,-0.383824,0.0627524,1.0
55,11,1.3896,-1.36139,-0.0143093,1.0
55,12,0.555882,-0.145393,-0.0378686,1.0
55,13,-1.50295,1.33421,0.0731636,1.0
55,14,0.0927007,-1.36077,-0.0497477,1.0
55,15,-0.606176,2.13366,0.137654,1.0
56,1,0.0529393,1.10723,-0.0963002,1.0
56,2,1.25777,2.775,0.0238585,1.0
56,3,0.0440171,3.14778,-0.0791702,1.0
56,4,1.64092,0.0333278,-0.0676864,1.0
56,5,-0.95833,-0.260653,0.0532927,1.0
56,6,-1.40965,-1.58454,-0.0733581,1.0
56,7,1.06772,1.58348,-0.0614726,1.0
56,8,0.700854,-0.0817431,0.00965013,1.0
56,9,0.248194,-2.76603,0.0261,1.0
56,10,-0.875531,-0.390664,-0.0647284,1.0
56,11,1.43642,-1.44121,0.0289818,1.0
56,12,0.486384,-0.0979878,0.0967578,1.0
56,13,-1.46713,1.3555,-0.0410479,1.0
56,14,0.0904227,-1.34429,0.0423487,1.0
56,15,-0.640939,2.17066,0.080677,1.0
57,1,0.050372,1.15451,0.0516997,1.0
57,2,1.23847,2.7756,0.0364048,1.0
57,3,0.0266398,3.12743,-0.00816384,1.0
57,4,1.65227,0.0380313,-0.0154652,1.0
57,5,-0.897586,-0.204575,-0.00351994,1.0
57,6,-1.41945,-1.54498,-0.084123,1.0
57,7,1.08794,1.57547,-0.0589445,1.0
57,8,0.67812,-0.081556,0.0388282,1.0
57,9,0.320056,-2.77468,-0.00227088,1.0
57,10,-0.805034,-0.389156,0.00970534,1.0
57,11,1.48526,-1.5221,0.0705418,1.0
57,12,0.413969,-0.0497065,0.0352071,1.0
57,13,-1.43425,1.36499,0.0443831,1.0
57,14,0.085846,-1.33616,-0.0613718,1.0
57,15,-0.673895,2.21063,0.0226962,1.0
58,1,0.0376359,1.20116,-0.00185719,1.0
58,2,1.22592,2.78057,0.0511865,1.0
58,3,0.00438893,3.11493,0.0602243,1.0
58,4,1.67528,0.0432747,0.0344731,1.0
58,5,-0.839679,-0.140159,-0.0594576,1.0
58,6,-1.42769,-1.51757,-0.0946998,1.0
58,7,1.11208,1.5579,-0.0539043,1.0
58,8,0.645939,-0.0827846,0.0721378,1.0
58,9,0.389412,-2.7809,-0.0310951,1.0
58,10,-0.742857,-0.378175,0.0874962,1.0
58,11,1.53035,-1.60261,-0.0869093,1.0
58,12,0.351195,-0.000426246,-0.0243507,1.0
58,13,-1.40567,1.36381,-0.0724786,1.0
58,14,0.0817538,-1.33676,-0.164288,1.0
58,15,-0.706898,2.24994,0.166048,1.0
59,1,0.0132633,1.24917,-0.0565851,1.0
59,2,1.21746,2.78589,0.0680778,1.0
59,3,-0.0185593,3.10945,-0.071382,1.0
59,4,1.70725,0.0502408,0.0852321,1.0
59,5,-0.792406,-0.071957,0.0853946,1.0
59,6,-1.4327,-1.49552,0.0936307,1.0
59,7,1.14151,1.53188,-0.0485936,1.0
59,8,0.60737,-0.0814487,-0.0909498,1.0
59,9,0.460018,-2.78586,-0.061646,1.0
59,10,-0.693217,-0.35644,-0.0327482,1.0
59,11,1.57018,-1.67755,-0.0457657,1.0
59,12,0.30725,0.0524383,-0.0827678,1.0
59,13,-1.38135,1.35011,0.007084,1.0
59,14,0.080994,-1.34804,-0.0676912,1.0
59,15,-0.739322,2.29169,-0.0898553,1.0
60,1,-0.0196291,1.29402,0.0869947,1.0
60,2,1.21067,2.79374,0.0879858,1.0
60,3,-0.0398148,3.11158,-0.00589411,1.0
60,4,1.74811,0.0593077,-0.0595199,1.0
60,5,-0.761188,-0.00496543,0.0305646,1.0
60,6,-1.4352,-1.47693,0.0783592,1.0
60,7,1.17511,1.49773,-0.0448678,1.0
60,8,0.566628,-0.0778409,-0.0510748,1.0
60,9,0.528864,-2.78965,0.10696,1.0
60,10,-0.663639,-0.324977,0.0473728,1.0
60,11,1.60594,-1.74853,-0.00590179,1.0
60,12,0.286366,0.105819,0.0580806,1.0
60,13,-1.36459,1.32365,0.0858559,1.0
60,14,0.0853603,-1.36731,0.0301994,1.0
60,15,-0.776716,2.33664,0.0543521,1.0
61,1,-0.0522,1.34084,0.0324945,1.0
61,2,1.20605,2.79992,-0.0909239,1.0
61,3,-0.0587983,3.12043,0.0584067,1.0
61,4,1.79904,0.0675846,-0.00192288,1.0
61,5,-0.747035,0.0584938,-0.0240658,1.0
61,6,-1.43712,-1.46134,0.0607219,1.0
61,7,1.21383,1.45516,-0.0436201,1.0
61,8,0.533281,-0.0732444,-0.011251,1.0
61,9,0.592997,-2.78992,0.0752163,1.0
61,10,-0.656695,-0.287,-0.0720402,1.0
61,11,1.6367,-1.81232,0.0359353,1.0
61,12,0.293001,0.157849,-0.00036093,1.0
61,13,-1.35442,1.28494,-0.0377782,1.0
61,14,0.0893672,-1.39592,-0.0724389,1.0
61,15,-0.817299,2.38318,-0.00587389,1.0
62,1,-0.0799538,1.38856,-0.0186782,1.0
62,2,1.20665,2.80333,-0.0677875,1.0
62,3,-0.0751496,3.136,-0.0788669,1.0
62,4,1.85386,0.0737764,0.057183,1.0
62,5,-0.750957,0.114695,-0.0786991,1.0
62,6,-1.43561,-1.44792,0.0452139,1.0
62,7,1.25588,1.40557,-0.041926,1.0
62,8,0.511248,-0.0678233,0.0308544,1.0
62,9,0.650559,-2.7898,0.0423545,1.0
62,10,-0.668758,-0.248321,0.00904153,1.0
62,11,1.66351,-1.86686,0.0794396,1.0
62,12,0.325032,0.207301,-0.0592509,1.0
62,13,-1.35244,1.23892,0.0365748,1.0
62,14,0.0934861,-1.43059,0.0252648,1.0
62,15,-0.863702,2.42835,-0.0646769,1.0
63,1,-0.100619,1.44055,0.13028,1.0
63,2,1.20916,2.80323,-0.0442443,1.0
63,3,-0.0867107,3.15749,-0.0147818,1.0
63,4,1.90899,0.0779503,-0.0821824,1.0
63,5,-0.770886,0.158731,0.0640618,1.0
63,6,-1.4302,-1.43157,0.0323299,1.0
63,7,1.29726,1.35358,-0.0403311,1.0
63,8,0.501067,-0.0608081,0.0748866,1.0
63,9,0.701368,-2.79153,0.00795356,1.0
63,10,-0.701932,-0.211813,0.0876723,1.0
63,11,1.6867,-1.91571,-0.0752857,1.0
63,12,0.38428,0.257606,0.0803902,1.0
63,13,-1.3583,1.18701,-0.0899492,1.0
63,14,0.0972506,-1.46671,-0.0757148,1.0
63,15,-0.917438,2.47193,0.0757882,1.0
64,1,-0.11622,1.49589,0.0765305,1.0
64,2,1.21116,2.80039,-0.0197641,1.0
64,3,-0.0927855,3.18289,0.0468777,1.0
64,4,1.96219,0.0792525,-0.0230495,1.0
64,5,-0.803031,0.188603,0.00692499,1.0
64,6,-1.41941,-1.4133,0.023771,1.0
64,7,1.33703,1.30138,-0.0388927,1.0
64,8,0.505022,-0.0539946,-0.0795635,1.0
64,9,0.745344,-2.79521,-0.0243827,1.0
64,10,-0.753641,-0.17691,-0.0351828,1.0
64,11,1.70747,-1.95402,-0.0289323,1.0
64,12,0.465899,0.303044,0.0188916,1.0
64,13,-1.37304,1.13884,-0.0175337,1.0
64,14,0.102426,-1.50003,0.0249274,1.0
64,15,-0.980381,2.51265,0.014814,1.0
65,1,-0.124563,1.55479,0.0219227,1.0
65,2,1.21301,2.78991,0.00555534,1.0
65,3,-0.0947196,3.21034,-0.0942864,1.0
65,4,2.01171,0.0737453,0.0385372,1.0
65,5,-0.840494,0.204144,-0.0511088,1.0
65,6,-1.40564,-1.39734,0.0135133,1.0
65,7,1.37496,1.25603,-0.0373987,1.0
65,8,0.51921,-0.0464902,-0.0323621,1.0
65,9,0.780741,-2.80261,0.142837,1.0
65,10,-0.816722,-0.143395,0.0408335,1.0
65,11,1.72758,-1.98052,0.0179577,1.0
65,12,0.559697,0.338674,-0.0412963,1.0
65,13,-1.39813,1.09563,0.0570799,1.0
65,14,0.109332,-1.52738,-0.0735274,1.0
65,15,-1.0534,2.54712,0.149519,1.0
66,1,-0.123436,1.61071,-0.0297691,1.0
66,2,1.21305,2.77448,0.0298324,1.0
66,3,-0.0944922,3.23853,-0.0374232,1.0
66,4,2.05746,0.0636745,0.10085,1.0
66,5,-0.874458,0.207532,0.0881849,1.0
66,6,-1.38902,-1.38279,0.00306599,1.0
66,7,1.41316,1.21894,-0.0354527,1.0
66,8,0.54089,-0.038626,0.013574,1.0
66,9,0.806696,-2.81097,0.114113,1.0
66,10,-0.880802,-0.111068,-0.0823624,1.0
66,11,1.74837,-1.99548,0.0664717,1.0
66,12,0.649738,0.363021,-0.102861,1.0
66,13,-1.43169,1.06009,-0.0650479,1.0
66,14,0.118452,-1.54754,0.0302776,1.0
66,15,-1.13415,2.57374,0.0823197,1.0
67,1,-0.11428,1.65988,0.120181,1.0
67,2,1.21156,2.75318,0.0548171,1.0
67,3,-0.0907317,3.26604,0.0174693,1.0
67,4,2.10028,0.0481793,-0.040347,1.0
67,5,-0.899255,0.201988,0.0267729,1.0
67,6,-1.36907,-1.3708,-0.00872006,1.0
67,7,1.44811,1.19288,-0.031435,1.0
67,8,0.564694,-0.0344716,0.0604654,1.0
67,9,0.820141,-2.82203,0.0868508,1.0
67,10,-0.941088,-0.0826052,-0.0048223,1.0
67,11,1.76975,-1.9985,-0.084517,1.0
67,12,0.728221,0.377143,0.0338429,1.0
67,13,-1.47153,1.03895,0.0112808,1.0
67,14,0.125935,-1.56253,-0.0610582,1.0
67,15,-1.22036,2.59181,0.0145425,1.0
68,1,-0.103699,1.70561,0.0690505,1.0
68,2,1.2067,2.72646,0.0791195,1.0
68,3,-0.083948,3.29035,0.0727126,1.0
68,4,2.14254,0.0273689,0.0168689,1.0
68,5,-0.915353,0.187658,-0.0342112,1.0
68,6,-1.34508,-1.36239,-0.0198912,1.0
68,7,1.48258,1.18052,-0.0291138,1.0
68,8,0.585413,-0.0332918,-0.0924045,1.0
68,9,0.824327,-2.83697,0.0606871,1.0
68,10,-0.987964,-0.057107,0.073064,1.0
68,11,1.79262,-1.98937,-0.032503,1.0
68,12,0.794041,0.381117,-0.0291877,1.0
68,13,-1.51841,1.0336,0.0854989,1.0
68,14,0.131776,-1.57119,0.0505137,1.0
68,15,-1.30834,2.60258,-0.054279,1.0
69,1,-0.0921978,1.74916,0.0141212,1.0
69,2,1.20135,2.69388,0.100346,1.0
69,3,-0.0772168,3.31062,-0.0732755,1.0
69,4,2.18187,-0.00256515,0.0758221,1.0
69,5,-0.92059,0.161392,-0.0953,1.0
69,6,-1.31805,-1.35906,-0.0295019,1.0
69,7,1.51811,1.1803,-0.0281954,1.0
69,8,0.602435,-0.0321465,-0.0434945,1.0
69,9,0.822038,-2.85485,0.0341267,1.0
69,10,-1.02129,-0.0358285,-0.0485311,1.0
69,11,1.81286,-1.96917,0.0185778,1.0
69,12,0.844119,0.375267,-0.0910427,1.0
69,13,-1.5702,1.0466,-0.0414527,1.0
69,14,0.136421,-1.57261,-0.237729,1.0
69,15,-1.39456,2.60722,0.0758571,1.0
70,1,-0.080116,1.78672,-0.0421226,1.0
70,2,1.19477,2.65412,-0.0791245,1.0
70,3,-0.0750793,3.33005,-0.0182976,1.0
70,4,2.21742,-0.0439958,-0.0611882,1.0
70,5,-0.91457,0.124504,0.0440097,1.0
70,6,-1.29238,-1.36063,-0.0386825,1.0
70,7,1.55592,1.19538,-0.0263741,1.0
70,8,0.616761,-0.0335114,0.00561244,1.0
70,9,0.812485,-2.87173,0.00620963,1.0
70,10,-1.04414,-0.0179018,0.029742,1.0
70,11,1.83005,-1.94029,0.0698394,1.0
70,12,0.875433,0.360227,0.047418,1.0
70,13,-1.62797,1.08111,0.0359546,1.0
70,14,0.14166,-1.56923,-0.124435,1.0
70,15,-1.47584,2.60384,0.00317933,1.0
71,1,-0.0685595,1.81696,0.102361,1.0
71,2,1.18826,2.60985,-0.058676,1.0
71,3,-0.0763052,3.34588,0.0395945,1.0
71,4,2.24773,-0.0899027,0.000113402,1.0
71,5,-0.900918,0.0796164,-0.015437,1.0
71,6,-1.26775,-1.3628,-0.0501671,1.0
71,7,1.59659,1.22325,-0.0223737,1.0
71,8,0.62499,-0.036174,0.0520877,1.0
71,9,0.795313,-2.89031,-0.0194376,1.0
71,10,-1.05288,-0.00331668,0.107226,1.0
71,11,1.84,-1.90254,-0.0760248,1.0
71,12,0.887989,0.334028,-0.0109773,1.0
71,13,-1.69066,1.12945,0.115606,1.0
71,14,0.14926,-1.55946,-0.209983,1.0
71,15,-1.55048,2.59322,0.130771,1.0
72,1,-0.0615008,1.8389,0.04631,1.0
72,2,1.18185,2.56425,-0.0373545,1.0
72,3,-0.0803775,3.35434,-0.0989353,1.0
72,4,2.27201,-0.138706,0.0598221,1.0
72,5,-0.877742,0.0282836,-0.071475,1.0
72,6,-1.24184,-1.36623,-0.0604488,1.0
72,7,1.63868,1.26114,-0.0174568,1.0
72,8,0.632054,-0.0403089,0.0998462,1.0
72,9,0.773021,-2.90954,-0.0439012,1.0
72,10,-1.04916,0.00963089,-0.0134578,1.0
72,11,1.84375,-1.85689,-0.0194927,1.0
72,12,0.883463,0.298023,-0.0680139,1.0
72,13,-1.75389,1.18602,-0.0046181,1.0
72,14,0.157484,-1.54515,-0.0957944,1.0
72,15,-1.6187,2.57928,0.0556997,1.0
73,1,-0.0582755,1.85166,0.189389,1.0
73,2,1.17149,2.51887,-0.0167017,1.0
73,3,-0.0862452,3.35763,-0.0401336,1.0
73,4,2.28715,-0.188465,-0.0815262,1.0
73,5,-0.848852,-0.0233307,0.0752138,1.0
73,6,-1.21813,-1.37606,-0.0700916,1.0
73,7,1.68257,1.30059,-0.014135,1.0
73,8,0.637827,-0.0458353,-0.0499525,1.0
73,9,0.7468,-2.92704,0.128109,1.0
73,10,-1.03469,0.0240683,0.0701893,1.0
73,11,1.84271,-1.80546,0.0367583,1.0
73,12,0.864994,0.255274,0.0761033,1.0
73,13,-1.81315,1.24296,0.0743873,1.0
73,14,0.167172,-1.5308,-0.179659,1.0
73,15,-1.67994,2.56147,0.179342,1.0
74,1,-0.0573075,1.85352,0.130534,1.0
74,2,1.15768,2.47628,0.00594423,1.0
74,3,-0.0937869,3.35606,0.0200008,1.0
74,4,2.29349,-0.236474,-0.0233323,1.0
74,5,-0.815697,-0.0726234,0.0217623,1.0
74,6,-1.19581,-1.39174,-0.0801617,1.0
74,7,1.72768,1.33436,-0.0108187,1.0
74,8,0.642341,-0.0510511,0.000534742,1.0
74,9,0.718227,-2.93771,0.0996945,1.0
74,10,-1.01338,0.0416867,-0.042851,1.0
74,11,1.83528,-1.75084,-0.107408,1.0
74,12,0.83334,0.205507,0.0227831,1.0
74,13,-1.86821,1.29459,-0.0463109,1.0
74,14,0.179907,-1.51513,-0.0622108,1.0
74,15,-1.73382,2.54681,0.102421,1.0
75,1,-0.0616802,1.846,0.0679901,1.0
75,2,1.13962,2.43764,0.0294385,1.0
75,3,-0.105448,3.35177,-0.120956,1.0
75,4,2.29139,-0.283304,0.0363878,1.0
75,5,-0.780016,-0.117349,-0.0314203,1.0
75,6,-1.17471,-1.41281,-0.0885836,1.0
75,7,1.77229,1.35893,-0.00744318,1.0
75,8,0.646048,-0.0534162,0.0497348,1.0
75,9,0.687952,-2.94273,0.0707727,1.0
75,10,-0.987451,0.0601705,0.044392,1.0
75,11,1.82017,-1.68838,-0.0514244,1.0
75,12,0.793377,0.152096,-0.0286879,1.0
75,13,-1.91364,1.33782,0.0340842,1.0
75,14,0.197366,-1.49506,-0.144096,1.0
75,15,-1.78077,2.53557,0.0249513,1.0
76,1,-0.073548,1.82839,0.00193868,1.0
76,2,1.11613,2.40213,0.0530354,1.0
76,3,-0.119233,3.34406,-0.0622428,1.0
76,4,2.28578,-0.32953,0.0935599,1.0
76,5,-0.743283,-0.154304,-0.0868644,1.0
76,6,-1.15649,-1.43747,-0.0951235,1.0
76,7,1.81562,1.37583,-0.00596814,1.0
76,8,0.649185,-0.0550029,0.0987054,1.0
76,9,0.656155,-2.94395,0.0426224,1.0
76,11,1.7944,-1.62506,0.00319794,1.0
76,13,-1.95189,1.36728,0.112549,1.0
76,14,0.219581,-1.47116,-0.0240142,1.0
76,15,-1.8157,2.52992,0.142479,1.0
76,16,1.3445,0.151997,0.000602605,1.0
77,1,-0.0929858,1.80186,-0.0663964,1.0
77,2,1.08743,2.37093,0.0780964,1.0
77,3,-0.132256,3.3326,-0.00546698,1.0
77,4,2.28404,-0.373546,-0.050949,1.0
77,5,-0.708714,-0.183894,0.0571693,1.0
77,6,-1.14046,-1.46388,-0.0990565,1.0
77,7,1.85682,1.38847,-0.0061768,1.0
77,8,0.648277,-0.0559006,-0.0520955,1.0
77,9,0.620921,-2.93994,0.0147949,1.0
77,11,1.75442,-1.56076,0.0568242,1.0
77,13,-1.98213,1.37909,-0.0101636,1.0
77,14,0.243547,-1.44432,0.0959608,1.0
77,15,-1.84029,2.53334,0.058145,1.0
77,16,1.3217,0.149965,0.000859396,1.0
78,1,-0.119986,1.76721,0.0623431,1.0
78,2,1.0579,2.34523,-0.0933538,1.0
78,3,-0.144138,3.31458,0.0507864,1.0
78,4,2.28761,-0.414491,0.00396757,1.0
78,5,-0.673159,-0.206892,0.00294184,1.0
78,6,-1.12507,-1.49308,0.0964157,1.0
78,7,1.89517,1.39585,-0.00744865,1.0
78,8,0.648269,-0.0563043,-0.000579005,1.0
78,9,0.583349,-2.92894,-0.0142279,1.0
78,11,1.70387,-1.50108,-0.087586,1.0
78,13,-2.00362,1.37236,0.0660978,1.0
78,14,0.268505,-1.41586,-0.184398,1.0
78,15,-1.85447,2.54403,-0.0252008,1.0
78,16,1.283,0.151531,0.00233528,1.0
79,1,-0.152646,1.72445,-0.00993799,1.0
79,2,1.02604,2.32292,-0.0636482,1.0
79,3,-0.155164,3.29093,-0.0942891,1.0
79,4,2.2976,-0.45175,0.0588417,1.0
79,5,-0.639889,-0.225403,-0.0512484,1.0
79,6,-1.10963,-1.52467,0.0939994,1.0
79,7,1.93313,1.39648,-0.00791348,1.0
79,8,0.653019,-0.0535516,0.0503633,1.0
79,9,0.539661,-2.91092,-0.0427503,1.0
79,11,1.64378,-1.44827,-0.0313311,1.0
79,13,-2.01789,1.35397,-0.057676,1.0
79,14,0.292728,-1.38625,-0.0667386,1.0
79,15,-1.85655,2.56307,0.092212,1.0
79,16,1.22741,0.157993,0.0037129,1.0
80,1,-0.189051,1.67373,0.11804,1.0
80,2,0.990043,2.30069,-0.0341024,1.0
80,3,-0.166729,3.26095,-0.0402237,1.0
80,4,2.31339,-0.485049,-0.0863146,1.0
80,5,-0.613915,-0.236784,-0.109198,1.0
80,6,-1.0971,-1.5569,0.0926245,1.0
80,7,1.96856,1.39059,-0.00832507,1.0
80,8,0.662337,-0.0445199,0.102007,1.0
80,9,0.494474,-2.88552,0.126591,1.0
80,11,1.5731,-1.40242,0.0267867,1.0
80,13,-2.02399,1.32621,0.0183932,1.0
80,14,0.314128,-1.35865,-0.151234,1.0
80,15,-1.84786,2.58493,0.00565622,1.0
80,16,1.15505,0.166842,0.00233998,1.0
81,1,-0.230182,1.61619,0.0470433,1.0
81,2,0.952531,2.27802,-0.00267725,1.0
81,3,-0.18016,3.22464,0.0159262,1.0
81,4,2.33254,-0.513315,-0.0293514,1.0
81,5,-0.595849,-0.244258,0.0291777,1.0
81,6,-1.08547,-1.59034,0.0912053,1.0
81,7,2.0026,1.37828,-0.00941497,1.0
81,8,0.675161,-0.0310274,-0.0464352,1.0
81,9,0.447358,-2.85275,0.0946555,1.0
81,11,1.49498,-1.36247,0.0868984,1.0
81,13,-2.02168,1.28932,0.0954883,1.0
81,14,0.330304,-1.33492,-0.0360633,1.0
81,15,-1.82713,2.60813,-0.0817647,1.0
81,16,1.06916,0.178818,0.000776829,1.0
82,1,-0.278861,1.55061,-0.0239613,1.0
82,2,0.915615,2.25291,0.0286312,1.0
82,3,-0.198113,3.18501,-0.128393,1.0
82,4,2.35184,-0.533998,0.0255188,1.0
82,5,-0.58673,-0.245329,-0.0340705,1.0
82,6,-1.0728,-1.62557,0.0908302,1.0
82,7,2.03235,1.35942,-0.00937333,1.0
82,8,0.693477,-0.00837102,0.0037619,1.0
82,9,0.400362,-2.81767,0.0614003,1.0
82,11,1.41369,-1.33057,-0.052692,1.0
82,13,-2.01112,1.2425,-0.0261047,1.0
82,14,0.339009,-1.31483,-0.121717,1.0
82,15,-1.79593,2.62997,0.0316046,1.0
82,16,0.974548,0.190161,-0.00106639,1.0
83,1,-0.329208,1.47917,-0.096694,1.0
83,2,0.877609,2.22364,0.0610156,1.0
83,3,-0.216277,3.13827,-0.0738146,1.0
83,4,2.37195,-0.548276,0.0822329,1.0
83,5,-0.587426,-0.238207,-0.0977603,1.0
83,6,-1.06115,-1.65823,0.0900646,1.0
83,7,2.05779,1.33175,-0.00759349,1.0
83,8,0.718125,0.0229832,0.0517131,1.0
83,9,0.350377,-2.77931,0.0320829,1.0
83,11,1.3333,-1.30679,0.0046522,1.0
83,13,-1.99242,1.18971,0.0527991,1.0
83,14,0.337803,-1.29887,-0.00965878,1.0
83,15,-1.75487,2.64827,-0.0562769,1.0
83,16,0.877131,0.202684,-0.00185312,1.0
84,1,-0.379723,1.40197,0.0254431,1.0
84,2,0.840574,2.19151,0.0920606,1.0
84,3,-0.234159,3.08584,-0.0205086,1.0
84,4,2.38948,-0.555861,-0.060231,1.0
84,5,-0.598226,-0.22484,0.0387355,1.0
84,6,-1.05068,-1.68854,0.0895335,1.0
84,7,2.07335,1.29753,-0.00978674,1.0
84,8,0.74639,0.0636372,0.102334,1.0
84,9,0.297392,-2.73529,0.00353137,1.0
84,11,1.2549,-1.28876,0.0662392,1.0
84,13,-1.96319,1.13205,-0.0686375,1.0
84,14,0.328248,-1.28416,-0.0976698,1.0
84,15,-1.70761,2.66406,0.0551619,1.0
84,16,0.779138,0.216871,-0.000273926,1.0
85,1,-0.429805,1.32133,-0.0546186,1.0
85,2,0.804366,2.15256,-0.0786446,1.0
85,3,-0.252281,3.02832,0.031334,1.0
85,4,2.40032,-0.558475,-0.0034631,1.0
85,5,-0.618539,-0.206724,-0.0241121,1.0
85,6,-1.03885,-1.7168,0.0914862,1.0
85,7,2.07831,1.2574,-0.0137846,1.0
85,8,0.775215,0.111579,-0.0458728,1.0
85,9,0.244041,-2.68663,-0.0245543,1.0
85,11,1.17834,-1.27549,-0.0677448,1.0
85,13,-1.92409,1.07134,0.00923703,1.0
85,14,0.313757,-1.26977,0.0143643,1.0
85,15,-1.65654,2.67617,-0.032767,1.0
85,16,0.683211,0.233834,-0.00012494,1.0
86,1,-0.478683,1.23762,0.0629721,1.0
86,2,0.768849,2.10722,-0.0497985,1.0
86,3,-0.271509,2.96771,-0.116769,1.0
86,4,2.4021,-0.553947,0.0525295,1.0
86,5,-0.648057,-0.188123,-0.0871832,1.0
86,6,-1.02529,-1.74452,0.0954081,1.0
86,7,2.07362,1.2114,-0.0180118,1.0
86,8,0.807259,0.167016,0.00622393,1.0
86,9,0.189965,-2.63373,-0.0540984,1.0
86,11,1.10401,-1.26564,-0.00107928,1.0
86,13,-1.87907,1.00644,0.0878843,1.0
86,14,0.294308,-1.25715,-0.0731087,1.0
86,15,-1.60104,2.68035,0.0792122,1.0
86,16,0.589589,0.25325,-0.000947212,1.0
87,1,-0.525407,1.15724,-0.023541,1.0
87,2,0.735838,2.0547,-0.0205215,1.0
87,3,-0.29242,2.90473,-0.0636071,1.0
87,4,2.39311,-0.543315,-0.0890372,1.0
87,5,-0.687951,-0.173895,0.0495518,1.0
87,6,-1.01046,-1.76796,0.0995074,1.0
87,7,2.06027,1.1624,-0.0230835,1.0
87,8,0.838739,0.227189,0.0568906,1.0
87,9,0.136911,-2.5799,-0.0804193,1.0
87,11,1.03186,-1.25656,0.0677715,1.0
87,13,-1.83056,0.938374,-0.0359649,1.0
87,14,0.273436,-1.23955,0.0378191,1.0
87,15,-1.54339,2.67812,-0.00925305,1.0
87,16,0.504441,0.276853,-0.00193753,1.0
88,1,-0.566565,1.08688,0.0894407,1.0
88,2,0.704008,1.99226,0.0125647,1.0
88,3,-0.311414,2.8437,-0.00949507,1.0
88,4,2.37286,-0.529851,-0.0303277,1.0
88,5,-0.735626,-0.169324,-0.0157574,1.0
88,6,-0.999,-1.78939,-0.0928849,1.0
88,7,2.03894,1.10958,-0.0292994,1.0
88,8,0.86658,0.290539,0.105221,1.0
88,9,0.0842257,-2.5289,0.0917057,1.0
88,11,0.961971,-1.24471,-0.0611671,1.0
88,13,-1.78489,0.868245,0.0411257,1.0
88,14,0.252028,-1.2166,-0.0517375,1.0
88,15,-1.49028,2.66763,0.100691,1.0
88,16,0.433582,0.300229,-0.000822337,1.0
89,1,-0.601298,1.03122,0.0039691,1.0
89,2,0.673275,1.91963,0.0468449,1.0
89,3,-0.326325,2.78222,0.0449838,1.0
89,4,2.34162,-0.514136,0.0250404,1.0
89,5,-0.791108,-0.17863,-0.0825386,1.0
89,6,-0.996905,-1.80614,-0.0853313,1.0
89,7,2.01261,1.05248,-0.0356684,1.0
89,8,0.886748,0.355525,-0.048552,1.0
89,9,0.035457,-2.48508,0.0651694,1.0
89,11,0.891758,-1.23031,0.00893016,1.0
89,13,-1.74424,0.794652,-0.0820962,1.0
89,14,0.230827,-1.18372,0.0591216,1.0
89,15,-1.44153,2.64631,0.00885382,1.0
89,16,0.377965,0.321381,0.00239181,1.0
90,1,-0.631042,0.992903,0.118272,1.0
90,2,0.646214,1.84031,0.081895,1.0
90,3,-0.334042,2.72295,-0.102573,1.0
90,4,2.29699,-0.496596,0.0789482,1.0
90,5,-0.849537,-0.204876,0.048828,1.0
90,6,-1.00379,-1.81374,-0.0751181,1.0
90,7,1.98038,0.994534,-0.0442386,1.0
90,8,0.897975,0.413678,-0.00365278,1.0
90,9,-0.0038564,-2.44772,0.0404257,1.0
90,11,0.81951,-1.21055,-0.119243,1.0
90,13,-1.7111,0.719129,-0.00721109,1.0
90,14,0.212177,-1.14028,-0.0302668,1.0
90,15,-1.39927,2.61561,0.118328,1.0
90,16,0.334675,0.338293,0.00701518,1.0
91,1,-0.65353,0.973523,0.0330362,1.0
91,2,0.619753,1.7571,-0.081286,1.0
91,3,-0.330162,2.66396,-0.052664,1.0
91,4,2.23994,-0.478009,-0.0665424,1.0
91,5,-0.906329,-0.247983,-0.0194602,1.0
91,6,-1.01954,-1.81114,-0.0673608,1.0
91,7,1.9497,0.941324,-0.0557455,1.0
91,8,0.89931,0.461541,0.04106,1.0
91,9,-0.034037,-2.41695,0.0148245,1.0
91,11,0.743448,-1.18742,-0.0469454,1.0
91,13,-1.69179,0.645383,0.0675394,1.0
91,14,0.200048,-1.08702,0.0801191,1.0
91,15,-1.36693,2.57855,0.0284156,1.0
91,16,0.304505,0.355404,0.011306,1.0
92,1,-0.670747,0.974441,0.145414,1.0
92,2,0.593444,1.67887,-0.0430064,1.0
92,3,-0.316528,2.60542,-0.00305884,1.0
92,4,2.1714,-0.463049,-0.00909045,1.0
92,5,-0.962785,-0.307908,-0.087655,1.0
92,6,-1.04273,-1.80101,-0.065262,1.0
92,7,1.9199,0.891836,-0.0683357,1.0
92,8,0.883529,0.495006,0.086256,1.0
92,9,-0.0545139,-2.39627,-0.00958799,1.0
92,11,0.665963,-1.16122,0.0240373,1.0
92,13,-1.68373,0.575111,-0.0552325,1.0
92,14,0.195804,-1.02674,-0.00820905,1.0
92,15,-1.34511,2.53416,0.135867,1.0
92,16,0.287781,0.370172,0.0150042,1.0
93,1,-0.683569,0.989797,0.0599955,1.0
93,2,0.566618,1.61047,-0.00402451,1.0
93,3,-0.294315,2.54856,0.0471928,1.0
93,4,2.09346,-0.450793,0.0521217,1.0
93,5,-1.01514,-0.382038,0.0436947,1.0
93,6,-1.07441,-1.78553,-0.066949,1.0
93,7,1.8919,0.847122,-0.0815112,1.0
93,8,0.851117,0.512208,-0.0678286,1.0
93,9,-0.0643337,-2.38493,-0.0320674,1.0
93,11,0.589894,-1.1274,0.0952632,1.0
93,13,-1.68682,0.51019,0.0222723,1.0
93,14,0.198895,-0.963786,-0.0953116,1.0
93,15,-1.33031,2.48291,0.0410714,1.0
93,16,0.277963,0.375381,0.0214034,1.0
94,1,-0.697286,1.01455,-0.0268594,1.0
94,2,0.543376,1.55601,0.0363096,1.0
94,3,-0.266044,2.49322,-0.0991836,1.0
94,4,2.00925,-0.443338,-0.0868251,1.0
94,5,-1.06125,-0.463816,-0.0243487,1.0
94,6,-1.11251,-1.76287,-0.0700761,1.0
94,7,1.86934,0.809933,-0.09559,1.0
94,8,0.809107,0.510361,-0.0223718,1.0
94,9,-0.0627597,-2.37881,-0.0527028,1.0
94,11,0.513734,-1.08744,-0.0357746,1.0
94,13,-1.70192,0.449631,0.100225,1.0
94,14,0.207673,-0.900379,-0.187052,1.0
94,15,-1.32309,2.42507,0.147872,1.0
94,16,0.273036,0.371169,0.0331894,1.0
95,1,-0.711748,1.04495,0.0821906,1.0
95,2,0.527686,1.51593,0.0764672,1.0
95,3,-0.229591,2.44329,-0.0461323,1.0
95,4,1.91856,-0.445303,-0.0239631,1.0
95,5,-1.10142,-0.546657,-0.0921818,1.0
95,6,-1.15479,-1.73448,-0.074062,1.0
95,7,1.85241,0.780671,0.0875856,1.0
95,8,0.754801,0.491661,0.0217129,1.0
95,9,-0.0539742,-2.37652,-0.077716,1.0
95,11,0.438337,-1.04489,0.0337027,1.0
95,13,-1.72872,0.393746,-0.0222649,1.0
95,14,0.222109,-0.839798,-0.0788929,1.0
95,15,-1.32122,2.35921,0.0558778,1.0
95,16,0.273745,0.357834,0.0469571,1.0
96,1,-0.728777,1.07502,-0.0104268,1.0
96,2,0.524161,1.49095,-0.0826776,1.0
96,3,-0.186413,2.39989,0.00740216,1.0
96,4,1.82274,-0.456286,0.0385549,1.0
96,5,-1.13364,-0.623713,0.0421698,1.0
96,6,-1.20122,-1.70882,-0.0824231,1.0
96,7,1.8386,0.75925,0.0723169,1.0
96,8,0.686935,0.45747,0.0650134,1.0
96,9,-0.0388745,-2.37696,0.0942049,1.0
96,11,0.360361,-1.00072,-0.0932514,1.0
96,13,-1.76118,0.34111,0.0554308,1.0
96,14,0.237946,-0.791404,-0.170109,1.0
96,15,-1.32906,2.29081,-0.0356493,1.0
96,16,0.281546,0.337798,0.0618643,1.0
97,1,-0.749193,1.09839,0.0973048,1.0
97,2,0.532598,1.47872,-0.0472428,1.0
97,3,-0.136615,2.36562,0.0621347,1.0
97,4,1.72124,-0.481208,0.0992545,1.0
97,5,-1.15792,-0.692837,-0.0190141,1.0
97,6,-1.25011,-1.68888,-0.0906284,1.0
97,7,1.82855,0.751498,0.0585184,1.0
97,8,0.604901,0.415171,-0.091311,1.0
97,9,-0.0200033,-2.37919,0.0676963,1.0
97,11,0.281274,-0.959041,-0.0193185,1.0
97,13,-1.8008,0.295284,-0.0657985,1.0
97,14,0.251243,-0.762468,-0.0607756,1.0
97,15,-1.34567,2.21993,0.0732399,1.0
97,16,0.292071,0.317494,0.0800943,1.0
98,1,-0.770196,1.11237,0.00570645,1.0
98,2,0.552585,1.48065,-0.0152961,1.0
98,3,-0.0819076,2.34099,-0.0839188,1.0
98,4,1.61927,-0.513949,-0.0392072,1.0
98,5,-1.17498,-0.755024,-0.0795327,1.0
98,6,-1.29813,-1.67288,-0.0986056,1.0
98,7,1.82174,0.756778,0.0453416,1.0
98,8,0.513771,0.368271,-0.0452531,1.0
98,9,0.00120118,-2.38216,0.0417556,1.0
98,11,0.202762,-0.926821,0.0567016,1.0
98,13,-1.84528,0.257001,0.0102133,1.0
98,14,0.26133,-0.753921,-0.156151,1.0
98,15,-1.37127,2.15273,-0.0171533,1.0
98,16,0.303842,0.301639,0.104865,1.0
99,1,-0.790318,1.11431,-0.0876638,1.0
99,2,0.583131,1.49462,0.0165186,1.0
99,3,-0.0230587,2.32459,-0.0315272,1.0
99,4,1.52222,-0.552056,0.0211669,1.0
99,5,-1.18501,-0.810435,0.0591279,1.0
99,6,-1.3437,-1.66197,0.0929889,1.0
99,7,1.81353,0.767982,0.0332558,1.0
99,8,0.417121,0.325508,0.00159542,1.0
99,9,0.0269392,-2.38289,0.0149119,1.0
99,11,0.123073,-0.911677,-0.0650353,1.0
99,13,-1.89089,0.225733,0.0839395,1.0
99,14,0.267097,-0.771348,-0.053713,1.0
99,15,-1.40434,2.08939,0.0931916,1.0
99,16,0.313029,0.29523,-0.0685955,1.0
100,1,-0.807735,1.10608,0.0165112,1.0
100,2,0.623731,1.5191,0.0521454,1.0
100,3,0.0325991,2.31775,0.0233687,1.0
100,4,1.43444,-0.596246,0.0831399,1.0
100,5,-1.19144,-0.859898,-0.000911582,1.0
100,6,-1.38789,-1.65799,0.0828666,1.0
100,7,1.806,0.783079,0.0195713,1.0
100,8,0.317926,0.293483,0.0514765,1.0
100,9,0.0555895,-2.37908,-0.0128851,1.0
100,11,0.0425783,-0.912043,0.0111321,1.0
100,13,-1.93328,0.199411,-0.0421938,1.0
100,14,0.26594,-0.813073,0.047976,1.0
100,15,-1.4423,2.03148,0.00543811,1.0
100,16,0.319685,0.300911,-0.0438003,1.0
101,1,-0.821827,1.08836,0.117857,1.0
101,2,0.670421,1.55289,0.0920894,1.0
101,3,0.0842601,2.31966,0.0784402,1.0
101,4,1.36002,-0.645544,-0.0527384,1.0
101,5,-1.19947,-0.90551,-0.0589105,1.0
101,6,-1.43178,-1.65711,0.0740212,1.0
101,7,1.79708,0.794752,0.00370377,1.0
101,8,0.216428,0.274727,0.103589,1.0
101,9,0.0814021,-2.36922,-0.0419852,1.0
101,11,-0.0341169,-0.930622,0.0871388,1.0
101,13,-1.97105,0.178002,0.0309003,1.0
101,14,0.253693,-0.880395,-0.0519753,1.0
101,15,-1.48141,1.97992,0.117485,1.0
101,16,0.324708,0.320031,-0.0243716,1.0
102,1,-0.832486,1.0649,0.016224,1.0
102,2,0.719799,1.58917,-0.0678885,1.0
102,3,0.129279,2.32597,-0.065472,1.0
102,4,1.30241,-0.694147,0.0110311,1.0
102,5,-1.2095,-0.944928,0.0845555,1.0
102,6,-1.47325,-1.66041,0.0673096,1.0
102,7,1.78896,0.80207,-0.00979435,1.0
102,8,0.116422,0.270249,-0.0455976,1.0
102,9,0.104451,-2.35519,0.127123,1.0
102,11,-0.10504,-0.961468,-0.0336189,1.0
102,13,-2.00203,0.157061,0.104384,1.0
102,14,0.229897,-0.971092,-0.152251,1.0
102,15,-1.52332,1.93292,0.0273144,1.0
102,16,0.325935,0.34974,-0.00589525,1.0
103,1,-0.840999,1.03751,-0.0862379,1.0
103,2,0.771147,1.62693,-0.0297984,1.0
103,3,0.165894,2.33506,-0.00745599,1.0
103,4,1.2567,-0.73945,0.0789976,1.0
103,5,-1.2237,-0.98335,0.0310169,1.0
103,6,-1.50811,-1.668,0.0599964,1.0
103,7,1.7783,0.802726,-0.0199809,1.0
103,8,0.0194819,0.274228,0.00417084,1.0
103,9,0.128793,-2.34182,0.0961744,1.0
103,11,-0.169959,-0.999813,0.0456899,1.0
103,13,-2.02603,0.135385,-0.0224381,1.0
103,14,0.195472,-1.07556,-0.0557424,1.0
103,15,-1.56677,1.89191,-0.0643418,1.0
103,16,0.325958,0.384629,0.0120849,1.0
104,1,-0.849767,1.01007,0.00879589,1.0
104,2,0.823318,1.66205,0.0105242,1.0
104,3,0.194083,2.347,0.0525509,1.0
104,4,1.22312,-0.777982,-0.0489542,1.0
104,5,-1.24263,-1.02085,-0.0200616,1.0
104,6,-1.53732,-1.67474,0.0520776,1.0
104,7,1.76637,0.798794,-0.028324,1.0
104,8,-0.068082,0.280928,0.0527549,1.0
104,9,0.152791,-2.33441,0.0655885,1.0
104,11,-0.226246,-1.03899,-0.0743975,1.0
104,13,-2.04286,0.114887,0.0498811,1.0
104,14,0.154885,-1.18109,0.0395123,1.0
104,15,-1.61267,1.856,0.0449086,1.0
104,16,0.323104,0.413543,0.0322006,1.0
105,1,-0.859643,0.981564,0.103004,1.0
105,2,0.876403,1.69593,0.0506149,1.0
105,3,0.213176,2.361,-0.0861615,1.0
105,4,1.20069,-0.811372,0.0246533,1.0
105,5,-1.26733,-1.05418,-0.0714675,1.0
105,6,-1.5639,-1.68382,0.0451143,1.0
105,7,1.75232,0.789292,-0.0370182,1.0
105,8,-0.145964,0.288791,0.102326,1.0
105,9,0.176051,-2.33964,0.0359162,1.0
105,11,-0.271816,-1.07682,0.00515787,1.0
105,13,-2.05229,0.0963243,-0.0756123,1.0
105,14,0.107474,-1.27757,-0.0648754,1.0
105,15,-1.66087,1.82614,0.154898,1.0
105,16,0.319306,0.43244,0.0519504,1.0
106,1,-0.871403,0.95379,-0.00508602,1.0
106,2,0.930433,1.7326,0.0927265,1.0
106,3,0.220998,2.37679,-0.0232075,1.0
106,4,1.18577,-0.840382,-0.0997837,1.0
106,5,-1.29999,-1.08546,0.077187,1.0
106,6,-1.58801,-1.69451,0.0374544,1.0
106,7,1.73601,0.773901,-0.0474483,1.0
106,8,-0.213379,0.294186,-0.049303,1.0
106,9,0.20123,-2.35832,0.00623477,1.0
106,11,-0.304468,-1.10952,0.0836734,1.0
106,13,-2.05437,0.0794217,0.00160461,1.0
106,14,0.0540983,-1.35987,0.0279275,1.0
106,15,-1.71006,1.80007,0.0644615,1.0
106,16,0.315816,0.443338,0.0701167,1.0
107,1,-0.883122,0.926128,0.0845882,1.0
107,2,0.9822,1.76562,-0.0666119,1.0
107,3,0.216162,2.39157,0.0370496,1.0
107,4,1.17698,-0.864176,-0.0260057,1.0
107,5,-1.3397,-1.11599,0.0263177,1.0
107,6,-1.60889,-1.70662,0.0303197,1.0
107,7,1.72016,0.749567,-0.0610173,1.0
107,8,-0.271996,0.294252,-0.00189345,1.0
107,9,0.227483,-2.39068,-0.0233293,1.0
107,11,-0.323257,-1.13637,-0.0357553,1.0
107,13,-2.04952,0.0643501,0.0781222,1.0
107,14,-0.00395522,-1.42749,-0.0819118,1.0
107,15,-1.75989,1.77947,-0.024783,1.0
107,16,0.315212,0.447544,0.086074,1.0
108,1,-0.895397,0.89816,-0.024018,1.0
108,2,1.03116,1.79379,-0.0267382,1.0
108,3,0.199089,2.40675,-0.103864,1.0
108,4,1.17038,-0.881782,0.0478158,1.0
108,5,-1.38901,-1.14381,-0.0232636,1.0
108,6,-1.62948,-1.72118,0.0240129,1.0
108,7,1.70632,0.714133,-0.0729603,1.0
108,8,-0.323161,0.286276,0.0474313,1.0
108,9,0.257225,-2.43304,-0.0540747,1.0
108,11,-0.326318,-1.15801,0.0424459,1.0
108,13,-2.03973,0.0524626,-0.0433633,1.0
108,14,-0.0650351,-1.48071,-0.194883,1.0
108,15,-1.80708,1.76272,0.0871942,1.0
108,16,0.317982,0.444867,0.102765,1.0
109,1,-0.904529,0.873142,0.066655,1.0
109,2,1.08046,1.81594,0.0114887,1.0
109,3,0.171571,2.42393,-0.0440572,1.0
109,4,1.16561,-0.895274,-0.078617,1.0
109,5,-1.44546,-1.16982,-0.070506,1.0
109,6,-1.64638,-1.73749,0.0196335,1.0
109,7,1.6922,0.667639,-0.0843688,1.0
109,8,-0.369606,0.270754,0.0964803,1.0
109,9,0.292333,-2.48264,-0.0859873,1.0
109,11,-0.312216,-1.17285,-0.0825124,1.0
109,13,-2.02649,0.0430468,0.0360057,1.0
109,14,-0.128565,-1.52199,0.0890856,1.0
109,15,-1.85182,1.74834,-1.93688e-05,1.0
109,16,0.326256,0.437697,-0.0794842,1.0
110,1,-0.911138,0.853612,-0.0400468,1.0
110,2,1.13106,1.83299,0.0505544,1.0
110,3,0.13047,2.44385,0.0179051,1.0
110,4,1.16215,-0.905265,-0.00409264,1.0
110,5,-1.50774,-1.19261,0.0802584,1.0
110,6,-1.65998,-1.75366,0.0170339,1.0
110,7,1.67754,0.614799,-0.0963335,1.0
110,8,-0.413291,0.251154,-0.0547803,1.0
110,9,0.333137,-2.53574,0.0807147,1.0
110,11,-0.282471,-1.18252,-0.006821,1.0
110,13,-2.01219,0.0372094,-0.0843596,1.0
110,14,-0.191405,-1.54693,-0.0276315,1.0
110,15,-1.89251,1.73262,0.11507,1.0
110,16,0.340638,0.428185,-0.0646958,1.0
111,1,-0.915351,0.83832,0.0549734,1.0
111,2,1.18369,1.84537,0.0903635,1.0
111,3,0.0783859,2.46383,-0.118516,1.0
111,4,1.15667,-0.914407,0.0698662,1.0
111,5,-1.57535,-1.21357,0.0317077,1.0
111,6,-1.66993,-1.76986,0.0113485,1.0
111,7,1.66372,0.552328,0.0934638,1.0
111,8,-0.457318,0.224899,-0.00845446,1.0
111,9,0.376933,-2.59459,0.0489218,1.0
111,11,-0.243471,-1.18873,0.0710127,1.0
111,13,-1.99544,0.032848,-0.00190844,1.0
111,14,-0.25513,-1.55525,-0.14563,1.0
111,15,-1.93186,1.71621,0.0310965,1.0
111,16,0.356521,0.417814,-0.0511477,1.0
112,1,-0.916583,0.828649,-0.0482603,1.0
112,2,1.23723,1.85474,-0.0691007,1.0
112,3,0.019663,2.48198,-0.0569543,1.0
112,4,1.14928,-0.922728,-0.0570284,1.0
112,5,-1.64665,-1.23245,-0.0163348,1.0
112,6,-1.67594,-1.78443,0.00442405,1.0
112,7,1.64977,0.482193,0.0833824,1.0
112,8,-0.504201,0.191703,0.0386646,1.0
112,9,0.424882,-2.65591,0.0180248,1.0
112,11,-0.200525,-1.19395,-0.050226,1.0
112,13,-1.97771,0.0306782,0.0790435,1.0
112,14,-0.315873,-1.55116,-0.0619491,1.0
112,15,-1.96951,1.69818,-0.0526739,1.0
112,16,0.375417,0.407603,-0.0362854,1.0
113,1,-0.911842,0.824516,0.0475745,1.0
113,2,1.28882,1.86099,-0.0311377,1.0
113,3,-0.0424653,2.49608,0.00429896,1.0
113,4,1.1412,-0.932989,0.0176849,1.0
113,5,-1.71755,-1.24905,-0.068102,1.0
113,6,-1.67817,-1.79629,-0.00429375,1.0
113,7,1.63902,0.411989,0.0732802,1.0
113,8,-0.556444,0.152665,0.0886066,1.0
113,9,0.478608,-2.71659,-0.0134037,1.0
113,11,-0.160172,-1.19937,0.0293362,1.0
113,13,-1.96123,0.0314385,-0.0402215,1.0
113,14,-0.370135,-1.54012,0.0269268,1.0
113,15,-2.00244,1.67901,0.0600819,1.0
113,16,0.400216,0.398401,-0.022075,1.0
114,1,-0.901999,0.827574,0.143901,1.0
114,2,1.3348,1.86503,0.00607628,1.0
114,3,-0.107,2.50384,0.0657393,1.0
114,4,1.13485,-0.943415,0.0931687,1.0
114,5,-1.78562,-1.26847,0.0791916,1.0
114,6,-1.67834,-1.80761,-0.0120692,1.0
114,7,1.63356,0.345217,0.0681223,1.0
114,8,-0.615248,0.107785,-0.061083,1.0
114,9,0.531483,-2.77472,-0.0473184,1.0
114,11,-0.12425,-1.20782,-0.0933261,1.0
114,13,-1.94901,0.0344531,0.039285,1.0
114,14,-0.41389,-1.52198,-0.0826632,1.0
114,15,-2.03148,1.66005,-0.0261118,1.0
114,16,0.430022,0.389611,-0.00965566,1.0
115,1,-0.885186,0.837573,0.0423137,1.0
115,2,1.37708,1.86458,0.0422268,1.0
115,3,-0.172218,2.5049,-0.0737678,1.0
115,4,1.12855,-0.955468,-0.0300949,1.0
115,5,-1.85217,-1.28864,0.0263145,1.0
115,6,-1.6796,-1.81771,-0.0204016,1.0
115,7,1.6345,0.280471,0.0643397,1.0
115,8,-0.678032,0.0559428,-0.0142686,1.0
115,9,0.581585,-2.82468,-0.0820328,1.0
115,11,-0.0954392,-1.22031,-0.0158228,1.0
115,13,-1.94178,0.0367945,-0.0812195,1.0
115,14,-0.445033,-1.4974,0.00648795,1.0
115,15,-2.05598,1.64165,0.0869368,1.0
115,16,0.463327,0.381693,0.000373432,1.0
116,1,-0.860251,0.856954,-0.062476,1.0
116,2,1.4115,1.86215,0.0766248,1.0
116,3,-0.236237,2.49785,-0.012738,1.0
116,4,1.12308,-0.969662,0.0448825,1.0
116,5,-1.9132,-1.30675,-0.028354,1.0
116,6,-1.68211,-1.82658,-0.0305246,1.0
116,7,1.64134,0.217896,0.062317,1.0
116,8,-0.740466,-0.00346514,0.0317872,1.0
116,9,0.626834,-2.86381,0.0826528,1.0
116,11,-0.0724204,-1.23475,0.0616862,1.0
116,13,-1.94179,0.0432928,-0.00143101,1.0
116,14,-0.462849,-1.46923,-0.104925,1.0
116,15,-2.07569,1.62062,0.000840454,1.0
116,16,0.497763,0.37869,0.0111692,1.0
117,1,-0.828994,0.883533,0.0309722,1.0
117,2,1.43765,1.8542,-0.0879239,1.0
117,3,-0.297913,2.48454,0.0473617,1.0
117,4,1.1185,-0.990305,-0.0803561,1.0
117,5,-1.96779,-1.32621,-0.0850915,1.0
117,6,-1.68487,-1.8338,-0.0408716,1.0
117,7,1.65353,0.161012,0.0621455,1.0
117,8,-0.798222,-0.0708041,0.0761725,1.0
117,9,0.668518,-2.89208,0.0455497,1.0
117,11,-0.0604838,-1.25218,-0.0634797,1.0
117,13,-1.9498,0.0501313,0.0783018,1.0
117,14,-0.466973,-1.4363,-0.015591,1.0
117,15,-2.08758,1.59638,0.114553,1.0
117,16,0.526641,0.377412,0.022198,1.0
118,1,-0.789151,0.92401,-0.0760288,1.0
118,2,1.45547,1.84254,-0.0488106,1.0
118,3,-0.357276,2.46623,-0.0933844,1.0
118,4,1.11704,-1.01652,-0.00258853,1.0
118,5,-2.01455,-1.3486,0.0566673,1.0
118,6,-1.68729,-1.84225,-0.0524391,1.0
118,7,1.67506,0.109778,0.0614754,1.0
118,8,-0.849148,-0.147156,-0.0819531,1.0
118,9,0.704598,-2.91368,0.00641948,1.0
118,11,-0.0575067,-1.27456,0.0118258,1.0
118,13,-1.96662,0.0588254,-0.0427628,1.0
118,14,-0.457131,-1.40059,0.0743074,1.0
118,15,-2.09157,1.57141,0.0250772,1.0
118,16,0.548592,0.379522,0.0332655,1.0
119,1,-0.742244,0.975884,0.0162637,1.0
119,2,1.46377,1.82742,-0.00708995,1.0
119,3,-0.411389,2.4421,-0.0356977,1.0
119,4,1.11862,-1.04943,0.0758188,1.0
119,5,-2.05803,-1.37173,-0.00201553,1.0
119,6,-1.68929,-1.85142,-0.0610626,1.0
119,7,1.70711,0.0645991,0.0574438,1.0
119,8,-0.892204,-0.230645,-0.0416999,1.0
119,9,0.737832,-2.9272,-0.0341667,1.0
119,11,-0.0614416,-1.29905,-0.110221,1.0
119,13,-1.98861,0.0713327,0.0366157,1.0
119,14,-0.43451,-1.36543,-0.0331946,1.0
119,15,-2.09129,1.54665,-0.0653803,1.0
119,16,0.560377,0.383085,0.0466528,1.0
120,1,-0.691909,1.03419,0.106468,1.0
120,2,1.46465,1.80891,0.0341324,1.0
120,3,-0.462559,2.41496,0.0226171,1.0
120,4,1.12144,-1.0895,-0.0451356,1.0
120,5,-2.09418,-1.39247,-0.0653222,1.0
120,6,-1.68885,-1.85931,-0.0692678,1.0
120,7,1.74862,0.0257501,0.0539424,1.0
120,8,-0.928654,-0.312856,-0.00465532,1.0
120,9,0.768518,-2.92997,0.125056,1.0
120,11,-0.0710393,-1.32616,-0.0346882,1.0
120,13,-2.01367,0.0852321,-0.0813863,1.0
120,14,-0.396458,-1.33336,-0.136358,1.0
120,15,-2.08375,1.52085,0.0461252,1.0
120,16,0.559632,0.387352,0.0593294,1.0
121,1,-0.642918,1.09346,-0.00317907,1.0
121,2,1.45764,1.78473,0.0744596,1.0
121,3,-0.510502,2.38684,0.0801984,1.0
121,4,1.12721,-1.13648,0.0339275,1.0
121,5,-2.11967,-1.40895,0.0674015,1.0
121,6,-1.68362,-1.8643,-0.0781274,1.0
121,7,1.7968,-0.00706749,0.0528802,1.0
121,8,-0.958528,-0.385579,0.0333656,1.0
121,9,0.792115,-2.92274,0.0850163,1.0
121,11,-0.0872432,-1.35631,0.0413086,1.0
121,13,-2.04071,0.100326,0.00199417,1.0
121,14,-0.345976,-1.30682,-0.039319,1.0
121,15,-2.06688,1.49362,-0.0443511,1.0
121,16,0.550379,0.392798,0.073149,1.0
122,1,-0.59438,1.14653,0.0865819,1.0
122,2,1.44339,1.75679,-0.0865042,1.0
122,3,-0.554019,2.36556,-0.0593388,1.0
122,4,1.13582,-1.1852,-0.0875909,1.0
122,5,-2.13466,-1.42376,0.00299832,1.0
122,6,-1.67388,-1.86773,-0.0872292,1.0
122,7,1.8488,-0.0340154,0.0500416,1.0
122,8,-0.984757,-0.44394,0.0723589,1.0
122,9,0.813069,-2.90607,0.0432292,1.0
122,11,-0.107732,-1.38986,-0.0810387,1.0
122,13,-2.06824,0.116333,0.0834296,1.0
122,14,-0.285394,-1.28592,-0.141837,1.0
122,15,-2.04493,1.46655,0.0654531,1.0
122,16,0.534487,0.396481,0.0861897,1.0
123,1,-0.545099,1.18757,-0.022651,1.0
123,2,1.42149,1.72488,-0.0438788,1.0
123,3,-0.593484,2.34921,0.000325195,1.0
123,4,1.14643,-1.23339,-0.00894154,1.0
123,5,-2.14355,-1.43809,-0.0618701,1.0
123,6,-1.65717,-1.86846,-0.094755,1.0
123,7,1.90018,-0.057787,0.0450981,1.0
123,8,-1.00806,-0.488999,-0.0862026,1.0
123,9,0.828809,-2.88195,-0.000612127,1.0
123,11,-0.131701,-1.428,-0.00430981,1.0
123,13,-2.0939,0.132966,-0.0363673,1.0
123,14,-0.216206,-1.27069,-0.0451669,1.0
123,15,-2.01537,1.44392,-0.0283891,1.0
123,16,0.513556,0.396291,0.100816,1.0
124,1,-0.494587,1.21372,0.0678283,1.0
124,2,1.39281,1.68916,-0.00103619,1.0
124,3,-0.6299,2.3369,0.0579425,1.0
124,4,1.16169,-1.28325,0.0727649,1.0
124,5,-2.14599,-1.45253,0.0722975,1.0
124,6,-1.6333,-1.86877,0.0975539,1.0
124,7,1.94861,-0.0776563,0.0398313,1.0
124,8,-1.02846,-0.517667,-0.0450941,1.0
124,9,0.839386,-2.85127,-0.0450636,1.0
124,11,-0.156281,-1.4693,0.0740661,1.0
124,13,-2.12009,0.148634,0.0392274,1.0
124,14,-0.141318,-1.2594,0.0507905,1.0
124,15,-1.97965,1.42778,0.075388,1.0
124,16,0.493875,0.388553,-0.0841818,1.0
125,1,-0.446055,1.22706,-0.0424173,1.0
125,2,1.35972,1.65064,0.0404916,1.0
125,3,-0.667621,2.32923,-0.0831066,1.0
125,4,1.18494,-1.33452,-0.0469037,1.0
125,5,-2.14387,-1.46581,0.00464224,1.0
125,6,-1.60257,-1.86888,0.0870083,1.0
125,7,1.99184,-0.093563,0.0359806,1.0
125,8,-1.04559,-0.528986,-0.00372201,1.0
125,9,0.844383,-2.81505,0.108137,1.0
125,11,-0.180792,-1.51806,-0.0491098,1.0
125,13,-2.14416,0.159781,-0.0864995,1.0
125,14,-0.0621967,-1.25408,-0.0540214,1.0
125,15,-1.93962,1.41951,-0.0221889,1.0
125,16,0.475181,0.371309,-0.069969,1.0
126,1,-0.401538,1.22663,0.0477677,1.0
126,2,1.32238,1.60914,0.0829421,1.0
126,3,-0.701811,2.32594,-0.0253025,1.0
126,4,1.21524,-1.38506,0.0329013,1.0
126,5,-2.13886,-1.47799,-0.0639799,1.0
126,6,-1.56454,-1.87046,0.0751823,1.0
126,7,2.03006,-0.110242,0.0330248,1.0
126,8,-1.06351,-0.523891,0.0389098,1.0
126,9,0.847958,-2.77249,0.0616232,1.0
126,11,-0.204174,-1.57043,0.0266353,1.0
126,13,-2.16884,0.166871,-0.0117553,1.0
126,14,0.0180758,-1.25479,-0.160515,1.0
126,15,-1.89037,1.41662,0.0771799,1.0
126,16,0.458583,0.341829,-0.0561605,1.0
127,1,-0.358738,1.21675,-0.0629894,1.0
127,2,1.279,1.5661,-0.0737517,1.0
127,3,-0.732999,2.32947,0.0328509,1.0
127,4,1.25423,-1.43173,-0.0870827,1.0
127,5,-2.12955,-1.48968,0.0657647,1.0
127,6,-1.52154,-1.87393,0.0631144,1.0
127,7,2.06012,-0.127065,0.0297038,1.0
127,8,-1.0761,-0.507665,0.0815263,1.0
127,9,0.850542,-2.72672,0.0154483,1.0
127,11,-0.223768,-1.62214,-0.098789,1.0
127,13,-2.19313,0.170031,0.062263,1.0
127,14,0.0898679,-1.25557,-0.0652457,1.0
127,15,-1.8336,1.41739,-0.0236421,1.0
127,16,0.445989,0.302338,-0.0431164,1.0
128,1,-0.313961,1.19755,0.0270044,1.0
128,2,1.22919,1.51845,-0.0296189,1.0
128,3,-0.760237,2.33819,-0.107634,1.0
128,4,1.30189,-1.47283,-0.0103038,1.0
128,5,-2.11541,-1.49937,-0.00587467,1.0
128,6,-1.4746,-1.88215,0.051787,1.0
128,7,2.08063,-0.144466,0.02412,1.0
128,8,-1.07926,-0.481852,-0.0762444,1.0
128,9,0.847647,-2.67968,-0.0281968,1.0
128,11,-0.236117,-1.67048,-0.0233782,1.0
128,13,-2.21431,0.168199,-0.0672972,1.0
128,14,0.152562,-1.25226,0.0307914,1.0
128,15,-1.76836,1.41809,0.0745954,1.0
128,16,0.438464,0.250603,-0.0313079,1.0
129,1,-0.268678,1.1744,0.11839,1.0
129,2,1.17617,1.46895,0.0174358,1.0
129,3,-0.784863,2.35401,-0.0502623,1.0
129,4,1.35768,-1.50675,0.0646385,1.0
129,5,-2.0978,-1.50252,-0.0776151,1.0
129,6,-1.42459,-1.8907,0.0424235,1.0
129,7,2.09218,-0.160098,0.0184281,1.0
129,8,-1.07194,-0.448538,-0.0345515,1.0
129,9,0.838398,-2.63432,0.12604,1.0
129,11,-0.238246,-1.7159,0.0548471,1.0
129,13,-2.23502,0.159529,0.00130742,1.0
129,14,0.203112,-1.24306,-0.0711242,1.0
129,15,-1.69802,1.41767,-0.0301211,1.0
129,16,0.434732,0.186859,-0.0216051,1.0
130,1,-0.225287,1.14821,0.00821829,1.0
130,2,1.11891,1.41621,0.0677645,1.0
130,3,-0.807046,2.37674,0.00549309,1.0
130,4,1.42392,-1.52941,-0.0571888,1.0
130,5,-2.07819,-1.50048,0.0521071,1.0
130,6,-1.37369,-1.89983,0.034926,1.0
130,7,2.09606,-0.171096,0.0122064,1.0
130,8,-1.05328,-0.411824,0.00679033,1.0
130,9,0.824286,-2.59875,0.0784919,1.0
130,11,-0.231773,-1.75763,-0.0643333,1.0
130,13,-2.25404,0.148327,0.0710826,1.0
130,14,0.239461,-1.22688,0.0264062,1.0
130,15,-1.62675,1.41442,0.0669092,1.0
130,16,0.435295,0.111141,-0.0124003,1.0
131,1,-0.189357,1.12305,0.0985266,1.0
131,2,1.06492,1.36487,-0.0831475,1.0
131,3,-0.824265,2.40602,0.0608797,1.0
131,4,1.49933,-1.5386,0.0202703,1.0
131,5,-2.05728,-1.49518,-0.0155531,1.0
131,6,-1.32387,-1.91122,0.0293844,1.0
131,7,2.08933,-0.178769,0.004943,1.0
131,8,-1.02543,-0.37349,0.0460038,1.0
131,9,0.805218,-2.57113,0.0323869,1.0
131,11,-0.22043,-1.79323,0.015937,1.0
131,13,-2.27024,0.138157,-0.0578377,1.0
131,14,0.267022,-1.20471,-0.073414,1.0
131,15,-1.55929,1.40761,-0.0332717,1.0
131,16,0.440624,0.0267744,-0.0057627,1.0
132,1,-0.159712,1.09706,-0.00928835,1.0
132,2,1.01732,1.31567,-0.032568,1.0
132,3,-0.833011,2.44276,-0.0863303,1.0
132,4,1.57855,-1.53815,0.0982222,1.0
132,5,-2.03225,-1.48386,-0.0815885,1.0
132,6,-1.27153,-1.92261,0.0240293,1.0
132,7,2.07126,-0.184316,-0.0031646,1.0
132,8,-0.985719,-0.330913,0.0846443,1.0
132,9,0.783581,-2.55428,-0.0139084,1.0
132,11,-0.2063,-1.82116,-0.10453,1.0
132,13,-2.28577,0.127774,0.015807,1.0
132,14,0.285956,-1.17995,0.0265789,1.0
132,15,-1.49634,1.39126,0.0651316,1.0
132,16,0.45131,-0.0591787,-0.00103477,1.0
133,1,-0.136647,1.07145,0.0861326,1.0
133,2,0.978217,1.26722,0.0172651,1.0
133,3,-0.834621,2.48516,-0.0365751,1.0
133,4,1.65846,-1.53015,-0.023527,1.0
133,5,-2.00619,-1.46349,0.0519356,1.0
133,6,-1.21865,-1.93439,0.017729,1.0
133,7,2.04317,-0.181632,-0.0112339,1.0
133,8,-0.93994,-0.285011,-0.0782743,1.0
133,9,0.762234,-2.54808,-0.0596068,1.0
133,11,-0.190538,-1.83976,-0.0298532,1.0
133,13,-2.29951,0.116435,0.0900966,1.0
133,14,0.298508,-1.15537,-0.07413,1.0
133,15,-1.43639,1.36691,-0.0369025,1.0
133,16,0.465279,-0.140612,0.00410721,1.0
134,1,-0.123392,1.04495,-0.0173171,1.0
134,2,0.946811,1.22061,0.0662803,1.0
134,3,-0.829195,2.53047,0.0109329,1.0
134,4,1.73887,-1.51816,0.0556728,1.0
134,5,-1.98086,-1.43478,-0.01283,1.0
134,6,-1.16498,-1.9478,0.0101684,1.0
134,7,2.0068,-0.170088,-0.0185199,1.0
134,8,-0.892516,-0.238057,-0.0435311,1.0
134,9,0.744416,-2.5483,0.0972053,1.0
134,11,-0.174873,-1.852,0.0443277,1.0
134,13,-2.30881,0.107276,-0.0369356,1.0
134,14,0.306906,-1.13099,-0.173708,1.0
134,15,-1.37631,1.3359,0.0586053,1.0
134,16,0.482132,-0.213993,0.0106933,1.0
135,1,-0.113767,1.01337,0.0759863,1.0
135,2,0.926272,1.17268,-0.0828649,1.0
135,3,-0.818013,2.57579,0.0581727,1.0
135,4,1.81653,-1.50447,-0.0665353,1.0
135,5,-1.95566,-1.39767,-0.0769497,1.0
135,6,-1.10794,-1.96485,0.00178071,1.0
135,7,1.96575,-0.150788,-0.0264457,1.0
135,8,-0.848385,-0.193615,-0.010481,1.0
135,9,0.734341,-2.55502,0.0543268,1.0
135,11,-0.161025,-1.85864,-0.0798079,1.0
135,13,-2.31086,0.0966139,0.0364447,1.0
135,14,0.315361,-1.10716,-0.0747463,1.0
135,15,-1.31948,1.29966,-0.0454968,1.0
135,16,0.503975,-0.282022,0.0148367,1.0
136,1,-0.105449,0.980996,-0.029317,1.0
136,2,0.915099,1.12474,-0.0342883,1.0
136,3,-0.803371,2.6201,-0.0947719,1.0
136,4,1.88547,-1.49153,0.0104014,1.0
136,5,-1.93292,-1.35237,0.0593615,1.0
136,6,-1.04569,-1.98547,-0.00203499,1.0
136,7,1.91922,-0.124045,-0.0342252,1.0
136,8,-0.807833,-0.151759,0.0230086,1.0
136,9,0.731275,-2.56821,0.0125831,1.0
136,11,-0.152937,-1.85971,-0.00438922,1.0
136,13,-2.30363,0.0868234,-0.0885808,1.0
136,14,0.32944,-1.08282,0.0250707,1.0
136,15,-1.26646,1.2616,0.0487731,1.0
136,16,0.531159,-0.346101,0.0197639,1.0
137,1,-0.0976939,0.951804,0.0642864,1.0
137,2,0.911629,1.07895,0.0134958,1.0
137,3,-0.784548,2.66241,-0.0458387,1.0
137,4,1.94174,-1.4762,0.0853486,1.0
137,5,-1.91361,-1.29534,-0.00451295,1.0
137,6,-0.975142,-2.00827,-0.00197409,1.0
137,7,1.87123,-0.0913506,-0.0394879,1.0
137,8,-0.772592,-0.115355,0.0564073,1.0
137,9,0.736457,-2.58315,-0.0310035,1.0
137,11,-0.150361,-1.85677,-0.131185,1.0
137,13,-2.28568,0.0791132,-0.0143895,1.0
137,14,0.348749,-1.05424,-0.0719892,1.0
137,15,-1.22061,1.22498,0.142591,1.0
137,16,0.557881,-0.409441,0.0227338,1.0
138,1,-0.0864392,0.924193,-0.0427988,1.0
138,2,0.912551,1.0351,0.0605306,1.0
138,3,-0.763009,2.70124,0.00400511,1.0
138,4,1.98945,-1.4614,-0.0404256,1.0
138,5,-1.89536,-1.22925,-0.0709172,1.0
138,6,-0.896558,-2.03308,3.40246e-05,1.0
138,7,1.82249,-0.0548713,-0.0449297,1.0
138,8,-0.745073,-0.0886603,0.0885685,1.0
138,9,0.75012,-2.59995,-0.0759045,1.0
138,11,-0.154116,-1.84725,-0.0620018,1.0
138,13,-2.25897,0.074701,0.0604836,1.0
138,14,0.374725,-1.01775,0.0314502,1.0
138,15,-1.18399,1.18767,0.0341362,1.0
138,16,0.584766,-0.476793,0.0243123,1.0
139,1,-0.0682194,0.899321,0.0492482,1.0
139,2,0.917025,0.99159,-0.0923311,1.0
139,3,-0.737389,2.73419,0.0543531,1.0
139,4,2.03046,-1.448,0.0314826,1.0
139,5,-1.87412,-1.1599,0.0602575,1.0
139,6,-0.81377,-2.06281,0.00200483,1.0
139,7,1.77399,-0.0140299,-0.052842,1.0
139,8,-0.721908,-0.0784604,-0.0748966,1.0
139,9,0.770755,-2.61752,0.0777888,1.0
139,11,-0.169931,-1.83506,0.00748682,1.0
139,13,-2.22726,0.0750808,-0.0622416,1.0
139,14,0.405589,-0.972537,-0.064823,1.0
139,15,-1.15427,1.15507,-0.0756796,1.0
139,16,0.608237,-0.547698,0.0269777,1.0
140,1,-0.0439795,0.875991,0.142,1.0
140,2,0.922068,0.950576,-0.0431867,1.0
140,3,-0.706674,2.76166,-0.0932616,1.0
140,4,2.06325,-1.43138,0.101851,1.0
140,5,-1.84632,-1.09114,-0.00967257,1.0
140,6,-0.72863,-2.09385,0.00358751,1.0
140,7,1.72824,0.0288433,-0.0607664,1.0
140,8,-0.703869,-0.0827863,-0.0371508,1.0
140,9,0.794622,-2.63181,0.0296781,1.0
140,11,-0.197731,-1.81972,-0.121726,1.0
140,13,-2.19084,0.081661,0.0156311,1.0
140,14,0.443518,-0.918209,-0.160283,1.0
140,15,-1.13213,1.13401,0.0129858,1.0
140,16,0.625571,-0.620426,0.0298891,1.0
141,1,-0.0113302,0.853846,0.0372313,1.0
141,2,0.927754,0.916475,0.00543747,1.0
141,3,-0.674693,2.7832,-0.0413216,1.0
141,4,2.08473,-1.41419,-0.0275721,1.0
141,5,-1.81053,-1.02762,-0.0777224,1.0
141,6,-0.642696,-2.11954,0.00294715,1.0
141,7,1.68953,0.0735205,-0.0698781,1.0
141,8,-0.686596,-0.100997,-0.004418,1.0
141,9,0.822777,-2.64142,-0.0179709,1.0
141,11,-0.239686,-1.80877,-0.0508908,1.0
141,13,-2.15048,0.0951691,0.0926043,1.0
141,14,0.48997,-0.854478,-0.0543897,1.0
141,15,-1.11855,1.12469,-0.0977389,1.0
141,16,0.635762,-0.697469,0.0331687,1.0
142,1,0.0305045,0.838481,-0.067064,1.0
142,2,0.933558,0.889992,0.0556341,1.0
142,3,-0.640389,2.79986,0.0110133,1.0
142,4,2.09797,-1.39948,0.04241,1.0
142,5,-1.76651,-0.976028,0.0543859,1.0
142,6,-0.558941,-2.13932,0.00264709,1.0
142,7,1.65746,0.115173,-0.0795619,1.0
142,8,-0.672912,-0.131407,0.0265903,1.0
142,9,0.852976,-2.64515,-0.0676083,1.0
142,11,-0.29291,-1.80327,0.0183217,1.0
142,13,-2.11053,0.116,-0.0303977,1.0
142,14,0.545665,-0.784845,-0.147672,1.0
142,15,-1.11457,1.12467,-0.0115794,1.0
142,16,0.642205,-0.77556,0.037644,1.0
143,1,0.0791632,0.826874,0.0246717,1.0
143,2,0.936022,0.873038,0.106894,1.0
143,3,-0.604061,2.80877,0.0653108,1.0
143,4,2.10324,-1.38516,0.111598,1.0
143,5,-1.71559,-0.940146,-0.0116581,1.0
143,6,-0.477136,-2.15054,0.00135326,1.0
143,7,1.6338,0.153358,-0.0901987,1.0
143,8,-0.661116,-0.174503,0.0583659,1.0
143,9,0.883312,-2.64236,0.0849452,1.0
143,11,-0.355823,-1.79995,-0.111227,1.0
143,13,-2.0712,0.148935,0.0439023,1.0
143,14,0.6028,-0.712997,-0.041901,1.0
143,15,-1.11637,1.13392,0.073986,1.0
143,16,0.646281,-0.850734,0.0405394,1.0
144,1,0.133496,0.817984,-0.0839927,1.0
144,2,0.931134,0.866169,-0.0397567,1.0
144,3,-0.566189,2.8123,-0.0805962,1.0
144,4,2.0989,-1.36862,-0.0173923,1.0
144,5,-1.66072,-0.917992,-0.0797466,1.0
144,6,-0.397813,-2.15402,0.000760795,1.0
144,7,1.61764,0.191122,0.0983145,1.0
144,8,-0.649228,-0.224227,0.0914965,1.0
144,9,0.915584,-2.63262,0.0379028,1.0
144,11,-0.426387,-1.79539,-0.0399793,1.0
144,13,-2.0324,0.192646,-0.082923,1.0
144,14,0.657641,-0.644819,0.0620387,1.0
144,15,-1.12213,1.15184,-0.0426817,1.0
144,16,0.649012,-0.92453,0.0426136,1.0
145,1,0.189908,0.812159,0.00519668,1.0
145,2,0.921094,0.868477,0.0107199,1.0
145,3,-0.524526,2.80917,-0.0238495,1.0
145,4,2.09008,-1.3494,0.054417,1.0
145,5,-1.60134,-0.910253,0.049906,1.0
145,6,-0.321269,-2.15196,0.00316854,1.0
145,7,1.61047,0.229346,0.0866102,1.0
145,8,-0.630172,-0.274924,-0.0745027,1.0
145,9,0.952108,-2.61752,-0.0076969,1.0
145,11,-0.500428,-1.79197,0.0315542,1.0
145,13,-1.9955,0.24385,-0.00842421,1.0
145,14,0.710334,-0.58394,-0.0335226,1.0
145,15,-1.12955,1.177,0.0393102,1.0
145,16,0.652373,-0.996156,0.0450785,1.0
146,1,0.248,0.811377,0.0977034,1.0
146,2,0.904454,0.877795,0.0582789,1.0
146,3,-0.477662,2.80002,0.032561,1.0
146,4,2.07723,-1.32725,-0.0739645,1.0
146,5,-1.54529,-0.915673,-0.0187707,1.0
146,6,-0.249729,-2.14341,0.00413827,1.0
146,7,1.61395,0.268212,0.0790423,1.0
146,8,-0.602944,-0.321149,-0.042258,1.0
146,9,0.988819,-2.59665,-0.0554349,1.0
146,11,-0.574467,-1.79171,-0.0996873,1.0
146,13,-1.96379,0.299225,0.06477,1.0
146,14,0.756503,-0.534041,-0.130405,1.0
146,15,-1.13282,1.20923,0.119873,1.0
146,16,0.655533,-1.06361,0.0470386,1.0
147,1,0.303387,0.812821,-0.00949248,1.0
147,2,0.878303,0.894932,-0.0910452,1.0
147,3,-0.432261,2.7867,-0.111089,1.0
147,4,2.05993,-1.3012,-0.00493038,1.0
147,5,-1.49797,-0.929347,-0.0858244,1.0
147,6,-0.188308,-2.1303,0.0021555,1.0
147,7,1.63168,0.306876,0.0708862,1.0
147,8,-0.569175,-0.36102,-0.0122819,1.0
147,9,1.0274,-2.57208,0.0955479,1.0
147,11,-0.641891,-1.79708,-0.0278912,1.0
147,13,-1.9379,0.354091,-0.0613915,1.0
147,14,0.793902,-0.495173,-0.0266493,1.0
147,15,-1.1294,1.24671,-0.00292755,1.0
147,16,0.659647,-1.12099,0.0516826,1.0
148,1,0.354795,0.816755,0.0837875,1.0
148,2,0.83936,0.920542,-0.0406914,1.0
148,3,-0.38869,2.7683,-0.0536304,1.0
148,4,2.0395,-1.2718,0.0632942,1.0
148,5,-1.46241,-0.946342,0.0442183,1.0
148,6,-0.13984,-2.11598,-0.000202677,1.0
148,7,1.66646,0.343209,0.0665185,1.0
148,8,-0.530526,-0.392212,0.0157484,1.0
148,9,1.07036,-2.54528,0.0469286,1.0
148,11,-0.701509,-1.81001,0.0453333,1.0
148,13,-1.91595,0.401933,0.012461,1.0
148,14,0.823519,-0.467028,-0.121023,1.0
148,15,-1.11602,1.29044,0.0735161,1.0
148,16,0.664396,-1.16971,0.0562496,1.0
149,1,0.3963,0.823939,-0.0237123,1.0
149,2,0.787018,0.95548,0.00753986,1.0
149,3,-0.343597,2.7433,0.00488953,1.0
149,4,2.01628,-1.24025,-0.0700505,1.0
149,5,-1.44025,-0.963493,-0.0265844,1.0
149,6,-0.105707,-2.09963,-0.0043281,1.0
149,7,1.71631,0.378638,0.0653865,1.0
149,8,-0.484659,-0.408798,0.0448613,1.0
149,9,1.11859,-2.51803,-0.00170338,1.0
149,11,-0.751703,-1.82851,-0.0810145,1.0
149,13,-1.89461,0.44277,0.0844181,1.0
149,14,0.843864,-0.45173,-0.0169293,1.0
149,15,-1.09032,1.3392,-0.0507616,1.0
149,16,0.670714,-1.21192,0.0609573,1.0
150,1,0.42971,0.838409,0.0672492,1.0
150,2,0.717314,0.99709,0.0565061,1.0
150,3,-0.296134,2.70948,-0.137875,1.0
150,4,1.99451,-1.20704,-0.00630967,1.0
150,5,-1.43146,-0.976357,-0.100621,1.0
150,6,-0.0847303,-2.08264,-0.011377,1.0
150,7,1.7843,0.412041,0.0652351,1.0
150,8,-0.435774,-0.413812,0.0749027,1.0
150,9,1.17083,-2.49248,-0.0498792,1.0
150,11,-0.790812,-1.85416,-0.00800913,1.0
150,13,-1.87285,0.47748,-0.0452808,1.0
150,14,0.859869,-0.446584,-0.113133,1.0
150,15,-1.0526,1.39064,0.0222382,1.0
150,16,0.674837,-1.2459,0.0695376,1.0
151,2,0.630309,1.04225,0.107867,1.0
151,3,-0.248607,2.66852,-0.0793346,1.0
151,4,1.97518,-1.17092,0.0558415,1.0
151,5,-1.43559,-0.983144,0.0261322,1.0
151,6,-0.0725076,-2.06728,-0.0213874,1.0
151,7,1.86254,0.442929,0.0645637,1.0
151,8,-0.384687,-0.405982,-0.093029,1.0
151,9,1.22767,-2.4698,0.1003,1.0
151,11,-0.822882,-1.8861,0.0661434,1.0
151,13,-1.84932,0.504746,0.0244164,1.0
151,14,0.870952,-0.444512,-0.0119328,1.0
151,15,-1.00403,1.44362,0.0931075,1.0
151,16,0.677665,-1.27237,0.0809115,1.0
151,17,1.87869,1.00166,0.00150042,1.0
152,2,0.525265,1.08773,-0.040294,1.0
152,3,-0.202117,2.62279,-0.0186969,1.0
152,4,1.96312,-1.13457,-0.0818437,1.0
152,5,-1.4487,-0.983442,-0.0445344,1.0
152,6,-0.0664066,-2.05447,-0.0338856,1.0
152,7,1.94134,0.46931,0.0624412,1.0
152,8,-0.333895,-0.387501,-0.0623046,1.0
152,9,1.2879,-2.4519,0.0511984,1.0
152,11,-0.85128,-1.92495,-0.058212,1.0
152,13,-1.82635,0.527296,0.0956473,1.0
152,14,0.877612,-0.436442,-0.112512,1.0
152,15,-0.948205,1.4989,-0.0383148,1.0
152,16,0.67742,-1.29088,0.0939318,1.0
152,17,1.88283,1.00144,0.00512804,1.0
153,2,0.411811,1.13225,0.0115786,1.0
153,3,-0.150667,2.57373,0.04214,1.0
153,4,1.95797,-1.09771,-0.0192082,1.0
153,5,-1.47,-0.974979,-0.116012,1.0
153,6,-0.0684538,-2.04432,-0.0458536,1.0
153,7,2.01282,0.493055,0.0605911,1.0
153,8,-0.286864,-0.360907,-0.0327767,1.0
153,9,1.34941,-2.4369,0.00340467,1.0
153,11,-0.875878,-1.9711,0.0166486,1.0
153,13,-1.79904,0.545274,-0.0318277,1.0
153,14,0.88255,-0.415581,-0.213537,1.0
153,15,-0.887921,1.55243,0.0303181,1.0
153,16,0.673748,-1.30653,-0.0910667,1.0
153,17,1.88496,0.999889,0.00975671,1.0
154,2,0.302162,1.17209,0.0627788,1.0
154,3,-0.0903388,2.52785,-0.0940216,1.0
154,4,1.9594,-1.05943,0.0449523,1.0
154,5,-1.49874,-0.956007,0.0121807,1.0
154,6,-0.0756967,-2.03395,-0.0578885,1.0
154,7,2.0785,0.515153,0.059428,1.0
154,8,-0.247145,-0.326619,-0.00152256,1.0
154,9,1.40927,-2.42503,-0.0443012,1.0
154,11,-0.894327,-2.02438,0.0921054,1.0
154,13,-1.76642,0.55947,0.0430425,1.0
154,14,0.889246,-0.380002,0.0858572,1.0
154,15,-0.832531,1.5977,-0.0980229,1.0
154,16,0.670288,-1.31853,-0.078158,1.0
154,17,1.88232,0.998745,0.0153328,1.0
155,2,0.204679,1.20235,-0.0811099,1.0
155,3,-0.0240286,2.49118,-0.0262981,1.0
155,4,1.9689,-1.02178,-0.0899844,1.0
155,5,-1.5316,-0.927901,-0.0593377,1.0
155,6,-0.0851225,-2.02523,-0.0694899,1.0
155,7,2.13643,0.534666,0.0578667,1.0
155,8,-0.222273,-0.287191,0.0330735,1.0
155,9,1.46743,-2.41604,0.105369,1.0
155,11,-0.911529,-2.08103,-0.0344121,1.0
155,13,-1.72685,0.570785,-0.0815381,1.0
155,14,0.900204,-0.327635,-0.0154416,1.0
155,15,-0.789153,1.63264,-0.0205775,1.0
155,16,0.668136,-1.33172,-0.0690165,1.0
155,17,1.87279,0.995878,0.0231451,1.0
156,2,0.122261,1.21892,-0.0254622,1.0
156,3,0.0481223,2.46458,0.040935,1.0
156,4,1.98433,-0.982342,-0.0216523,1.0
156,5,-1.56415,-0.891299,0.0685392,1.0
156,6,-0.0966153,-2.01801,-0.0785717,1.0
156,7,2.18207,0.552059,0.0553575,1.0
156,8,-0.211506,-0.242668,0.0686266,1.0
156,9,1.52166,-2.40943,0.0551843,1.0
156,11,-0.927019,-2.14006,0.0374433,1.0
156,13,-1.6797,0.579495,-0.00675327,1.0
156,14,0.913551,-0.260542,-0.117131,1.0
156,15,-0.760353,1.66235,0.0575167,1.0
156,16,0.663237,-1.34671,-0.0618345,1.0
156,17,1.85505,0.993065,0.0325292,1.0
157,2,0.0529219,1.21893,0.0297701,1.0
157,3,0.128583,2.45057,-0.092829,1.0
157,4,2.00467,-0.938903,0.0471867,1.0
157,5,-1.59107,-0.852732,-0.00140144,1.0
157,6,-0.10958,-2.01171,-0.0866532,1.0
157,7,2.22007,0.568154,0.0516984,1.0
157,8,-0.213473,-0.197466,-0.0979603,1.0
157,9,1.5721,-2.40444,0.00498794,1.0
157,11,-0.944869,-2.20004,-0.0893988,1.0
157,13,-1.62928,0.584314,0.070382,1.0
157,14,0.930205,-0.176527,-0.0178321,1.0
157,15,-0.747583,1.68597,-0.0643491,1.0
157,16,0.657474,-1.36487,-0.0574553,1.0
157,17,1.82954,0.986696,0.0407077,1.0
158,2,-0.00742044,1.20392,0.0849552,1.0
158,3,0.217005,2.44974,-0.0306391,1.0
158,4,2.02728,-0.895356,-0.0877116,1.0
158,5,-1.61125,-0.816233,-0.069926,1.0
158,6,-0.122481,-2.00646,-0.096222,1.0
158,7,2.25125,0.584848,0.0500083,1.0
158,8,-0.228767,-0.153557,-0.0651552,1.0
158,9,1.61777,-2.40012,-0.0446165,1.0
158,11,-0.962245,-2.25645,-0.0135311,1.0
158,13,-1.57646,0.587439,-0.0500326,1.0
158,14,0.94854,-0.0789134,-0.120431,1.0
158,15,-0.74995,1.70436,0.0162201,1.0
158,16,0.65135,-1.38331,-0.0531786,1.0
158,17,1.79651,0.98275,0.0472525,1.0
159,2,-0.0579166,1.17634,-0.0612129,1.0
159,3,0.312649,2.45845,0.0306664,1.0
159,4,2.04834,-0.850738,-0.0233896,1.0
159,5,-1.6233,-0.785258,0.0645815,1.0
159,6,-0.13527,-2.00056,0.0940198,1.0
159,7,2.27788,0.602051,0.0477255,1.0
159,8,-0.25315,-0.116711,-0.0344993,1.0
159,9,1.65927,-2.39268,0.106702,1.0
159,11,-0.980102,-2.31182,0.062146,1.0
159,13,-1.51982,0.587215,0.0308709,1.0
159,14,0.965207,0.0252083,-0.0214404,1.0
159,15,-0.761271,1.71871,0.0979134,1.0
159,16,0.643587,-1.39683,-0.0513182,1.0
159,17,1.75497,0.980316,0.052231,1.0
160,2,-0.0985093,1.13965,-0.0072733,1.0
160,3,0.416499,2.46964,0.0925105,1.0
160,4,2.06581,-0.807297,0.0413377,1.0
160,5,-1.63079,-0.761965,-0.000496005,1.0
160,6,-0.148851,-1.99391,0.0888659,1.0
160,7,2.30141,0.619304,0.0450682,1.0
160,8,-0.285483,-0.0922329,-0.00647827,1.0
160,9,1.69527,-2.38137,0.0585138,1.0
160,11,-1.00022,-2.36401,-0.0595641,1.0
160,13,-1.4621,0.583307,-0.0856781,1.0
160,14,0.976924,0.123691,0.0753924,1.0
160,15,-0.779405,1.73479,-0.016953,1.0
160,16,0.638932,-1.40121,-0.0531785,1.0
160,17,1.70971,0.985185,0.0585536,1.0
161,2,-0.12827,1.10288,0.0459879,1.0
161,3,0.524844,2.48215,-0.048829,1.0
161,4,2.07921,-0.766539,0.105467,1.0
161,5,-1.63223,-0.746517,-0.0653142,1.0
161,6,-0.160559,-1.98677,0.0883622,1.0
161,7,2.32252,0.638228,0.0445992,1.0
161,8,-0.318353,-0.0795922,0.0226766,1.0
161,9,1.72774,-2.36805,0.00967161,1.0
161,11,-1.02577,-2.41378,0.01996,1.0
161,13,-1.40672,0.578728,0.000779835,1.0
161,14,0.978041,0.214415,-0.0274284,1.0
161,15,-0.803788,1.75453,0.0696387,1.0
161,16,0.639805,-1.39577,-0.0579125,1.0
161,17,1.66247,0.999024,0.0650458,1.0
162,2,-0.146884,1.07006,0.0995804,1.0
162,3,0.633659,2.492,0.00821215,1.0
162,4,2.08547,-0.727312,-0.0308292,1.0
162,5,-1.62839,-0.740581,0.0703151,1.0
162,6,-0.170548,-1.9773,0.0945063,1.0
162,7,2.34353,0.657712,0.0446075,1.0
162,8,-0.348188,-0.0839402,0.0507514,1.0
162,9,1.75411,-2.354,-0.0386804,1.0
162,11,-1.05938,-2.46361,-0.0999184,1.0
162,13,-1.35811,0.574387,0.0903126,1.0
162,14,0.966999,0.295017,-0.131243,1.0
162,15,-0.83062,1.78622,0.154573,1.0
162,16,0.644479,-1.38213,-0.0667804,1.0
162,17,1.60912,1.02357,0.0750816,1.0
163,2,-0.151644,1.04317,-0.0461373,1.0
163,3,0.737747,2.49639,0.0638308,1.0
163,4,2.08357,-0.690875,0.0305853,1.0
163,5,-1.62163,-0.742905,0.0057238,1.0
163,6,-0.179742,-1.96132,-0.0931393,1.0
163,7,2.3658,0.678358,0.043159,1.0
163,8,-0.368399,-0.105894,0.0768594,1.0
163,9,1.77438,-2.33846,-0.0850533,1.0
163,11,-1.10227,-2.51487,-0.0199996,1.0
163,13,-1.3195,0.571545,-0.0198029,1.0
163,14,0.945817,0.365576,-0.037974,1.0
163,15,-0.858079,1.83166,0.0410325,1.0
163,16,0.655046,-1.35829,-0.0748709,1.0
163,17,1.54963,1.05786,0.089028,1.0
164,2,-0.14088,1.02354,0.00815506,1.0
164,3,0.836975,2.49657,-0.0790447,1.0
164,4,2.07042,-0.656491,0.0916349,1.0
164,5,-1.6134,-0.754425,-0.0598527,1.0
164,6,-0.189395,-1.93947,-0.0832706,1.0
164,7,2.39128,0.696625,0.040625,1.0
164,8,-0.375889,-0.148334,-0.0958142,1.0
164,9,1.78865,-2.31581,0.070155,1.0
164,11,-1.15496,-2.56875,0.0605818,1.0
164,13,-1.2921,0.570421,0.0682419,1.0
164,14,0.921895,0.422059,-0.147058,1.0
164,15,-0.885573,1.8885,-0.0675352,1.0
164,16,0.672619,-1.32088,-0.0823223,1.0
164,17,1.48222,1.10406,-0.0946694,1.0
165,2,-0.117455,1.01165,0.0647721,1.0
165,3,0.930872,2.49102,-0.0229693,1.0
165,4,2.04859,-0.62681,-0.0479131,1.0
165,5,-1.60326,-0.772088,0.0750425,1.0
165,6,-0.198969,-1.91346,-0.0737124,1.0
165,7,2.42387,0.713367,0.0364514,1.0
165,8,-0.372859,-0.207565,-0.0690653,1.0
165,9,1.79682,-2.28999,0.0242343,1.0
165,11,-1.215,-2.62312,-0.0563219,1.0
165,13,-1.27647,0.573658,-0.0436179,1.0
165,14,0.896093,0.466993,-0.0548251,1.0
165,15,-0.915755,1.95481,0.0223481,1.0
165,16,0.693803,-1.26868,-0.0878601,1.0
165,17,1.40316,1.15829,-0.0762266,1.0
166,2,-0.0869041,1.00711,-0.0752187,1.0
166,3,1.01981,2.48198,0.0338147,1.0
166,4,2.01811,-0.600982,0.0129267,1.0
166,5,-1.59431,-0.793081,0.00963614,1.0
166,6,-0.213858,-1.88395,-0.0636107,1.0
166,7,2.46021,0.727713,0.0354132,1.0
166,8,-0.361989,-0.279672,-0.0460136,1.0
166,9,1.79737,-2.26144,-0.022559,1.0
166,11,-1.28034,-2.67791,0.0277427,1.0
166,13,-1.27335,0.580963,0.0425221,1.0
166,14,0.873809,0.49695,0.0391669,1.0
166,15,-0.949275,2.0273,-0.0916857,1.0
166,16,0.720276,-1.20422,-0.091418,1.0
166,17,1.31273,1.21867,-0.058653,1.0
167,2,-0.0575921,1.00916,-0.0181405,1.0
167,3,1.10002,2.47655,-0.110512,1.0
167,4,1.98066,-0.575044,0.0737316,1.0
167,5,-1.58312,-0.820856,-0.057319,1.0
167,6,-0.230745,-1.84965,-0.0549051,1.0
167,7,2.49683,0.739974,0.0349915,1.0
167,8,-0.344423,-0.359697,-0.0253167,1.0
167,9,1.79021,-2.23318,-0.0679607,1.0
167,11,-1.34533,-2.73049,-0.0908896,1.0
167,13,-1.28224,0.59171,-0.0701865,1.0
167,14,0.856698,0.511784,-0.0658271,1.0
167,15,-0.981736,2.10017,-0.00666612,1.0
167,16,0.752263,-1.13156,-0.0944114,1.0
167,17,1.21988,1.27813,-0.0425068,1.0
168,2,-0.0375929,1.01876,0.0374364,1.0
168,3,1.17471,2.47438,-0.0535118,1.0
168,4,1.93843,-0.548938,-0.0656144,1.0
168,5,-1.57004,-0.851913,0.075155,1.0
168,6,-0.252674,-1.81925,-0.0453842,1.0
168,7,2.52775,0.752412,0.0342127,1.0
168,8,-0.320623,-0.440151,-0.00277389,1.0
168,9,1.77567,-2.20075,0.0874115,1.0
168,11,-1.40904,-2.7774,-0.0130155,1.0
168,13,-1.29975,0.60467,0.0168979,1.0
168,14,0.843817,0.514963,-0.169872,1.0
168,15,-1.01152,2.17004,0.0767739,1.0
168,16,0.789029,-1.05321,-0.0978369,1.0
168,17,1.1305,1.3332,-0.0274153,1.0
169,2,-0.0331796,1.03292,0.0948049,1.0
169,3,1.24516,2.48033,0.00234638,1.0
169,4,1.89609,-0.524356,-0.0043756,1.0
169,5,-1.56061,-0.884863,0.00698187,1.0
169,6,-0.279336,-1.79579,-0.0315435,1.0
169,7,2.55119,0.76822,0.0316958,1.0
169,8,-0.294683,-0.513126,0.0185559,1.0
169,9,1.75552,-2.16336,0.0411064,1.0
169,11,-1.46835,-2.81954,0.0650604,1.0
169,13,-1.32026,0.619029,-0.098855,1.0
169,14,0.834762,0.504651,-0.0743868,1.0
169,15,-1.03638,2.23846,-0.0403321,1.0
169,16,0.82511,-0.976156,0.0966683,1.0
169,17,1.04842,1.38282,-0.0128273,1.0
170,2,-0.0486061,1.04808,-0.0458439,1.0
170,3,1.31171,2.4917,0.0585368,1.0
170,4,1.85527,-0.498817,0.0554531,1.0
170,5,-1.55277,-0.92018,-0.0607261,1.0
170,6,-0.308026,-1.77609,-0.0177306,1.0
170,7,2.56643,0.783669,0.0299243,1.0
170,8,-0.270909,-0.570953,0.0383331,1.0
170,9,1.73015,-2.124,-0.00613687,1.0
170,11,-1.52375,-2.85674,-0.0578342,1.0
170,13,-1.34013,0.633396,-0.0166942,1.0
170,14,0.829759,0.481322,0.0191076,1.0
170,15,-1.05814,2.30054,0.0429504,1.0
170,16,0.856038,-0.904148,0.0920091,1.0
170,17,0.972843,1.42623,0.00169626,1.0
171,2,-0.0837153,1.06576,0.0146284,1.0
171,3,1.37389,2.51222,-0.087595,1.0
171,4,1.82277,-0.469101,-0.0848862,1.0
171,5,-1.54684,-0.957768,0.0743099,1.0
171,6,-0.335281,-1.76294,-0.00450235,1.0
171,7,2.57264,0.799472,0.0280297,1.0
171,8,-0.252701,-0.611427,0.05794,1.0
171,9,1.69605,-2.0818,-0.0525601,1.0
171,11,-1.57211,-2.8888,0.0193134,1.0
171,13,-1.35769,0.646304,0.0645089,1.0
171,14,0.829621,0.446761,-0.0868811,1.0
171,15,-1.07611,2.35686,0.125849,1.0
171,16,0.884209,-0.839853,0.0924048,1.0
171,17,0.902351,1.46995,0.0171086,1.0
172,2,-0.138843,1.08087,0.0763332,1.0
172,3,1.43498,2.53767,-0.034056,1.0
172,4,1.79743,-0.437722,-0.0280473,1.0
172,5,-1.53948,-0.996007,0.00967913,1.0
172,6,-0.362113,-1.75917,0.00875712,1.0
172,7,2.56729,0.815242,0.0266061,1.0
172,8,-0.242608,-0.634188,0.0775718,1.0
172,9,1.65398,-2.03765,-0.0977308,1.0
172,11,-1.6108,-2.91718,0.0968278,1.0
172,13,-1.3719,0.655373,-0.0543412,1.0
172,14,0.833039,0.401975,0.00776352,1.0
172,15,-1.08886,2.40756,0.00714403,1.0
172,16,0.908759,-0.784707,0.0956876,1.0
172,17,0.837572,1.52084,0.0342062,1.0
173,2,-0.20787,1.09477,-0.0617413,1.0
173,3,1.49734,2.5644,0.019524,1.0
173,4,1.7817,-0.407357,0.0256731,1.0
173,5,-1.53395,-1.02951,-0.054332,1.0
173,6,-0.385737,-1.76619,0.021811,1.0
173,7,2.55289,0.830167,0.0220635,1.0
173,8,-0.239305,-0.637479,0.096675,1.0
173,9,1.60572,-1.99228,0.0542682,1.0
173,11,-1.64096,-2.93925,-0.023883,1.0
173,13,-1.38644,0.661059,0.0249054,1.0
173,14,0.834247,0.351407,-0.0984599,1.0
173,15,-1.09772,2.45205,0.0878748,1.0
173,16,0.928189,-0.741087,-0.0968926,1.0
173,17,0.776994,1.58136,0.0530494,1.0
174,2,-0.284955,1.10788,0.00169924,1.0
174,3,1.56057,2.59232,-0.128045,1.0
174,4,1.77632,-0.380892,0.0796692,1.0
174,5,-1.53216,-1.05786,0.0819291,1.0
174,6,-0.404269,-1.78667,0.0353374,1.0
174,7,2.52607,0.844262,0.0177413,1.0
174,8,-0.241347,-0.625542,-0.0835458,1.0
174,9,1.5516,-1.94355,0.00637854,1.0
174,11,-1.66701,-2.953,0.0552182,1.0
174,13,-1.40541,0.664644,0.104465,1.0
174,14,0.830535,0.303343,-0.00367068,1.0
174,15,-1.10266,2.48833,-0.0304324,1.0
174,16,0.943652,-0.709509,-0.0872169,1.0
174,17,0.7181,1.64828,0.0743011,1.0
175,2,-0.367724,1.11917,0.0644406,1.0
175,3,1.62353,2.62003,-0.0768236,1.0
175,4,1.7808,-0.359761,-0.062972,1.0
175,5,-1.5328,-1.08171,0.0161805,1.0
175,6,-0.416388,-1.81635,0.0499314,1.0
175,7,2.48712,0.861506,0.0147155,1.0
175,8,-0.249045,-0.598888,-0.0663322,1.0
175,9,1.48899,-1.89313,-0.039819,1.0
175,11,-1.68698,-2.95936,-0.067417,1.0
175,13,-1.42942,0.66342,-0.0129924,1.0
175,14,0.824301,0.266177,0.092543,1.0
175,15,-1.10222,2.51829,0.0498636,1.0
175,16,0.955892,-0.691163,-0.0794259,1.0
175,17,0.660778,1.71796,0.098078,1.0
176,2,-0.447443,1.12842,-0.0718657,1.0
176,3,1.68752,2.64322,-0.0251623,1.0
176,4,1.79351,-0.344481,-0.00660167,1.0
176,5,-1.53591,-1.09903,-0.0469368,1.0
176,6,-0.417309,-1.85686,0.0639978,1.0
176,7,2.43873,0.879311,0.00892677,1.0
176,8,-0.264787,-0.558726,-0.0508131,1.0
176,9,1.41817,-1.8434,0.114044,1.0
176,11,-1.70117,-2.95671,0.00900443,1.0
176,13,-1.45907,0.655605,0.0679698,1.0
176,14,0.810172,0.247857,-0.0102582,1.0
176,15,-1.09419,2.54286,-0.0716647,1.0
176,16,0.963969,-0.68051,-0.0739059,1.0
176,17,0.604498,1.78547,-0.0776103,1.0
177,2,-0.521917,1.13469,-0.0112858,1.0
177,3,1.74724,2.66422,0.0281122,1.0
177,4,1.81529,-0.336396,0.0504195,1.0
177,5,-1.54091,-1.11007,-0.110002,1.0
177,6,-0.410241,-1.90725,0.0785957,1.0
177,7,2.37915,0.898834,0.000531112,1.0
177,8,-0.291208,-0.507026,-0.0376353,1.0
177,9,1.34262,-1.80043,0.0685653,1.0
177,11,-1.7065,-2.94636,-0.115294,1.0
177,13,-1.49474,0.639392,-0.0483577,1.0
177,14,0.786442,0.250704,-0.112079,1.0
177,15,-1.07977,2.56046,0.00671901,1.0
177,16,0.965774,-0.674715,-0.0710139,1.0
177,17,0.548158,1.85094,-0.0540803,1.0
178,2,-0.588223,1.13734,0.0461898,1.0
178,3,1.80512,2.68042,-0.119135,1.0
178,4,1.84395,-0.335732,0.110844,1.0
178,5,-1.54841,-1.11804,0.0285152,1.0
178,6,-0.398249,-1.95938,0.0948353,1.0
178,7,2.31013,0.922853,-0.011105,1.0
178,8,-0.325337,-0.450926,-0.0258344,1.0
178,9,1.26609,-1.76691,0.0245503,1.0
178,11,-1.70406,-2.92833,-0.0398236,1.0
178,13,-1.53845,0.614935,0.0350784,1.0
178,14,0.753516,0.271509,-0.00908152,1.0
178,15,-1.06196,2.57288,0.0851226,1.0
178,16,0.962947,-0.671645,-0.0714486,1.0
178,17,0.492835,1.91755,-0.0306932,1.0
179,2,-0.643529,1.13828,-0.0963247,1.0
179,3,1.85518,2.69102,-0.0655672,1.0
179,4,1.87945,-0.338752,-0.0273126,1.0
179,5,-1.55523,-1.12217,-0.03067,1.0
179,6,-0.381781,-2.00955,-0.085965,1.0
179,7,2.23604,0.949559,-0.0234761,1.0
179,8,-0.365984,-0.396027,-0.0156853,1.0
179,9,1.18723,-1.74105,-0.0169722,1.0
179,11,-1.69513,-2.90476,0.0366594,1.0
179,13,-1.58839,0.585511,-0.0852353,1.0
179,14,0.713633,0.310453,0.0987531,1.0
179,15,-1.04124,2.57914,-0.0352165,1.0
179,16,0.952741,-0.670422,-0.0760445,1.0
179,17,0.43903,1.98299,-0.00798515,1.0
180,2,-0.686892,1.13863,-0.0391704,1.0
180,3,1.90169,2.69722,-0.0127132,1.0
180,4,1.92457,-0.342932,0.0353074,1.0
180,5,-1.5609,-1.12557,-0.0925693,1.0
180,6,-0.363042,-2.05734,-0.0668402,1.0
180,7,2.15622,0.980149,-0.034969,1.0
180,8,-0.410852,-0.343157,-0.0055183,1.0
180,9,1.1089,-1.72304,-0.0602567,1.0
180,11,-1.68293,-2.87396,-0.0887093,1.0
180,13,-1.64398,0.551115,-0.00515587,1.0
180,14,0.668944,0.366427,-0.191475,1.0
180,15,-1.01474,2.58414,0.0443016,1.0
180,16,0.933541,-0.673742,-0.0843158,1.0
180,17,0.388498,2.04676,0.015077,1.0
181,2,-0.720533,1.14291,0.0149506,1.0
181,3,1.94105,2.69652,0.040825,1.0
181,4,1.97603,-0.34876,0.100001,1.0
181,5,-1.56516,-1.12603,0.0435617,1.0
181,6,-0.343506,-2.09987,-0.0500057,1.0
181,7,2.07051,1.01567,-0.0452563,1.0
181,8,-0.459785,-0.293367,0.00620562,1.0
181,9,1.02834,-1.71057,0.096247,1.0
181,11,-1.66553,-2.83753,-0.0122736,1.0
181,13,-1.70867,0.511666,0.0756831,1.0
181,14,0.622587,0.437396,-0.082815,1.0
181,15,-0.985761,2.58396,0.123009,1.0
181,16,0.90294,-0.679208,-0.0939768,1.0
181,17,0.341486,2.11083,0.0403118,1.0
182,2,-0.742406,1.15071,0.0655348,1.0
182,3,1.974,2.69008,-0.106391,1.0
182,4,2.03483,-0.357194,-0.0333685,1.0
182,5,-1.56551,-1.12434,-0.0217809,1.0
182,6,-0.323326,-2.13553,-0.035322,1.0
182,7,1.97741,1.05489,-0.0544391,1.0
182,8,-0.51052,-0.249515,0.0190786,1.0
182,9,0.949922,-1.7055,0.0541365,1.0
182,11,-1.64413,-2.79854,0.0640385,1.0
182,13,-1.78016,0.466757,-0.0429247,1.0
182,14,0.57718,0.519085,-0.175295,1.0
182,15,-0.95629,2.58165,-8.03933e-05,1.0
182,16,0.862379,-0.688684,0.0913068,1.0
182,17,0.301931,2.16881,0.0672557,1.0
183,2,-0.755527,1.15968,-0.0823439,1.0
183,3,1.99718,2.67874,-0.051815,1.0
183,4,2.09798,-0.36439,0.0326177,1.0
183,5,-1.56249,-1.12244,-0.0916318,1.0
183,6,-0.304736,-2.16365,-0.022017,1.0
183,7,1.87887,1.0967,-0.0638244,1.0
183,8,-0.559562,-0.213062,0.0322384,1.0
183,9,0.87772,-1.70625,0.00980289,1.0
183,11,-1.61711,-2.75396,-0.0599371,1.0
183,13,-1.85348,0.41649,0.0354934,1.0
183,14,0.531936,0.608104,-0.0710009,1.0
183,15,-0.930357,2.57822,0.0786236,1.0
183,16,0.810376,-0.695531,0.0789712,1.0
183,17,0.273568,2.22211,0.0951456,1.0
184,2,-0.764513,1.16932,-0.0288881,1.0
184,3,2.01144,2.66119,0.00613157,1.0
184,4,2.16102,-0.371023,0.0968617,1.0
184,5,-1.55619,-1.12475,0.0363112,1.0
184,6,-0.290869,-2.1878,-0.00785395,1.0
184,7,1.77523,1.13706,-0.0753931,1.0
184,8,-0.604217,-0.180897,0.0434048,1.0
184,9,0.80969,-1.71227,-0.0381025,1.0
184,11,-1.58709,-2.70604,0.0162965,1.0
184,13,-1.92579,0.363593,-0.0862931,1.0
184,14,0.489368,0.700635,0.0309901,1.0
184,15,-0.911137,2.57119,-0.0442676,1.0
184,16,0.749707,-0.693007,0.0708177,1.0
184,17,0.257874,2.26869,-0.0751271,1.0
185,2,-0.775054,1.17793,0.02302,1.0
185,3,2.01823,2.63706,0.0673179,1.0
185,4,2.21827,-0.377204,-0.0387243,1.0
185,5,-1.5475,-1.13198,-0.0346689,1.0
185,6,-0.280859,-2.20818,0.00564296,1.0
185,7,1.66895,1.17413,-0.0861017,1.0
185,8,-0.640527,-0.154355,0.053847,1.0
185,9,0.749384,-1.72075,0.114998,1.0
185,11,-1.55635,-2.65327,-0.108651,1.0
185,13,-1.9968,0.312724,-0.00849431,1.0
185,14,0.448613,0.787368,-0.0657108,1.0
185,15,-0.900204,2.55977,0.0333769,1.0
185,16,0.68477,-0.680629,0.0651778,1.0
185,17,0.256576,2.3113,-0.0452893,1.0
186,2,-0.790874,1.18768,0.0749235,1.0
186,3,2.01655,2.60811,-0.0704039,1.0
186,4,2.26446,-0.382752,0.0275027,1.0
186,5,-1.53441,-1.14322,0.0951533,1.0
186,6,-0.278746,-2.22597,0.0193388,1.0
186,7,1.56534,1.20908,-0.0928607,1.0
186,8,-0.668578,-0.130181,0.0653842,1.0
186,9,0.697898,-1.73245,0.0685932,1.0
186,11,-1.52482,-2.59862,-0.0346005,1.0
186,13,-2.06411,0.26298,0.0680758,1.0
186,14,0.410274,0.866633,0.0369648,1.0
186,15,-0.896724,2.55024,-0.0884143,1.0
186,16,0.617294,-0.655316,0.0592293,1.0
186,17,0.267951,2.34919,-0.0196079,1.0
187,2,-0.812583,1.19889,-0.0719872,1.0
187,3,2.00537,2.57628,-0.00614592,1.0
187,4,2.30111,-0.386311,0.093412,1.0
187,5,-1.51606,-1.1557,0.0278035,1.0
187,6,-0.280589,-2.24359,0.0335396,1.0
187,7,1.46611,1.24345,-0.0962217,1.0
187,8,-0.69239,-0.106546,0.0759935,1.0
187,9,0.657234,-1.74644,0.0211454,1.0
187,11,-1.49666,-2.54104,0.0389091,1.0
187,13,-2.12573,0.214934,-0.0539809,1.0
187,14,0.370712,0.939357,-0.0604274,1.0
187,15,-0.901129,2.54084,-0.00954279,1.0
187,16,0.551682,-0.620243,0.0543905,1.0
187,17,0.292634,2.38431,0.00362831,1.0
188,2,-0.840312,1.2097,-0.0176915,1.0
188,3,1.98877,2.54339,0.0573316,1.0
188,4,2.32546,-0.387194,-0.0418519,1.0
188,5,-1.49399,-1.16888,-0.0362634,1.0
188,6,-0.285104,-2.26101,0.0488419,1.0
188,7,1.37495,1.27406,-0.0992531,1.0
188,8,-0.713598,-0.0873807,0.0885091,1.0
188,9,0.628308,-1.75903,-0.0262791,1.0
188,11,-1.47171,-2.48371,-0.0862,1.0
188,13,-2.17892,0.168907,0.0233285,1.0
188,14,0.327877,1.001,0.0456838,1.0
188,15,-0.913033,2.53057,0.0685263,1.0
188,16,0.487384,-0.572585,0.0474719,1.0
188,17,0.330041,2.41813,0.0262205,1.0
189,2,-0.873174,1.21932,0.03662,1.0
189,3,1.96312,2.51188,-0.0762181,1.0
189,4,2.33676,-0.386698,0.0220966,1.0
189,5,-1.46618,-1.17686,-0.100279,1.0
189,6,-0.290702,-2.27914,0.0634641,1.0
189,7,1.28817,1.29793,0.0952741,1.0
189,8,-0.73291,-0.0689435,0.102126,1.0
189,9,0.608176,-1.77115,0.126884,1.0
189,11,-1.44902,-2.43115,-0.0127612,1.0
189,13,-2.22388,0.12569,0.0986626,1.0
189,14,0.285028,1.05323,-0.244716,1.0
189,15,-0.933171,2.52073,0.14553,1.0
189,16,0.429308,-0.514884,0.038348,1.0
189,17,0.37633,2.45353,0.0510265,1.0
190,2,-0.911986,1.22706,0.0935243,1.0
190,3,1.93187,2.48053,-0.00717023,1.0
190,4,2.3353,-0.385589,0.0830349,1.0
190,5,-1.4336,-1.17938,0.0341448,1.0
190,6,-0.292554,-2.29771,0.0776287,1.0
190,7,1.20583,1.31404,0.0947196,1.0
190,8,-0.754107,-0.0520997,-0.0856115,1.0
190,9,0.596237,-1.78131,0.0784088,1.0
190,11,-1.43267,-2.38598,0.0575187,1.0
190,13,-2.26167,0.0840428,-0.0280793,1.0
190,14,0.242127,1.09744,-0.138144,1.0
190,15,-0.956757,2.51551,0.0203123,1.0
190,16,0.377043,-0.451756,0.0323107,1.0
190,17,0.428018,2.48687,0.0773388,1.0
191,2,-0.958282,1.23361,-0.0460841,1.0
191,3,1.89788,2.44624,0.0618369,1.0
191,4,2.32523,-0.383365,-0.0580861,1.0
191,5,-1.397,-1.17534,-0.029694,1.0
191,6,-0.292902,-2.31602,0.0930769,1.0
191,7,1.1283,1.32538,0.0962513,1.0
191,8,-0.776213,-0.0364248,-0.0778718,1.0
191,9,0.594054,-1.78785,0.0294375,1.0
191,11,-1.4253,-2.3505,-0.0753855,1.0
191,13,-2.29098,0.0462525,0.0450243,1.0
191,14,0.197554,1.13297,-0.0348892,1.0
191,15,-0.981656,2.51411,0.0951905,1.0
191,16,0.332631,-0.383834,0.0297143,1.0
191,17,0.478492,2.52166,-0.0946226,1.0
192,2,-1.01304,1.23886,0.0161759,1.0
192,3,1.85964,2.41283,-0.0671173,1.0
192,4,2.30588,-0.379868,-0.000421746,1.0
192,5,-1.35999,-1.16543,-0.0893945,1.0
192,6,-0.291651,-2.3341,-0.090002,1.0
192,7,1.05702,1.32762,0.100911,1.0
192,8,-0.802651,-0.0179475,-0.0729787,1.0
192,9,0.600621,-1.786,-0.0210081,1.0
192,11,-1.42559,-2.32263,-0.00850371,1.0
192,13,-2.31276,0.0100848,0.119248,1.0
192,14,0.155908,1.15794,-0.131539,1.0
192,15,-1.0034,2.51524,0.170215,1.0
192,16,0.2991,-0.315496,0.0298536,1.0
192,17,0.523078,2.55862,-0.0653339,1.0
193,2,-1.07704,1.2433,0.0785736,1.0
193,3,1.82106,2.37794,0.0040948,1.0
193,4,2.27479,-0.375035,0.0576754,1.0
193,5,-1.31923,-1.14961,0.0537511,1.0
193,6,-0.290855,-2.35393,-0.0725118,1.0
193,7,0.988447,1.31881,-0.0963256,1.0
193,8,-0.830644,0.00232668,-0.0701913,1.0
193,9,0.615758,-1.7755,0.128129,1.0
193,11,-1.43184,-2.30264,0.0576586,1.0
193,13,-2.32874,-0.0258177,-0.00495581,1.0
193,14,0.117475,1.17786,-0.0294066,1.0
193,15,-1.02005,2.51893,0.0468921,1.0
193,16,0.277262,-0.249475,0.0320887,1.0
193,17,0.558389,2.59769,-0.0369423,1.0
194,2,-1.15052,1.24725,-0.0576638,1.0
194,3,1.78629,2.34194,0.0755827,1.0
194,4,2.23161,-0.370788,-0.0860198,1.0
194,5,-1.27532,-1.12793,-0.00297863,1.0
194,6,-0.288684,-2.37509,-0.0557086,1.0
194,7,0.922821,1.30058,-0.0963862,1.0
194,8,-0.860739,0.0233155,-0.0704092,1.0
194,9,0.640597,-1.7542,0.0824333,1.0
194,11,-1.44884,-2.29212,-0.0758007,1.0
194,13,-2.33714,-0.0588583,0.0705819,1.0
194,14,0.0812469,1.19552,0.0738169,1.0
194,15,-1.0313,2.52438,-0.0782437,1.0
194,16,0.26841,-0.187714,0.036588,1.0
194,17,0.581991,2.64251,-0.0114279,1.0
195,2,-1.23291,1.24998,0.00495639,1.0
195,3,1.75649,2.30544,-0.0530023,1.0
195,4,2.17491,-0.365788,-0.030511,1.0
195,5,-1.22663,-1.10463,-0.0580167,1.0
195,6,-0.282421,-2.3982,-0.0421221,1.0
195,7,0.856595,1.27098,-0.0967488,1.0
195,8,-0.89403,0.0434252,-0.0737494,1.0
195,9,0.672904,-1.72081,0.0382118,1.0
195,11,-1.47495,-2.28424,-0.00975907,1.0
195,13,-2.33855,-0.0905432,-0.0527757,1.0
195,14,0.0431661,1.21188,-0.0227985,1.0
195,15,-1.03752,2.53106,-0.00476898,1.0
195,16,0.266668,-0.134219,0.0420149,1.0
195,17,0.590634,2.68892,0.0123596,1.0
196,2,-1.32106,1.25125,0.0674867,1.0
196,3,1.73368,2.26607,0.0192012,1.0
196,4,2.10957,-0.358516,0.0264984,1.0
196,5,-1.17181,-1.07894,0.0903271,1.0
196,6,-0.271108,-2.42302,-0.0304706,1.0
196,7,0.792033,1.23416,-0.098571,1.0
196,8,-0.9282,0.0647361,-0.0779205,1.0
196,9,0.712548,-1.67828,-0.00512148,1.0
196,11,-1.5072,-2.28187,0.0553259,1.0
196,13,-2.33099,-0.119123,0.0238689,1.0
196,14,0.00365879,1.23336,0.0809584,1.0
196,15,-1.03651,2.53981,0.0667728,1.0
196,16,0.272638,-0.092083,0.0517591,1.0
196,17,0.586113,2.73534,0.0354619,1.0
197,2,-1.41241,1.25344,-0.0699617,1.0
197,3,1.71403,2.22127,-0.108433,1.0
197,4,2.03536,-0.351019,0.0848762,1.0
197,5,-1.11126,-1.0538,0.0376534,1.0
197,6,-0.255875,-2.44916,-0.0202719,1.0
197,7,0.728894,1.1927,-0.100654,1.0
197,8,-0.962077,0.0867843,-0.0871405,1.0
197,9,0.757364,-1.62512,-0.0504041,1.0
197,11,-1.54579,-2.28499,-0.08062,1.0
197,13,-2.32131,-0.14586,0.10118,1.0
197,14,-0.0372067,1.25907,-0.0110942,1.0
197,15,-1.02829,2.5522,0.134978,1.0
197,16,0.285476,-0.0622951,0.0621632,1.0
197,17,0.568795,2.78025,0.0566465,1.0
198,2,-1.50611,1.25684,-0.00694704,1.0
198,3,1.69715,2.17091,-0.0389451,1.0
198,4,1.94835,-0.342412,-0.0569974,1.0
198,5,-1.04254,-1.0333,-0.0114483,1.0
198,6,-0.235442,-2.47576,-0.0102921,1.0
198,7,0.667425,1.15074,0.0963253,1.0
198,8,-0.990637,0.114847,0.0970563,1.0
198,9,0.80429,-1.56199,-0.0946829,1.0
198,11,-1.5884,-2.29061,-0.0148567,1.0
198,13,-2.30716,-0.171251,-0.0233771,1.0
198,14,-0.0815607,1.29036,0.0962741,1.0
198,15,-1.01311,2.56524,0.0044018,1.0
198,16,0.306309,-0.0460874,0.0748263,1.0
198,17,0.538527,2.82184,0.0793365,1.0
199,2,-1.60314,1.26181,0.0563636,1.0
199,3,1.68268,2.11614,0.0311411,1.0
199,4,1.85179,-0.33042,-0.00204029,1.0
199,5,-0.96847,-1.01875,-0.0611928,1.0
199,6,-0.212204,-2.49836,0.00226162,1.0
199,7,0.609714,1.11091,0.0945017,1.0
199,8,-1.0136,0.147597,0.0804336,1.0
199,9,0.851836,-1.49074,0.0618426,1.0
199,11,-1.63128,-2.29603,0.0532006,1.0
199,13,-2.28931,-0.198102,0.0528563,1.0
199,14,-0.128452,1.3248,-0.196474,1.0
199,15,-0.991984,2.57793,0.0749134,1.0
199,16,0.333233,-0.0439231,0.0876667,1.0
199,17,0.50288,2.86016,0.103168,1.0
200,2,-1.69972,1.26663,-0.0810977,1.0
200,3,1.66618,2.05454,-0.09805,1.0
200,4,1.74951,-0.31453,0.0540346,1.0
200,5,-0.885166,-1.01173,0.0859283,1.0
200,6,-0.187949,-2.51428,0.0145601,1.0
200,7,0.556373,1.07609,0.0926299,1.0
200,8,-1.02695,0.183951,0.0675008,1.0
200,9,0.8957,-1.41558,0.019309,1.0
200,11,-1.6734,-2.29741,-0.0772473,1.0
200,13,-2.26953,-0.226712,-0.0717348,1.0
200,14,-0.179039,1.36362,-0.0912911,1.0
200,15,-0.965484,2.58981,-0.0538521,1.0
200,16,0.359612,-0.0588855,0.100647,1.0
200,17,0.465111,2.895,-0.0741206,1.0
201,2,-1.79515,1.27455,-0.0203708,1.0
201,3,1.64506,1.98547,-0.0274348,1.0
201,4,1.64437,-0.293754,0.111331,1.0
201,5,-0.792143,-1.01342,0.0348159,1.0
201,6,-0.160075,-2.52365,0.0262604,1.0
201,7,0.507328,1.04514,0.0915721,1.0
201,8,-1.03002,0.225977,0.0578308,1.0
201,9,0.933837,-1.34085,-0.0257444,1.0
201,11,-1.70942,-2.2938,-0.00518693,1.0
201,13,-2.24937,-0.257151,0.00205913,1.0
201,14,-0.231403,1.40136,-0.18907,1.0
201,15,-0.939037,2.59844,0.0161429,1.0
201,16,0.383928,-0.086143,-0.0886779,1.0
201,17,0.422696,2.92589,-0.0524276,1.0
202,2,-1.88836,1.28553,0.0406994,1.0
202,3,1.61843,1.91208,0.043438,1.0
202,4,1.54357,-0.26287,-0.0290655,1.0
202,5,-0.694787,-1.02563,-0.0146375,1.0
202,6,-0.132112,-2.5282,0.035421,1.0
202,7,0.46026,1.01625,0.0929985,1.0
202,8,-1.02305,0.27217,0.0505144,1.0
202,9,0.964592,-1.27751,-0.0693548,1.0
202,11,-1.73881,-2.28548,0.0693059,1.0
202,13,-2.22684,-0.290532,0.0752889,1.0
202,14,-0.284653,1.43637,-0.0893928,1.0
202,15,-0.916573,2.60322,0.0839793,1.0
202,16,0.40099,-0.121708,-0.0808495,1.0
202,17,0.38143,2.95429,-0.0319118,1.0
203,2,-1.97658,1.29619,0.101453,1.0
203,3,1.58634,1.83487,-0.0863291,1.0
203,4,1.45661,-0.221233,0.0332986,1.0
203,5,-0.594564,-1.04379,-0.0669384,1.0
203,6,-0.10435,-2.52783,0.0422495,1.0
203,7,0.415765,0.991841,0.097563,1.0
203,8,-1.00827,0.320847,0.0425128,1.0
203,9,0.989699,-1.23157,0.0889806,1.0
203,11,-1.76045,-2.27322,-0.0548942,1.0
203,13,-2.20039,-0.324991,-0.0501118,1.0
203,14,-0.337955,1.47046,0.00724736,1.0
203,15,-0.897529,2.60524,-0.0473182,1.0
203,16,0.403571,-0.157591,-0.0752167,1.0
203,17,0.345898,2.97944,-0.0138195,1.0
204,2,-2.05841,1.30911,-0.0341986,1.0
204,3,1.54692,1.7543,-0.0185783,1.0
204,4,1.38333,-0.166761,0.097218,1.0
204,5,-0.494552,-1.06584,0.0794774,1.0
204,6,-0.0752061,-2.52229,0.047082,1.0
204,7,0.376132,0.97249,-0.0951042,1.0
204,8,-0.986955,0.365958,0.0365567,1.0
204,9,1.00903,-1.20473,0.0470909,1.0
204,11,-1.7731,-2.25369,0.0215083,1.0
204,13,-2.17029,-0.362017,0.023194,1.0
204,14,-0.390466,1.50662,-0.0960053,1.0
204,15,-0.884251,2.61083,0.0210932,1.0
204,16,0.393083,-0.190011,-0.0725987,1.0
204,17,0.315999,3.00149,0.00462635,1.0
205,2,-2.13183,1.32031,0.0298018,1.0
205,3,1.50378,1.67538,0.0491421,1.0
205,4,1.32302,-0.101622,-0.0374503,1.0
205,5,-0.398293,-1.09146,0.0280321,1.0
205,6,-0.0435763,-2.51041,0.051029,1.0
205,7,0.341601,0.956088,-0.0877438,1.0
205,8,-0.963298,0.404809,0.0312961,1.0
205,9,1.02788,-1.20013,0.00252432,1.0
205,11,-1.77702,-2.22638,0.0963854,1.0
205,13,-2.13248,-0.398018,0.093507,1.0
205,14,-0.442988,1.54283,0.00153195,1.0
205,15,-0.880492,2.61985,0.0903656,1.0
205,16,0.368478,-0.215567,-0.0759189,1.0
205,17,0.294668,3.01777,0.0227498,1.0
206,2,-2.19541,1.32822,0.0964062,1.0
206,3,1.45835,1.59794,-0.0828928,1.0
206,4,1.27415,-0.0207381,0.0270557,1.0
206,5,-0.312716,-1.12114,-0.0208064,1.0
206,6,-0.0116604,-2.49477,0.054817,1.0
206,7,0.312641,0.944199,-0.0807404,1.0
206,8,-0.940716,0.431518,0.0292803,1.0
206,9,1.04945,-1.21641,-0.0382045,1.0
206,11,-1.77205,-2.19248,-0.0293243,1.0
206,13,-2.08522,-0.43371,-0.0366594,1.0
206,14,-0.492795,1.57994,-0.0996384,1.0
206,15,-0.883691,2.63114,-0.0388692,1.0
206,16,0.33192,-0.233443,-0.0811195,1.0
206,17,0.281125,3.02965,0.0425547,1.0
207,2,-2.24764,1.33318,-0.0360262,1.0
207,3,1.41276,1.52062,-0.0142355,1.0
207,4,1.23716,0.0709712,0.0923545,1.0
207,5,-0.242369,-1.15393,-0.0658713,1.0
207,6,0.0196504,-2.47634,0.0578844,1.0
207,7,0.286932,0.937687,-0.0731912,1.0
207,8,-0.922238,0.448577,0.0288483,1.0
207,9,1.07531,-1.25065,0.123632,1.0
207,11,-1.76052,-2.15384,0.0460765,1.0
207,13,-2.02719,-0.473645,0.0333369,1.0
207,14,-0.541948,1.61665,-0.000746215,1.0
207,15,-0.897129,2.64592,0.0351353,1.0
207,16,0.285144,-0.247287,-0.0891308,1.0
207,17,0.278827,3.03926,0.0624494,1.0
208,2,-2.28632,1.33407,0.0286414,1.0
208,3,1.36892,1.45006,0.0554301,1.0
208,4,1.21274,0.16557,-0.0393627,1.0
208,5,-0.186628,-1.1868,0.0898775,1.0
208,6,0.0480723,-2.4566,0.0596385,1.0
208,7,0.262205,0.939295,-0.0661132,1.0
208,8,-0.908641,0.454521,0.0279912,1.0
208,9,1.11038,-1.29559,0.08771,1.0
208,11,-1.73961,-2.11019,-0.0753913,1.0
208,13,-1.95986,-0.516915,-0.0970446,1.0
208,14,-0.592968,1.6547,0.0975148,1.0
208,15,-0.917165,2.66333,-0.0893571,1.0
208,16,0.228638,-0.260883,-0.0995114,1.0
208,17,0.289575,3.04274,0.082277,1.0
209,2,-2.31536,1.33239,0.0901209,1.0
209,3,1.33027,1.39167,-0.0736928,1.0
209,4,1.20286,0.253426,0.0319468,1.0
209,5,-0.144755,-1.21759,0.0440336,1.0
209,6,0.0781732,-2.43796,0.0599881,1.0
209,7,0.235212,0.947576,-0.064112,1.0
209,8,-0.904388,0.452423,0.0253377,1.0
209,9,1.15159,-1.3429,0.0533776,1.0
209,11,-1.70977,-2.0622,0.00474443,1.0
209,13,-1.88506,-0.563007,-0.0275346,1.0
209,14,-0.644758,1.69067,-0.00453018,1.0
209,15,-0.9438,2.6838,-0.0124644,1.0
209,16,0.162089,-0.278548,0.0891292,1.0
209,17,0.305122,3.03984,0.100126,1.0
210,2,-2.33638,1.33054,-0.0491176,1.0
210,3,1.29599,1.34641,-0.0053059,1.0
210,4,1.20586,0.325733,0.107407,1.0
210,5,-0.116237,-1.24691,-0.00517352,1.0
210,6,0.107281,-2.42402,0.0604953,1.0
210,7,0.20461,0.958889,-0.0673561,1.0
210,8,-0.911566,0.443936,0.0228171,1.0
210,9,1.19835,-1.38958,0.0197952,1.0
210,11,-1.67023,-2.01523,-0.111603,1.0
210,13,-1.80593,-0.609738,0.041552,1.0
210,14,-0.695995,1.7252,-0.104199,1.0
210,15,-0.975707,2.71045,0.0670841,1.0
210,16,0.0913732,-0.301525,0.0792695,1.0
210,17,0.325831,3.03434,-0.0836654,1.0
211,2,-2.3488,1.32711,0.0162148,1.0
211,3,1.2679,1.31444,0.0632027,1.0
211,4,1.2188,0.383404,-0.0187684,1.0
211,5,-0.0988749,-1.27411,-0.0593919,1.0
211,6,0.136814,-2.41613,0.0645755,1.0
211,7,0.169213,0.976919,-0.0742177,1.0
211,8,-0.930383,0.429309,0.0192227,1.0
211,9,1.24877,-1.43378,-0.0161625,1.0
211,11,-1.62177,-1.96527,-0.0281094,1.0
211,13,-1.72038,-0.655915,-0.0921146,1.0
211,14,-0.747692,1.75836,0.000662856,1.0
211,15,-1.01165,2.74559,-0.0471414,1.0
211,16,0.024707,-0.330636,0.0716472,1.0
211,17,0.352366,3.02642,-0.0678718,1.0
212,2,-2.35078,1.3198,0.0799243,1.0
212,3,1.24558,1.29551,-0.0654707,1.0
212,4,1.23674,0.423602,0.0538085,1.0
212,5,-0.0918317,-1.29819,0.0812482,1.0
212,6,0.163633,-2.41613,0.0702326,1.0
212,7,0.128601,1.00196,-0.0822907,1.0
212,8,-0.958704,0.417255,0.0150592,1.0
212,9,1.29914,-1.47507,0.148234,1.0
212,11,-1.56555,-1.91889,0.057377,1.0
212,13,-1.62888,-0.70006,-0.0259889,1.0
212,14,-0.80151,1.78781,-0.0929983,1.0
212,15,-1.05122,2.78569,0.0423321,1.0
212,16,-0.03652,-0.363861,0.066154,1.0
212,17,0.381583,3.01078,-0.0537138,1.0
213,2,-2.34269,1.30878,-0.05659,1.0
213,3,1.22715,1.28558,0.00823342,1.0
213,4,1.25919,0.450647,-0.0699856,1.0
213,5,-0.0912276,-1.3191,0.020914,1.0
213,6,0.190056,-2.42286,0.0795709,1.0
213,7,0.0837714,1.03498,-0.090706,1.0
213,8,-0.995998,0.408009,0.0120532,1.0
213,9,1.34914,-1.51147,0.113447,1.0
213,11,-1.50237,-1.87816,-0.0568072,1.0
213,13,-1.53738,-0.738628,0.040967,1.0
213,14,-0.854795,1.81293,0.0143017,1.0
213,15,-1.0947,2.82792,-0.066267,1.0
213,16,-0.0916962,-0.39879,0.0621951,1.0
213,17,0.410822,2.98765,-0.041717,1.0
214,2,-2.32378,1.29429,0.00757259,1.0
214,3,1.21034,1.28221,-0.11434,1.0
214,4,1.2811,0.466284,0.00589468,1.0
214,5,-0.0929198,-1.33364,-0.0417104,1.0
214,6,0.218124,-2.43801,0.0894688,1.0
214,7,0.0375502,1.06859,-0.0980027,1.0
214,8,-1.0409,0.401694,0.00915307,1.0
214,9,1.39936,-1.54054,0.0801663,1.0
214,11,-1.43317,-1.84684,0.0274108,1.0
214,13,-1.44989,-0.771459,0.108691,1.0
214,14,-0.908544,1.83114,-0.0780979,1.0
214,15,-1.1419,2.87297,0.0263873,1.0
214,16,-0.137969,-0.433088,0.06124,1.0
214,17,0.441146,2.9573,-0.0303438,1.0
215,2,-2.29298,1.27839,0.0723576,1.0
215,3,1.19722,1.28424,-0.0361,1.0
215,4,1.30143,0.472695,0.0822585,1.0
215,5,-0.0946287,-1.34202,-0.10615,1.0
215,6,0.247431,-2.46102,0.0997336,1.0
215,7,-0.00778207,1.10132,0.0941746,1.0
215,8,-1.09144,0.404235,0.00525722,1.0
215,9,1.44685,-1.5634,0.0463402,1.0
215,11,-1.36052,-1.82471,-0.092151,1.0
215,13,-1.37122,-0.801328,-0.0259365,1.0
215,14,-0.960631,1.8426,0.0321834,1.0
215,15,-1.18755,2.92393,0.121477,1.0
215,16,-0.171257,-0.463418,0.0630217,1.0
215,17,0.466973,2.92112,-0.0180933,1.0
216,2,-2.25678,1.25912,-0.061585,1.0
216,3,1.18818,1.29407,0.0430523,1.0
216,4,1.31953,0.469481,-0.0452531,1.0
216,5,-0.0899935,-1.34266,0.0271049,1.0
216,6,0.276325,-2.49116,-0.0894239,1.0
216,7,-0.0510851,1.12953,0.0890069,1.0
216,8,-1.14636,0.412216,0.000311815,1.0
216,9,1.49026,-1.58261,0.0133658,1.0
216,11,-1.28614,-1.81474,-0.00926302,1.0
216,13,-1.30559,-0.824512,0.0403408,1.0
216,14,-1.01015,1.84824,-0.0566255,1.0
216,15,-1.22991,2.98014,0.0165904,1.0
216,16,-0.187779,-0.487178,0.0666166,1.0
216,17,0.486836,2.8765,-0.00569885,1.0
217,2,-2.21782,1.23893,0.00315286,1.0
217,3,1.18368,1.31023,-0.0748049,1.0
217,4,1.3311,0.460639,0.0234588,1.0
217,5,-0.0716714,-1.33825,-0.0392442,1.0
217,6,0.304688,-2.52669,-0.0788015,1.0
217,7,-0.0901881,1.15115,0.0857881,1.0
217,8,-1.20335,0.423134,-0.0089103,1.0
217,9,1.52812,-1.5992,-0.020822,1.0
217,11,-1.21332,-1.81537,0.0744015,1.0
217,13,-1.25803,-0.841547,0.106877,1.0
217,14,-1.05451,1.8511,-0.146063,1.0
217,15,-1.26965,3.04337,0.111956,1.0
217,16,-0.185572,-0.503382,0.0713679,1.0
217,17,0.504037,2.82457,0.0077353,1.0
218,2,-2.18061,1.21849,0.0688644,1.0
218,3,1.18074,1.33205,0.00706906,1.0
218,4,1.33519,0.443441,0.0931817,1.0
218,5,-0.0381398,-1.32951,-0.105436,1.0
218,6,0.331992,-2.5657,-0.0703692,1.0
218,7,-0.122152,1.16476,0.086696,1.0
218,8,-1.25938,0.43323,-0.0223836,1.0
218,9,1.55807,-1.61308,0.144832,1.0
218,11,-1.14546,-1.82929,-0.0407515,1.0
218,13,-1.22766,-0.852246,-0.024959,1.0
218,14,-1.09555,1.85483,-0.238533,1.0
218,15,-1.30596,3.11254,0.00680003,1.0
218,16,-0.166906,-0.510561,0.0812221,1.0
218,17,0.516295,2.76441,0.0221907,1.0
219,2,-2.14972,1.19973,-0.0637819,1.0
219,3,1.17679,1.36355,-0.10879,1.0
219,4,1.33294,0.415843,-0.0377464,1.0
219,5,0.0107909,-1.31603,0.0264223,1.0
219,6,0.354924,-2.6069,-0.0637876,1.0
219,7,-0.14729,1.1713,0.0917225,1.0
219,8,-1.30826,0.441799,-0.0385757,1.0
219,9,1.57778,-1.62344,0.113229,1.0
219,11,-1.08188,-1.85631,0.0449856,1.0
219,13,-1.21651,-0.853734,0.041206,1.0
219,14,-1.12974,1.86435,-0.133065,1.0
219,15,-1.3388,3.18532,0.0993191,1.0
219,16,-0.134054,-0.506354,0.09257,1.0
219,17,0.521256,2.69851,0.0386467,1.0
220,2,-2.12744,1.18131,0.00484343,1.0
220,3,1.17421,1.40279,-0.0280388,1.0
220,4,1.32655,0.373961,0.0304635,1.0
220,5,0.07609,-1.30026,-0.0423291,1.0
220,6,0.376436,-2.64804,-0.0558295,1.0
220,7,-0.167863,1.16923,0.0995627,1.0
220,8,-1.34594,0.445351,-0.0563203,1.0
220,9,1.59115,-1.62783,0.0810771,1.0
220,11,-1.01969,-1.89827,-0.0687836,1.0
220,13,-1.22313,-0.849817,0.111187,1.0
220,14,-1.15618,1.87906,-0.228589,1.0
220,15,-1.36615,3.25626,-0.00840244,1.0
220,16,-0.0876589,-0.487494,-0.0924827,1.0
220,17,0.52029,2.63166,0.0567058,1.0
221,2,-2.11599,1.16264,0.0738475,1.0
221,3,1.1741,1.44625,0.0510123,1.0
221,4,1.31297,0.317911,0.0997543,1.0
221,5,0.154354,-1.27992,0.0876025,1.0
221,6,0.395675,-2.68968,-0.0471639,1.0
221,7,-0.18209,1.15732,-0.0921708,1.0
221,8,-1.37474,0.442698,-0.0746428,1.0
221,9,1.59817,-1.62635,0.051252,1.0
221,11,-0.958173,-1.95569,0.0174536,1.0
221,13,-1.24194,-0.838634,-0.017098,1.0
221,14,-1.17594,1.90238,-0.126149,1.0
221,15,-1.38841,3.32555,0.086607,1.0
221,16,-0.0295416,-0.45437,-0.0760621,1.0
221,17,0.5165,2.56615,0.0752473,1.0
222,2,-2.11454,1.14126,-0.0579134,1.0
222,3,1.17696,1.49196,-0.0729037,1.0
222,4,1.29465,0.24958,-0.0268243,1.0
222,5,0.241061,-1.25788,0.0173772,1.0
222,6,0.412198,-2.7283,-0.0355623,1.0
222,7,-0.186762,1.13994,-0.0819582,1.0
222,8,-1.39538,0.43443,-0.0932218,1.0
222,9,1.59843,-1.62341,0.0237416,1.0
222,11,-0.897109,-2.02351,-0.0973959,1.0
222,13,-1.27079,-0.824614,0.0553069,1.0
222,14,-1.18891,1.93554,-0.223145,1.0
222,15,-1.40364,3.39045,0.186315,1.0
222,16,0.0384546,-0.408927,-0.0618009,1.0
222,17,0.506398,2.50322,0.0934505,1.0
223,2,-2.12149,1.11836,0.00912745,1.0
223,3,1.18347,1.53882,0.00379245,1.0
223,4,1.27849,0.172652,0.0498381,1.0
223,5,0.32925,-1.23744,-0.0499496,1.0
223,6,0.42898,-2.76569,-0.024457,1.0
223,7,-0.184216,1.11543,-0.0739678,1.0
223,8,-1.40336,0.421082,0.0910207,1.0
223,9,1.59473,-1.61713,-0.00233812,1.0
223,11,-0.837352,-2.09317,-0.0138787,1.0
223,13,-1.30251,-0.808768,-0.0690879,1.0
223,14,-1.19781,1.97768,-0.11782,1.0
223,15,-1.41381,3.44953,0.0874612,1.0
223,16,0.108838,-0.353462,-0.0499118,1.0
223,17,0.487357,2.44531,-0.0892817,1.0
224,2,-2.13768,1.09716,0.0766924,1.0
224,3,1.19416,1.57808,-0.119974,1.0
224,4,1.26749,0.0939369,-0.0722963,1.0
224,5,0.410345,-1.2155,-0.118348,1.0
224,6,0.447308,-2.79755,-0.0154785,1.0
224,7,-0.177473,1.08572,-0.0653218,1.0
224,8,-1.39962,0.4013,0.0773864,1.0
224,9,1.59095,-1.60932,-0.0272813,1.0
224,11,-0.777318,-2.16178,-0.130964,1.0
224,13,-1.33381,-0.795783,0.00928799,1.0
224,14,-1.19937,2.02384,-0.211225,1.0
224,15,-1.41704,3.50622,0.186114,1.0
224,16,0.172633,-0.29134,-0.0431022,1.0
224,17,0.456053,2.39404,-0.0736654,1.0
225,2,-2.1594,1.07788,-0.0535118,1.0
225,3,1.2125,1.60543,-0.0436885,1.0
225,4,1.26575,0.0172874,0.00586637,1.0
225,5,0.480027,-1.19603,0.0115445,1.0
225,6,0.469956,-2.82445,-0.00752363,1.0
225,7,-0.171502,1.05297,-0.0550319,1.0
225,8,-1.38292,0.376326,0.0639818,1.0
225,9,1.5904,-1.60125,-0.053857,1.0
225,11,-0.717433,-2.22521,-0.0494471,1.0
225,13,-1.3608,-0.791079,0.0860215,1.0
225,14,-1.19227,2.07157,-0.104563,1.0
225,15,-1.41497,3.55882,0.0846587,1.0
225,16,0.22439,-0.226033,-0.0347116,1.0
225,17,0.412157,2.34819,-0.060926,1.0
226,2,-2.18652,1.05929,0.0180548,1.0
226,3,1.233,1.62273,0.0331914,1.0
226,4,1.26974,-0.0587188,0.0833926,1.0
226,5,0.537539,-1.18645,-0.0564594,1.0
226,6,0.496595,-2.84726,0.00211013,1.0
226,7,-0.165204,1.02091,-0.0450437,1.0
226,8,-1.35528,0.35048,0.0542932,1.0
226,9,1.59311,-1.59425,0.117548,1.0
226,11,-0.661638,-2.27981,0.0305256,1.0
226,13,-1.38187,-0.796238,-0.039602,1.0
226,14,-1.17891,2.11748,-0.197777,1.0
226,15,-1.40621,3.60618,-0.0198649,1.0
226,16,0.26087,-0.158371,-0.0280472,1.0
226,17,0.359226,2.30667,-0.0491245,1.0
226,18,1.88122,1.00145,0.000697276,1.0
227,2,-2.21441,1.04396,0.08805,1.0
227,3,1.24992,1.63544,-0.0908044,1.0
227,4,1.28231,-0.136135,-0.0367288,1.0
227,5,0.57959,-1.19014,0.0724699,1.0
227,6,0.525425,-2.86278,0.0120868,1.0
227,7,-0.158658,0.994076,-0.0353973,1.0
227,8,-1.31374,0.324752,0.0474452,1.0
227,9,1.60073,-1.58677,0.0887851,1.0
227,11,-0.613128,-2.32038,-0.0913057,1.0
227,13,-1.39659,-0.809141,0.0331372,1.0
227,14,-1.1611,2.16245,-0.0891115,1.0
227,15,-1.38974,3.64716,0.0724252,1.0
227,16,0.283526,-0.0874258,-0.0228203,1.0
227,17,0.293982,2.27171,-0.0358782,1.0
227,18,1.8875,1.0015,-0.00034823,1.0
228,2,-2.24341,1.03474,-0.0432013,1.0
228,3,1.2652,1.64383,-0.0134522,1.0
228,4,1.30027,-0.211182,0.0434785,1.0
228,5,0.602353,-1.20527,0.000310391,1.0
228,6,0.56185,-2.87583,0.0244129,1.0
228,7,-0.154182,0.973132,-0.0269892,1.0
228,8,-1.26095,0.298397,0.0422778,1.0
228,9,1.61066,-1.58135,0.0614186,1.0
228,11,-0.571025,-2.35042,-0.0146546,1.0
228,13,-1.40623,-0.833525,0.106223,1.0
228,14,-1.13898,2.20511,-0.179674,1.0
228,15,-1.36737,3.68,-0.0347948,1.0
228,16,0.295807,-0.0132428,-0.0205245,1.0
228,17,0.218379,2.24503,-0.0231303,1.0
228,18,1.8947,1.00061,-0.000465451,1.0
229,2,-2.27036,1.02697,0.0242988,1.0
229,3,1.27734,1.65366,0.0624621,1.0
229,4,1.32651,-0.279983,-0.0770842,1.0
229,5,0.605352,-1.23208,-0.0704343,1.0
229,6,0.604219,-2.88511,0.0363163,1.0
229,7,-0.149099,0.960873,-0.017684,1.0
229,8,-1.19679,0.273322,0.0372949,1.0
229,9,1.62607,-1.58321,0.0361971,1.0
229,11,-0.534328,-2.36961,0.0627573,1.0
229,13,-1.41078,-0.870569,-0.02204,1.0
229,14,-1.11786,2.24189,-0.0705744,1.0
229,15,-1.33942,3.70455,0.0542238,1.0
229,16,0.298782,0.0597519,-0.0173439,1.0
229,17,0.139288,2.22585,-0.00786676,1.0
229,18,1.90075,0.996025,-0.00210074,1.0
230,2,-2.29238,1.02262,0.0911926,1.0
230,3,1.28494,1.66219,-0.0649099,1.0
230,4,1.36468,-0.339329,0.00206476,1.0
230,5,0.585971,-1.26714,0.0591657,1.0
230,6,0.652881,-2.89093,0.0486288,1.0
230,7,-0.141739,0.954527,-0.00819609,1.0
230,8,-1.12927,0.250413,0.035347,1.0
230,9,1.6505,-1.59035,0.0116577,1.0
230,11,-0.503468,-2.38096,-0.0614503,1.0
230,13,-1.40907,-0.915407,0.0483061,1.0
230,14,-1.10067,2.27222,-0.160376,1.0
230,15,-1.30653,3.72721,0.142111,1.0
230,16,0.290834,0.132635,-0.0140879,1.0
230,17,0.0631466,2.21286,0.00791475,1.0
230,18,1.90358,0.984204,-0.00488868,1.0
231,2,-2.3091,1.01917,-0.0412114,1.0
231,3,1.28289,1.67013,0.00573467,1.0
231,4,1.41376,-0.387194,0.0799673,1.0
231,5,0.544756,-1.30976,-0.00796153,1.0
231,6,0.709076,-2.89618,0.0626094,1.0
231,7,-0.131255,0.95409,0.00153131,1.0
231,8,-1.06474,0.229559,0.0361451,1.0
231,9,1.68331,-1.60671,-0.012838,1.0
231,11,-0.477327,-2.38166,0.0145916,1.0
231,13,-1.40229,-0.9707,-0.0820847,1.0
231,14,-1.09301,2.2965,-0.0489677,1.0
231,15,-1.2713,3.74566,0.0315533,1.0
231,16,0.277988,0.203902,-0.0105965,1.0
231,17,-0.00546958,2.20766,0.0251955,1.0
231,18,1.90499,0.964606,-0.00963461,1.0
232,2,-2.31616,1.0153,0.0268748,1.0
232,3,1.26898,1.68103,-0.125026,1.0
232,4,1.46556,-0.426931,-0.0447699,1.0
232,5,0.482259,-1.3549,-0.0734155,1.0
232,6,0.770117,-2.90057,0.0795891,1.0
232,7,-0.1166,0.955815,0.00928019,1.0
232,8,-1.00722,0.210997,0.0374367,1.0
232,9,1.72435,-1.63275,-0.0339996,1.0
232,11,-0.457931,-2.37449,-0.110037,1.0
232,13,-1.39247,-1.03453,-0.0130965,1.0
232,14,-1.09735,2.31343,-0.135955,1.0
232,15,-1.23026,3.76163,0.123062,1.0
232,16,0.269978,0.272521,-0.00862715,1.0
232,17,-0.0670213,2.20805,0.0458482,1.0
232,18,1.90265,0.935662,-0.0148356,1.0
233,2,-2.31441,1.01095,0.0963558,1.0
233,3,1.24279,1.69598,-0.0550008,1.0
233,4,1.51401,-0.459768,0.0285231,1.0
233,5,0.405642,-1.39575,0.0640424,1.0
233,6,0.831919,-2.90068,0.0976927,1.0
233,7,-0.095007,0.958649,0.0133671,1.0
233,8,-0.958511,0.191752,0.0378628,1.0
233,9,1.77106,-1.6665,-0.055274,1.0
233,11,-0.446098,-2.36294,-0.034264,1.0
233,13,-1.37734,-1.10237,0.0546113,1.0
233,14,-1.11144,2.32282,-0.0248227,1.0
233,15,-1.18319,3.77286,0.0161365,1.0
233,16,0.268573,0.33801,-0.00391999,1.0
233,17,-0.120877,2.21253,0.0661079,1.0
233,18,1.90039,0.898529,-0.0210531,1.0
234,2,-2.303,1.00336,-0.035154,1.0
234,3,1.20679,1.71718,0.0144505,1.0
234,4,1.55514,-0.484094,0.103341,1.0
234,5,0.324959,-1.42805,0.00409192,1.0
234,6,0.893674,-2.89991,-0.0825332,1.0
234,7,-0.0673406,0.959213,0.0160292,1.0
234,8,-0.924747,0.169662,0.0398025,1.0
234,9,1.8207,-1.70698,0.124133,1.0
234,11,-0.442002,-2.35152,0.0393866,1.0
234,13,-1.35595,-1.17414,-0.0780492,1.0
234,14,-1.13346,2.32524,-0.119216,1.0
234,15,-1.13084,3.77462,0.109753,1.0
234,16,0.275545,0.399979,0.00145107,1.0
234,17,-0.166224,2.22032,0.086569,1.0
234,18,1.89932,0.852289,-0.0254621,1.0
235,2,-2.2814,0.994348,0.0302737,1.0
235,3,1.16183,1.74323,0.0862724,1.0
235,4,1.58786,-0.500597,-0.0220457,1.0
235,5,0.250955,-1.449,-0.0566038,1.0
235,6,0.953108,-2.89637,-0.0599134,1.0
235,7,-0.0306768,0.957732,0.0183809,1.0
235,8,-0.906594,0.142353,0.0438321,1.0
235,9,1.86687,-1.7534,-0.0986611,1.0
235,11,-0.446796,-2.34456,-0.0870312,1.0
235,13,-1.33227,-1.24822,-0.0104338,1.0
235,14,-1.16272,2.32243,-0.0140332,1.0
235,15,-1.07506,3.76827,0.00346078,1.0
235,16,0.296223,0.459503,0.00400912,1.0
235,17,-0.204246,2.23317,-0.0907525,1.0
235,18,1.89925,0.799204,-0.0305662,1.0
236,2,-2.24799,0.98731,0.0964762,1.0
236,3,1.10986,1.77249,-0.0424167,1.0
236,4,1.61064,-0.513351,0.0532075,1.0
236,5,0.182919,-1.45467,0.0817624,1.0
236,6,1.00585,-2.88876,-0.0370582,1.0
236,7,0.0129019,0.952942,0.0203095,1.0
236,8,-0.899396,0.10878,0.0475462,1.0
236,9,1.9084,-1.80137,0.0767514,1.0
236,11,-0.4572,-2.34691,-0.0151776,1.0
236,13,-1.30538,-1.31926,0.0572457,1.0
236,14,-1.19942,2.31183,-0.106726,1.0
236,15,-1.01469,3.75624,0.0972545,1.0
236,16,0.325315,0.518061,0.00525381,1.0
236,17,-0.235231,2.24967,-0.0681666,1.0
236,18,1.89753,0.743446,-0.0351848,1.0
237,2,-2.20417,0.977978,-0.0374333,1.0
237,3,1.05978,1.8061,0.0315923,1.0
237,4,1.62443,-0.525142,-0.0716569,1.0
237,5,0.125756,-1.44554,0.0214173,1.0
237,6,1.05245,-2.88077,-0.0157698,1.0
237,7,0.0607546,0.945921,0.0225024,1.0
237,8,-0.90097,0.0674839,0.0509297,1.0
237,9,1.94447,-1.84954,0.0495117,1.0
237,11,-0.470019,-2.36061,0.0547947,1.0
237,13,-1.27894,-1.38293,-0.0766608,1.0
237,14,-1.24507,2.2934,0.000455947,1.0
237,15,-0.950528,3.73691,-0.00938407,1.0
237,16,0.358268,0.572193,0.00705437,1.0
237,17,-0.256,2.27042,-0.0450047,1.0
237,18,1.89566,0.6906,-0.0396557,1.0
238,2,-2.15146,0.967135,0.0284984,1.0
238,3,1.01462,1.84536,-0.0930727,1.0
238,4,1.62721,-0.537895,0.00409566,1.0
238,5,0.0804791,-1.42188,-0.0359725,1.0
238,6,1.09309,-2.87571,0.00434206,1.0
238,7,0.107904,0.933048,0.0263565,1.0
238,8,-0.910136,0.0206193,0.0540065,1.0
238,9,1.97446,-1.89498,0.0210676,1.0
238,11,-0.480277,-2.38888,-0.0763138,1.0
238,13,-1.25786,-1.43766,-0.0121928,1.0
238,14,-1.2993,2.26751,-0.0914084,1.0
238,15,-0.880362,3.71301,0.0837276,1.0
238,16,0.389179,0.621571,0.0123991,1.0
238,17,-0.265726,2.29316,-0.0230897,1.0
238,18,1.88956,0.642092,-0.0451789,1.0
239,2,-2.09051,0.953197,0.0928481,1.0
239,3,0.975394,1.89013,-0.016129,1.0
239,4,1.61901,-0.553042,0.0794278,1.0
239,5,0.0482636,-1.38306,-0.0889618,1.0
239,6,1.12543,-2.86911,0.0248197,1.0
239,7,0.153269,0.910533,0.0324282,1.0
239,8,-0.922937,-0.0291099,0.0584158,1.0
239,9,2.00116,-1.93807,-0.00781009,1.0
239,11,-0.48865,-2.43169,-0.0103249,1.0
239,13,-1.24394,-1.48296,0.0519309,1.0
239,14,-1.36112,2.23489,0.0162563,1.0
239,15,-0.809205,3.68311,-0.0235354,1.0
239,16,0.418489,0.662523,0.01985,1.0
239,17,-0.264374,2.31484,0.000109194,1.0
239,18,1.8825,0.60392,-0.0536376,1.0
240,2,-2.02477,0.935883,-0.0428624,1.0
240,3,0.945142,1.94082,0.0617508,1.0
240,4,1.60009,-0.57319,-0.0450446,1.0
240,5,0.0290153,-1.32738,0.0582513,1.0
240,6,1.1493,-2.86369,0.0471422,1.0
240,7,0.195102,0.879342,0.0389218,1.0
240,8,-0.9359,-0.0831213,0.0614818,1.0
240,9,2.02764,-1.97508,-0.0387459,1.0
240,11,-0.495837,-2.48929,0.0571704,1.0
240,13,-1.2417,-1.52128,-0.0826184,1.0
240,14,-1.42796,2.19923,-0.0760768,1.0
240,15,-0.73635,3.64668,0.0672547,1.0
240,16,0.443316,0.695667,0.0298197,1.0
240,17,-0.255466,2.33151,0.0260793,1.0
240,18,1.87228,0.575378,-0.064613,1.0
241,2,-1.95513,0.913576,0.0226099,1.0
241,3,0.92573,1.99669,-0.0597754,1.0
241,4,1.56901,-0.597506,0.0329022,1.0
241,5,0.0218029,-1.25997,0.00663939,1.0
241,6,1.16077,-2.85978,0.0678581,1.0
241,7,0.232407,0.838064,0.0433322,1.0
241,8,-0.943321,-0.13606,0.0654071,1.0
241,9,2.05561,-2.0035,-0.0726228,1.0
241,11,-0.499258,-2.55609,-0.0766765,1.0
241,13,-1.25055,-1.55323,-0.0166642,1.0
241,14,-1.49866,2.16353,0.0339276,1.0
241,15,-0.661645,3.6066,-0.0428415,1.0
241,16,0.459157,0.719134,0.0415039,1.0
241,17,-0.242764,2.34547,0.0522856,1.0
241,18,1.8622,0.555551,-0.0757959,1.0
242,2,-1.87865,0.884155,0.0867787,1.0
242,3,0.917217,2.0556,0.0186517,1.0
242,4,1.52961,-0.629215,0.11249,1.0
242,5,0.0252285,-1.18435,-0.0461856,1.0
242,6,1.16001,-2.8579,0.0895612,1.0
242,7,0.26514,0.784212,0.0497576,1.0
242,8,-0.946258,-0.186653,0.0709607,1.0
242,9,2.08196,-2.02134,0.0905138,1.0
242,11,-0.496353,-2.6281,-0.00976684,1.0
242,13,-1.26722,-1.57617,0.0514035,1.0
242,14,-1.57058,2.12935,-0.0533838,1.0
242,15,-0.587506,3.56673,0.0467864,1.0
242,16,0.465187,0.736193,0.0534772,1.0
242,17,-0.227006,2.35294,0.0801954,1.0
242,18,1.8515,0.546804,-0.0885411,1.0
243,2,-1.7958,0.845649,-0.0500729,1.0
243,3,0.919787,2.11533,0.0972682,1.0
243,4,1.48102,-0.664731,-0.00680873,1.0
243,5,0.0375804,-1.10461,-0.0994595,1.0
243,6,1.14698,-2.85632,-0.0870396,1.0
243,7,0.296725,0.727181,0.0533772,1.0
243,8,-0.949342,-0.234752,0.0771079,1.0
243,9,2.10435,-2.03263,0.0530161,1.0
243,11,-0.486588,-2.70143,0.0576094,1.0
243,13,-1.28849,-1.59386,-0.0797967,1.0
243,14,-1.63692,2.09814,0.0617773,1.0
243,15,-0.512352,3.52754,-0.0645448,1.0
243,16,0.460958,0.749583,0.0656389,1.0
243,17,-0.212265,2.34685,-0.09253,1.0
243,18,1.84253,0.546364,0.0968591,1.0
244,2,-1.70685,0.799592,0.0121929,1.0
244,3,0.929778,2.17024,-0.0247328,1.0
244,4,1.42451,-0.705112,0.0740442,1.0
244,5,0.0564929,-1.02467,0.0479565,1.0
244,6,1.12425,-2.85609,-0.061577,1.0
244,7,0.328249,0.66873,0.0545277,1.0
244,8,-0.950155,-0.278286,0.0835785,1.0
244,9,2.12602,-2.03694,0.0163314,1.0
244,11,-0.469599,-2.77091,-0.0753244,1.0
244,13,-1.3159,-1.6093,-0.00875242,1.0
244,14,-1.69402,2.0728,-0.022434,1.0
244,15,-0.435628,3.49366,0.0241366,1.0
244,16,0.449934,0.757122,0.0801947,1.0
244,17,-0.201826,2.32538,-0.0671787,1.0
244,18,1.83613,0.552854,0.0804208,1.0
245,2,-1.61095,0.74591,0.0751887,1.0
245,3,0.951886,2.21912,0.0512267,1.0
245,4,1.36111,-0.746575,-0.0412805,1.0
245,5,0.0801726,-0.951198,-0.00404575,1.0
245,6,1.09125,-2.85626,-0.0354794,1.0
245,7,0.359154,0.611097,0.0550209,1.0
245,8,-0.949666,-0.317473,0.091946,1.0
245,9,2.14699,-2.03715,-0.0187368,1.0
245,11,-0.449154,-2.8342,-0.00613895,1.0
245,13,-1.34398,-1.62441,0.0636409,1.0
245,14,-1.74404,2.05266,0.0954162,1.0
245,15,-0.358604,3.46326,-0.0852023,1.0
245,16,0.431127,0.760661,0.0976414,1.0
245,17,-0.202261,2.28547,-0.0450464,1.0
245,18,1.8315,0.565657,0.0657362,1.0
246,2,-1.51162,0.689377,-0.0594749,1.0
246,3,0.982922,2.26659,-0.0768199,1.0
246,4,1.29528,-0.786909,0.0454856,1.0
246,5,0.105992,-0.885163,-0.0554813,1.0
246,6,1.05179,-2.85447,-0.0104977,1.0
246,7,0.384709,0.551438,0.0525923,1.0
246,8,-0.946062,-0.349688,-0.0951709,1.0
246,9,2.16529,-2.03219,-0.0538969,1.0
246,11,-0.425906,-2.89212,0.0634178,1.0
246,13,-1.36948,-1.64145,-0.062953,1.0
246,14,-1.78633,2.03327,-0.184785,1.0
246,15,-0.279505,3.43784,0.00666842,1.0
246,16,0.40414,0.762097,-0.0851164,1.0
246,17,-0.213607,2.22831,-0.0228378,1.0
246,18,1.82746,0.582866,0.0497636,1.0
247,2,-1.40727,0.634379,0.0093351,1.0
247,3,1.01913,2.31107,-0.00917496,1.0
247,4,1.23226,-0.823564,-0.0673891,1.0
247,5,0.127317,-0.824467,0.0904389,1.0
247,6,1.00293,-2.84559,0.0167108,1.0
247,7,0.405137,0.495011,0.0486172,1.0
247,8,-0.943795,-0.377935,-0.0830156,1.0
247,9,2.17663,-2.01918,-0.0900963,1.0
247,11,-0.401178,-2.94185,-0.0655376,1.0
247,13,-1.38994,-1.66218,0.00982993,1.0
247,14,-1.82217,2.01677,-0.0652937,1.0
247,15,-0.200326,3.41932,-0.0989753,1.0
247,16,0.369753,0.762485,-0.0703596,1.0
247,17,-0.237245,2.15339,-0.00229295,1.0
247,18,1.82122,0.603219,0.0303946,1.0
248,2,-1.30044,0.585442,0.0785551,1.0
248,3,1.05992,2.34778,0.0563453,1.0
248,4,1.17847,-0.85829,0.0184404,1.0
248,5,0.145621,-0.772432,0.0361734,1.0
248,6,0.951395,-2.83341,0.0440964,1.0
248,7,0.420189,0.446662,0.0456735,1.0
248,8,-0.939042,-0.406615,-0.0724838,1.0
248,9,2.18331,-1.99956,0.072746,1.0
248,11,-0.379414,-2.98364,0.00846248,1.0
248,13,-1.40651,-1.68486,0.0828864,1.0
248,14,-1.84864,2.00351,-0.142417,1.0
248,15,-0.11897,3.4031,-0.00313878,1.0
248,16,0.328117,0.763371,-0.0540626,1.0
248,17,-0.270599,2.06573,0.0174904,1.0
248,18,1.81317,0.622894,0.0113378,1.0
249,2,-1.19094,0.542542,-0.051832,1.0
249,3,1.10011,2.38142,-0.0765945,1.0
249,4,1.13189,-0.893214,-0.0984667,1.0
249,5,0.159237,-0.730033,-0.016065,1.0
249,6,0.900353,-2.81384,0.0703944,1.0
249,7,0.42941,0.409926,0.0415721,1.0
249,8,-0.93523,-0.438806,-0.0634923,1.0
249,9,2.18331,-1.97377,0.0354429,1.0
249,11,-0.360193,-3.01967,0.0848803,1.0
249,13,-1.41792,-1.70929,-0.0426939,1.0
249,14,-1.86646,1.98609,-0.0170726,1.0
249,15,-0.0380641,3.38591,0.0934606,1.0
249,16,0.283731,0.762207,-0.035469,1.0
249,17,-0.310376,1.96737,0.0355123,1.0
249,18,1.80622,0.643682,-0.00929654,1.0
250,2,-1.07985,0.510677,0.0178347,1.0
250,3,1.13817,2.40973,-0.00946594,1.0
250,4,1.09282,-0.931043,-0.0170307,1.0
250,5,0.167058,-0.702704,-0.0677461,1.0
250,6,0.853062,-2.78508,0.0986253,1.0
250,7,0.432793,0.386957,0.0386408,1.0
250,8,-0.933121,-0.470813,-0.0575813,1.0
250,9,2.1763,-1.9435,-0.00181282,1.0
250,11,-0.346791,-3.04909,-0.0372854,1.0
250,13,-1.42112,-1.73489,0.0319016,1.0
250,14,-1.87695,1.962,-0.0905145,1.0
250,15,0.0430617,3.36339,-0.0073044,1.0
250,16,0.242015,0.757828,-0.0167489,1.0
250,17,-0.354184,1.86828,0.0520633,1.0
250,18,1.79765,0.665121,-0.0305731,1.0
251,2,-0.973168,0.490668,0.085964,1.0
251,3,1.17264,2.43243,0.0583574,1.0
251,4,1.05975,-0.96853,0.0645545,1.0
251,5,0.17065,-0.691688,0.0772869,1.0
251,6,0.812516,-2.74749,-0.070507,1.0
251,7,0.434677,0.376884,0.0378724,1.0
251,8,-0.936061,-0.504979,-0.0546061,1.0
251,9,2.16223,-1.91028,-0.039359,1.0
251,11,-0.341174,-3.07238,0.0414782,1.0
251,13,-1.41737,-1.76173,-0.0938578,1.0
251,14,-1.87886,1.93323,0.0347122,1.0
251,15,0.12209,3.33865,0.0914315,1.0
251,16,0.21083,0.749571,-0.000880113,1.0
251,17,-0.399632,1.77551,0.0713417,1.0
251,18,1.78457,0.687484,-0.0499445,1.0
252,2,-0.877071,0.478691,-0.0445983,1.0
252,3,1.20248,2.44551,-0.0737458,1.0
252,4,1.03446,-1.0064,-0.054717,1.0
252,5,0.174776,-0.691933,0.0212252,1.0
252,6,0.781047,-2.69973,-0.0390895,1.0
252,7,0.435307,0.378758,0.0403321,1.0
252,8,-0.945638,-0.543062,-0.0562853,1.0
252,9,2.13799,-1.87628,0.12211,1.0
252,11,-0.345533,-3.09098,-0.0795411,1.0
252,13,-1.4072,-1.78815,-0.0191387,1.0
252,14,-1.87548,1.89943,-0.0391204,1.0
252,15,0.194164,3.30963,-0.0106222,1.0
252,16,0.194694,0.737489,0.0140052,1.0
252,17,-0.444659,1.69326,0.0905295,1.0
252,18,1.76672,0.70942,-0.0730733,1.0
253,2,-0.799195,0.471585,0.0229824,1.0
253,3,1.23138,2.44599,-0.00883251,1.0
253,4,1.01185,-1.04344,0.0254345,1.0
253,5,0.17693,-0.706493,-0.0341592,1.0
253,6,0.758992,-2.63935,-0.00529846,1.0
253,7,0.439186,0.393437,0.0427951,1.0
253,8,-0.96573,-0.587151,-0.0612608,1.0
253,9,2.10744,-1.84107,0.0844128,1.0
253,11,-0.359434,-3.10419,0.00110362,1.0
253,13,-1.39422,-1.81526,0.0577576,1.0
253,14,-1.86875,1.86224,0.089008,1.0
253,15,0.259567,3.27941,0.0843191,1.0
253,16,0.197457,0.721363,0.0283512,1.0
253,17,-0.488915,1.62854,-0.0920639,1.0
253,18,1.74694,0.73052,0.099799,1.0
254,2,-0.742042,0.464778,0.0930588,1.0
254,3,1.25913,2.43219,0.0539689,1.0
254,4,0.992785,-1.07639,0.107014,1.0
254,5,0.177983,-0.73484,-0.090695,1.0
254,6,0.744137,-2.56752,0.0296301,1.0
254,7,0.445561,0.417117,0.046523,1.0
254,8,-0.994801,-0.635347,-0.0707587,1.0
254,9,2.07037,-1.80353,0.0461884,1.0
254,11,-0.381612,-3.11287,-0.115521,1.0
254,13,-1.3752,-1.84705,-0.0646305,1.0
254,14,-1.85828,1.81956,-0.180365,1.0
254,15,0.319627,3.25136,-0.0213438,1.0
254,16,0.21822,0.701646,0.0452839,1.0
254,17,-0.530646,1.57972,-0.0752731,1.0
254,18,1.72761,0.751613,0.072815,1.0
255,2,-0.708079,0.458353,-0.0356617,1.0
255,3,1.28726,2.40456,-0.0821194,1.0
255,4,0.972315,-1.1043,-0.0124896,1.0
255,5,0.178302,-0.774221,0.0529129,1.0
255,6,0.731849,-2.48759,0.067419,1.0
255,7,0.459863,0.44685,0.0523274,1.0
255,8,-1.03269,-0.68534,-0.0823194,1.0
255,9,2.03083,-1.76736,0.00491705,1.0
255,11,-0.412367,-3.12037,-0.0348917,1.0
255,13,-1.35024,-1.88401,0.0148429,1.0
255,14,-1.84338,1.77439,-0.0516701,1.0
255,15,0.371107,3.22251,0.0732473,1.0
255,16,0.257784,0.675243,0.0634847,1.0
255,17,-0.570322,1.54877,-0.0617503,1.0
255,18,1.70745,0.774274,0.0467507,1.0
256,2,-0.694548,0.445938,0.0362119,1.0
256,3,1.31717,2.36473,-0.0181649,1.0
256,4,0.947242,-1.12542,0.0629303,1.0
256,5,0.18142,-0.822779,-0.00172623,1.0
256,6,0.719714,-2.40378,0.106652,1.0
256,7,0.482066,0.481109,0.0538969,1.0
256,8,-1.07635,-0.733324,-0.0933838,1.0
256,9,1.99159,-1.73204,-0.0370057,1.0
256,11,-0.449446,-3.12434,0.0451,1.0
256,13,-1.32088,-1.9257,0.0952329,1.0
256,14,-1.82795,1.7277,-0.122568,1.0
256,15,0.412782,3.19208,-0.0301582,1.0
256,16,0.313672,0.644513,0.0873955,1.0
256,17,-0.604537,1.53571,-0.0472449,1.0
256,18,1.69106,0.798303,0.0210061,1.0
257,2,-0.702769,0.425923,-0.0893986,1.0
257,3,1.35123,2.31153,0.0458896,1.0
257,4,0.915368,-1.13261,-0.0631179,1.0
257,5,0.186774,-0.876936,-0.0575104,1.0
257,6,0.70467,-2.32092,-0.0551995,1.0
257,7,0.509667,0.51837,0.0543871,1.0
257,8,-1.12541,-0.778945,0.0920719,1.0
257,9,1.95501,-1.69518,-0.0790625,1.0
257,11,-0.487137,-3.12866,-0.0752631,1.0
257,13,-1.29067,-1.97201,-0.0253165,1.0
257,14,-1.81511,1.67877,0.00625335,1.0
257,15,0.446008,3.16441,0.0654395,1.0
257,16,0.384339,0.610243,-0.0861123,1.0
257,17,-0.62846,1.53899,-0.034461,1.0
257,18,1.68258,0.822072,-0.0057987,1.0
258,2,-0.731765,0.396608,-0.0150951,1.0
258,3,1.3854,2.24661,-0.0888137,1.0
258,4,0.875134,-1.12143,0.00743516,1.0
258,5,0.192326,-0.93127,0.0841999,1.0
258,6,0.683471,-2.24356,-0.0178306,1.0
258,7,0.539217,0.556351,0.0551779,1.0
258,8,-1.17664,-0.819448,0.0789717,1.0
258,9,1.92533,-1.65565,0.0774906,1.0
258,11,-0.522505,-3.13201,0.00439729,1.0
258,13,-1.25751,-2.02205,0.0547328,1.0
258,14,-1.80694,1.62707,-0.0662455,1.0
258,15,0.469608,3.13971,-0.0402013,1.0
258,16,0.462928,0.572396,-0.0605728,1.0
258,17,-0.639579,1.55698,-0.0221503,1.0
258,18,1.68579,0.847299,-0.033277,1.0
259,2,-0.776399,0.359283,0.0560031,1.0
259,3,1.41581,2.17415,-0.0217444,1.0
259,4,0.825474,-1.09233,0.0789259,1.0
259,5,0.194058,-0.979785,0.0259555,1.0
259,6,0.655595,-2.18106,0.0198032,1.0
259,7,0.564377,0.591864,0.0542389,1.0
259,8,-1.22813,-0.854287,0.0670571,1.0
259,9,1.90161,-1.61359,0.0318068,1.0
259,11,-0.554112,-3.13609,0.0831071,1.0
259,13,-1.22041,-2.0724,-0.0647265,1.0
259,14,-1.80177,1.57179,0.0596185,1.0
259,15,0.484809,3.11595,0.0521942,1.0
259,16,0.541004,0.533788,-0.039646,1.0
259,17,-0.633479,1.5868,-0.0108312,1.0
259,18,1.70508,0.873244,-0.0631208,1.0
260,2,-0.829083,0.315127,-0.0725687,1.0
260,3,1.44385,2.09826,0.0480724,1.0
260,4,0.764361,-1.04203,-0.0471419,1.0
260,5,0.193932,-1.01688,-0.0322437,1.0
260,6,0.62331,-2.13674,0.0547619,1.0
260,7,0.579019,0.623648,0.0530503,1.0
260,8,-1.27866,-0.883922,0.0534943,1.0
260,9,1.88172,-1.56877,-0.0136012,1.0
260,11,-0.577208,-3.1434,-0.0380876,1.0
260,13,-1.18116,-2.12182,0.0149264,1.0
260,14,-1.80214,1.51362,-0.0154828,1.0
260,15,0.49178,3.08893,0.144367,1.0
260,16,0.614035,0.493295,-0.0196912,1.0
260,17,-0.609871,1.62671,-0.00374331,1.0
260,18,1.742,0.895974,-0.094514,1.0
261,2,-0.883183,0.270188,-0.00296677,1.0
261,3,1.4646,2.02414,-0.078408,1.0
261,4,0.692804,-0.971138,0.0247239,1.0
261,5,0.189286,-1.04328,-0.0898614,1.0
261,6,0.586789,-2.11458,0.0911069,1.0
261,7,0.579555,0.653805,0.0501914,1.0
261,8,-1.3277,-0.907484,0.0365542,1.0
261,9,1.86907,-1.52014,-0.0570047,1.0
261,11,-0.590885,-3.15715,0.0409027,1.0
261,13,-1.14007,-2.16569,0.0936941,1.0
261,14,-1.80658,1.45231,-0.0888424,1.0
261,15,0.492708,3.05967,0.0353348,1.0
261,16,0.678112,0.451484,-0.000528963,1.0
261,17,-0.572526,1.67276,0.000387916,1.0
261,18,1.79258,0.91496,0.0750042,1.0
262,2,-0.932516,0.229259,0.0664179,1.0
262,3,1.4745,1.95245,-0.00514484,1.0
262,4,0.610686,-0.886314,0.0977839,1.0
262,5,0.180024,-1.05543,0.0530969,1.0
262,6,0.546601,-2.11577,-0.0719636,1.0
262,7,0.56689,0.680342,0.048353,1.0
262,8,-1.37616,-0.929646,0.021671,1.0
262,9,1.86075,-1.46887,0.0998103,1.0
262,11,-0.597271,-3.17501,-0.0810879,1.0
262,13,-1.09793,-2.19938,-0.0254032,1.0
262,14,-1.81196,1.38679,-0.162834,1.0
262,15,0.48863,3.02807,0.124404,1.0
262,16,0.729141,0.408266,0.0189388,1.0
262,17,-0.525006,1.72099,0.00536376,1.0
262,18,1.85843,0.928599,0.0469568,1.0
263,2,-0.972922,0.194075,-0.0648593,1.0
263,3,1.4768,1.88547,0.0671227,1.0
263,4,0.519081,-0.795512,-0.0271583,1.0
263,5,0.165432,-1.05259,-0.00182804,1.0
263,6,0.50527,-2.13257,-0.0351784,1.0
263,7,0.543161,0.698863,0.0486776,1.0
263,8,-1.42109,-0.951383,0.00994538,1.0
263,9,1.84969,-1.41558,0.0559962,1.0
263,11,-0.597944,-3.19833,-0.00534328,1.0
263,13,-1.05445,-2.22344,0.0548843,1.0
263,14,-1.8168,1.31758,-0.0393617,1.0
263,15,0.479163,2.99507,0.0113604,1.0
263,16,0.768183,0.367609,0.0357908,1.0
263,17,-0.468802,1.76921,0.0118229,1.0
263,18,1.93849,0.932979,0.0201853,1.0
264,2,-1.00054,0.164527,0.000697884,1.0
264,3,1.46754,1.82522,-0.0623855,1.0
264,4,0.421648,-0.706149,0.0452888,1.0
264,5,0.146979,-1.03199,-0.0562797,1.0
264,6,0.467652,-2.16414,0.00303034,1.0
264,7,0.513479,0.712682,0.0488961,1.0
264,8,-1.46453,-0.971166,-0.00248847,1.0
264,9,1.8341,-1.35918,0.0139507,1.0
264,11,-0.593161,-3.22976,0.0741295,1.0
264,13,-1.01359,-2.23657,-0.0639388,1.0
264,14,-1.81803,1.25024,-0.117242,1.0
264,15,0.464509,2.95627,0.0965569,1.0
264,16,0.801073,0.33313,0.0528365,1.0
264,17,-0.408344,1.81738,0.0200355,1.0
264,18,2.02433,0.927214,-0.00431165,1.0
265,2,-1.01349,0.140729,0.0669476,1.0
265,3,1.44597,1.77349,0.00737502,1.0
265,4,0.318307,-0.628387,-0.0868843,1.0
265,5,0.125312,-0.997833,0.090863,1.0
265,6,0.434595,-2.20534,0.0415259,1.0
265,7,0.482434,0.72581,0.0506723,1.0
265,8,-1.50583,-0.989994,-0.014613,1.0
265,9,1.81257,-1.29699,-0.0289471,1.0
265,11,-0.581677,-3.27126,-0.0461193,1.0
265,13,-0.974051,-2.23789,0.0175662,1.0
265,14,-1.81436,1.18222,0.00573512,1.0
265,15,0.447714,2.9131,-0.020591,1.0
265,16,0.833662,0.305213,0.0690189,1.0
265,17,-0.347954,1.85905,0.0271466,1.0
265,18,2.11632,0.912245,-0.0278849,1.0
266,2,-1.01548,0.12353,-0.0640207,1.0
266,3,1.40948,1.72664,-0.124943,1.0
266,4,0.204878,-0.567033,-0.0232098,1.0
266,5,0.100706,-0.953285,0.0382286,1.0
266,6,0.406059,-2.25007,0.0798039,1.0
266,7,0.448176,0.739138,0.054947,1.0
266,8,-1.54958,-1.00784,-0.0259864,1.0
266,9,1.78447,-1.23038,0.129536,1.0
266,11,-0.564001,-3.32185,0.0339746,1.0
266,13,-0.93934,-2.22687,0.0968121,1.0
266,14,-1.80712,1.11619,-0.0680363,1.0
266,15,0.431207,2.87049,0.0619944,1.0
266,16,0.870006,0.285248,0.0818158,1.0
266,17,-0.292609,1.89024,0.0308556,1.0
266,18,2.20835,0.888301,-0.0550047,1.0
267,2,-1.01121,0.111596,0.00683179,1.0
267,3,1.36295,1.6888,-0.0559537,1.0
267,4,0.084628,-0.52634,0.0395359,1.0
267,5,0.0747063,-0.904504,-0.0139754,1.0
267,6,0.38608,-2.2937,-0.0816626,1.0
267,7,0.413336,0.751249,0.0606246,1.0
267,8,-1.59243,-1.02593,-0.0379784,1.0
267,9,1.74637,-1.16092,0.0868609,1.0
267,11,-0.542729,-3.37881,-0.086702,1.0
267,13,-0.91028,-2.20449,-0.0261654,1.0
267,14,-1.79569,1.05512,0.0574255,1.0
267,15,0.415542,2.83144,-0.0552712,1.0
267,16,0.910499,0.272162,0.0938221,1.0
267,17,-0.247045,1.91138,0.0318003,1.0
267,18,2.30291,0.856116,-0.0830651,1.0
268,2,-1.00362,0.105842,0.0774662,1.0
268,3,1.30944,1.65794,0.0137966,1.0
268,4,-0.0370523,-0.505696,0.103606,1.0
268,5,0.045663,-0.855407,-0.0692162,1.0
268,6,0.375846,-2.33107,-0.0434178,1.0
268,7,0.375712,0.760992,0.0671373,1.0
268,8,-1.63603,-1.0434,-0.0478117,1.0
268,9,1.70203,-1.09085,0.0436602,1.0
268,11,-0.520802,-3.44051,-0.00715369,1.0
268,13,-0.886607,-2.16836,0.0525142,1.0
268,14,-1.7816,1.00326,-0.0186191,1.0
268,15,0.407292,2.80049,0.0302214,1.0
268,16,0.957992,0.266161,-0.0925268,1.0
268,17,-0.213088,1.9216,0.0312907,1.0
268,18,2.39889,0.813434,0.0911661,1.0
269,2,-0.993786,0.106022,-0.0520289,1.0
269,3,1.25359,1.63163,0.0847005,1.0
269,4,-0.153664,-0.503843,-0.0344108,1.0
269,5,0.0182956,-0.80812,0.0740012,1.0
269,6,0.374816,-2.36142,-0.00455534,1.0
269,7,0.33632,0.765489,0.0762301,1.0
269,8,-1.67987,-1.06081,-0.0562974,1.0
269,9,1.64885,-1.02024,0.000476857,1.0
269,11,-0.496944,-3.50371,0.0725784,1.0
269,13,-0.865933,-2.12414,-0.066117,1.0
269,14,-1.76611,0.960324,-0.092914,1.0
269,15,0.403539,2.77826,-0.081702,1.0
269,16,1.01094,0.257633,-0.0810442,1.0
269,17,-0.190092,1.92188,0.0298441,1.0
269,18,2.48959,0.767137,0.0669218,1.0
270,2,-0.983016,0.111131,0.0185468,1.0
270,3,1.20306,1.60836,-0.0441763,1.0
270,4,-0.259813,-0.518809,0.0245374,1.0
270,5,-0.00789698,-0.765844,0.0177971,1.0
270,6,0.382977,-2.38384,0.0370186,1.0
270,7,0.291019,0.765309,0.0843798,1.0
270,8,-1.72401,-1.07435,-0.0656698,1.0
270,9,1.58984,-0.948482,-0.0390137,1.0
270,11,-0.471846,-3.56615,-0.0463934,1.0
270,13,-0.845455,-2.07715,0.0162449,1.0
270,14,-1.74931,0.924201,-0.165697,1.0
270,15,0.403692,2.76483,0.00582742,1.0
270,16,1.06854,0.247658,-0.0742982,1.0
270,17,-0.180627,1.91425,0.0308859,1.0
270,18,2.57158,0.71768,0.0454493,1.0
271,2,-0.974914,0.12092,0.093732,1.0
271,3,1.16257,1.58991,0.0258954,1.0
271,4,-0.35675,-0.544252,0.0814305,1.0
271,5,-0.0303243,-0.728833,-0.0411673,1.0
271,6,0.402823,-2.40169,0.0793396,1.0
271,7,0.235318,0.760577,0.0973838,1.0
271,8,-1.76928,-1.08295,-0.0767506,1.0
271,9,1.52653,-0.881364,-0.0770855,1.0
271,11,-0.445306,-3.62726,0.0355414,1.0
271,13,-0.826323,-2.02842,0.099228,1.0
271,14,-1.73299,0.894775,-0.0375309,1.0
271,15,0.408101,2.75823,0.0921532,1.0
271,16,1.12748,0.235202,-0.0691321,1.0
271,17,-0.185349,1.90285,0.0347788,1.0
271,18,2.64562,0.66924,0.0236275,1.0
272,2,-0.969058,0.132202,-0.0305933,1.0
272,3,1.13149,1.57243,-0.105312,1.0
272,4,-0.445384,-0.577128,-0.0624341,1.0
272,5,-0.0494019,-0.697157,-0.0996101,1.0
272,6,0.429168,-2.41472,-0.0792019,1.0
272,7,0.169377,0.749995,-0.0836261,1.0
272,8,-1.81424,-1.08888,-0.086,1.0
272,9,1.45967,-0.822551,0.0836002,1.0
272,11,-0.415258,-3.68256,-0.0813133,1.0
272,13,-0.810013,-1.98247,-0.0186972,1.0
272,14,-1.71835,0.872273,-0.108004,1.0
272,15,0.417362,2.75873,-0.0229528,1.0
272,16,1.18889,0.220627,-0.064116,1.0
272,17,-0.20602,1.88577,0.0369177,1.0
272,18,2.70961,0.61958,-0.000338461,1.0
273,2,-0.968435,0.14357,0.0431398,1.0
273,3,1.11035,1.55989,-0.0332635,1.0
273,4,-0.524234,-0.614821,-0.00566502,1.0
273,5,-0.0614646,-0.672398,0.042029,1.0
273,6,0.460383,-2.42378,-0.0399794,1.0
273,7,0.0971098,0.734514,-0.0644025,1.0
273,8,-1.85832,-1.09249,-0.0927623,1.0
273,9,1.39048,-0.776476,0.044365,1.0
273,11,-0.384821,-3.72963,0.00477757,1.0
273,13,-0.795566,-1.94006,0.0640128,1.0
273,14,-1.70374,0.855272,0.0243351,1.0
273,15,0.431051,2.76787,0.063111,1.0
273,16,1.25188,0.206989,-0.062401,1.0
273,17,-0.243451,1.86065,0.0369262,1.0
273,18,2.76109,0.568547,-0.0248588,1.0
274,2,-0.974269,0.15351,-0.0829046,1.0
274,3,1.09596,1.55014,0.0408681,1.0
274,4,-0.592023,-0.65254,0.0482834,1.0
274,5,-0.0656725,-0.655087,-0.0145329,1.0
274,6,0.497791,-2.42815,-0.0017469,1.0
274,7,0.0248478,0.714196,-0.0473604,1.0
274,8,-1.90483,-1.09196,-0.100458,1.0
274,9,1.31612,-0.739162,0.00765089,1.0
274,11,-0.357161,-3.77197,-0.109781,1.0
274,13,-0.78177,-1.90082,-0.0509342,1.0
274,14,-1.68634,0.840255,-0.0431158,1.0
274,15,0.447904,2.78448,0.148852,1.0
274,16,1.3124,0.195974,-0.0607866,1.0
274,17,-0.298137,1.83091,0.0357304,1.0
274,18,2.80124,0.515829,-0.0498273,1.0
275,2,-0.990953,0.164986,-0.0113402,1.0
275,3,1.08876,1.54016,-0.0827291,1.0
275,4,-0.647674,-0.685641,-0.0966707,1.0
275,5,-0.0601757,-0.647302,-0.0696733,1.0
275,6,0.53903,-2.42633,0.0364653,1.0
275,7,-0.0392689,0.691189,-0.029808,1.0
275,8,-1.95275,-1.08663,0.0914176,1.0
275,9,1.23849,-0.711856,-0.02821,1.0
275,11,-0.327485,-3.80772,-0.0248748,1.0
275,13,-0.767057,-1.86954,0.0322655,1.0
275,14,-1.67005,0.830982,0.0879148,1.0
275,15,0.468452,2.80702,0.0345439,1.0
275,16,1.36947,0.187855,-0.0594729,1.0
275,17,-0.365137,1.79588,0.0349906,1.0
275,18,2.83025,0.463531,-0.0743857,1.0
276,2,-1.01947,0.181527,0.0601123,1.0
276,3,1.08379,1.53212,-0.00894658,1.0
276,4,-0.690506,-0.715455,-0.0431412,1.0
276,5,-0.051476,-0.646368,0.0743272,1.0
276,6,0.58153,-2.41956,0.0746026,1.0
276,7,-0.0913563,0.665422,-0.011947,1.0
276,8,-2.00216,-1.07583,0.0819171,1.0
276,9,1.16281,-0.693153,-0.0634419,1.0
276,11,-0.296994,-3.83696,0.06097,1.0
276,13,-0.755107,-1.85295,-0.0822741,1.0
276,14,-1.65415,0.827093,-0.180711,1.0
276,15,0.490023,2.83121,0.118911,1.0
276,16,1.4231,0.18547,-0.059191,1.0
276,17,-0.441484,1.76312,0.0342303,1.0
276,18,2.85132,0.409447,-0.0972251,1.0
277,2,-1.05712,0.201878,-0.0650774,1.0
277,3,1.07946,1.52646,0.0629605,1.0
277,4,-0.723344,-0.74107,0.00957781,1.0
277,5,-0.0426213,-0.65322,0.0214136,1.0
277,6,0.621708,-2.40725,-0.087352,1.0
277,7,-0.127849,0.641674,0.00649302,1.0
277,8,-2.04793,-1.06299,0.0714055,1.0
277,9,1.09007,-0.682471,-0.0990492,1.0
277,11,-0.268884,-3.85723,-0.0533411,1.0
277,13,-0.745274,-1.85077,0.00317649,1.0
277,14,-1.64332,0.827954,-0.0533411,1.0
277,15,0.510532,2.85285,0.0010499,1.0
277,16,1.47068,0.187403,-0.0581454,1.0
277,17,-0.524719,1.74027,0.0311461,1.0
277,18,2.86185,0.352884,0.0821622,1.0
278,2,-1.10323,0.223406,0.00806704,1.0
278,3,1.07415,1.52024,-0.0665171,1.0
278,4,-0.745485,-0.764043,0.0640883,1.0
278,5,-0.0344356,-0.666095,-0.0311694,1.0
278,6,0.660302,-2.38735,-0.0488879,1.0
278,7,-0.146474,0.622276,0.0256463,1.0
278,8,-2.09061,-1.04792,0.0586347,1.0
278,9,1.01809,-0.681542,0.0657948,1.0
278,11,-0.241036,-3.86724,0.0308996,1.0
278,13,-0.735186,-1.86344,0.0888429,1.0
278,14,-1.63667,0.830656,-0.127734,1.0
278,15,0.528462,2.87065,0.0828186,1.0
278,16,1.51098,0.193156,-0.0559166,1.0
278,17,-0.610933,1.72784,0.0242821,1.0
278,18,2.86264,0.295282,0.0633255,1.0
279,2,-1.15765,0.249079,0.0808093,1.0
279,3,1.06316,1.51151,0.00042072,1.0
279,4,-0.76003,-0.783751,-0.0818629,1.0
279,5,-0.0260259,-0.682054,-0.0874349,1.0
279,6,0.696062,-2.36221,-0.00859755,1.0
279,7,-0.146311,0.60556,0.0447587,1.0
279,8,-2.12902,-1.03027,0.0439126,1.0
279,9,0.946412,-0.690843,0.0338771,1.0
279,11,-0.210648,-3.86634,-0.0849379,1.0
279,13,-0.725226,-1.89065,-0.0272455,1.0
279,14,-1.63586,0.832499,-0.0037478,1.0
279,15,0.545848,2.88367,-0.0332167,1.0
279,16,1.5473,0.204622,-0.0549706,1.0
279,17,-0.695782,1.72683,0.0170706,1.0
279,18,2.8576,0.237538,0.0427926,1.0
280,2,-1.22182,0.278065,-0.0445157,1.0
280,3,1.04503,1.5007,0.0684184,1.0
280,4,-0.76672,-0.803283,-0.0292299,1.0
280,5,-0.0205319,-0.70236,0.0547219,1.0
280,6,0.730134,-2.33256,0.0319437,1.0
280,7,-0.128052,0.589383,0.0686307,1.0
280,8,-2.16373,-1.01352,0.0301089,1.0
280,9,0.877985,-0.708854,0.00568524,1.0
280,11,-0.180117,-3.85674,0.00127654,1.0
280,13,-0.714926,-1.93,0.0526573,1.0
280,14,-1.64102,0.829066,-0.0783977,1.0
280,15,0.560635,2.89161,0.0513266,1.0
280,16,1.57726,0.222263,-0.0552169,1.0
280,17,-0.773056,1.73683,0.00878702,1.0
280,18,2.85112,0.178851,0.0211985,1.0
281,2,-1.29571,0.309737,0.0300747,1.0
281,3,1.01825,1.48906,-0.0633736,1.0
281,4,-0.766436,-0.822552,0.0196215,1.0
281,5,-0.0186156,-0.725519,-0.0021014,1.0
281,6,0.759705,-2.29884,0.0728373,1.0
281,7,-0.0936282,0.571762,0.0977663,1.0
281,8,-2.19188,-0.997101,0.0186318,1.0
281,9,0.809497,-0.734624,-0.0226379,1.0
281,11,-0.150509,-3.83703,0.0925795,1.0
281,13,-0.702749,-1.97953,-0.0674483,1.0
281,14,-1.65138,0.81785,0.0470383,1.0
281,15,0.572899,2.89453,-0.0661274,1.0
281,16,1.60063,0.244127,-0.0557632,1.0
281,17,-0.840226,1.75834,0.00119289,1.0
281,18,2.84158,0.119665,0.00168591,1.0
282,2,-1.37826,0.340936,0.105214,1.0
282,3,0.987068,1.47938,0.00489982,1.0
282,4,-0.763531,-0.838777,0.069398,1.0
282,5,-0.0150515,-0.748454,-0.0596122,1.0
282,6,0.786003,-2.26485,-0.085571,1.0
282,7,-0.0474692,0.55368,-0.0715313,1.0
282,8,-2.21282,-0.978688,0.00772798,1.0
282,9,0.738931,-0.764658,-0.0475954,1.0
282,11,-0.117837,-3.80704,-0.0127045,1.0
282,13,-0.689311,-2.04035,0.0106023,1.0
282,14,-1.66535,0.798496,-0.0258541,1.0
282,15,0.582318,2.89403,0.0137033,1.0
282,16,1.61153,0.268115,-0.0527805,1.0
282,17,-0.897163,1.79238,-0.00845084,1.0
282,18,2.82897,0.0592511,-0.0182342,1.0
283,2,-1.46149,0.373022,-0.0184185,1.0
283,3,0.954743,1.47153,0.0758268,1.0
283,4,-0.759742,-0.852558,-0.0786984,1.0
283,5,-0.00684987,-0.775228,0.0842963,1.0
283,6,0.809169,-2.23058,-0.0479287,1.0
283,7,0.000994079,0.5384,-0.0410694,1.0
283,8,-2.22682,-0.960468,-0.00108125,1.0
283,9,0.666172,-0.7969,-0.0689574,1.0
283,11,-0.0840617,-3.76955,0.0829484,1.0
283,13,-0.675362,-2.11083,0.0879527,1.0
283,14,-1.67823,0.770873,-0.0974942,1.0
283,15,0.586756,2.88823,0.0932876,1.0
283,16,1.61036,0.290518,-0.0483386,1.0
283,17,-0.94228,1.83267,-0.0187569,1.0
283,18,2.81347,-0.00187489,-0.0386538,1.0
284,2,-1.53915,0.406125,0.0568265,1.0
284,3,0.918794,1.46732,-0.051553,1.0
284,4,-0.760373,-0.858933,-0.0275075,1.0
284,5,0.00383112,-0.804709,0.0263365,1.0
284,6,0.829165,-2.19921,-0.0108607,1.0
284,7,0.0442556,0.526338,-0.0101949,1.0
284,8,-2.23494,-0.942667,-0.0101808,1.0
284,9,0.5931,-0.83069,0.112263,1.0
284,11,-0.0488846,-3.72267,-0.0190021,1.0
284,13,-0.661846,-2.18722,-0.0314497,1.0
284,14,-1.68726,0.736518,-0.168124,1.0
284,15,0.586662,2.87902,-0.0256631,1.0
284,16,1.59919,0.312353,-0.0450858,1.0
284,17,-0.977496,1.87675,-0.0294454,1.0
284,18,2.79375,-0.0641132,-0.0582507,1.0
285,2,-1.61003,0.437784,-0.066883,1.0
285,3,0.881853,1.47008,0.0200719,1.0
285,4,-0.768874,-0.860328,0.0238768,1.0
285,5,0.0196522,-0.83731,-0.0334949,1.0
285,6,0.847462,-2.17106,0.0266815,1.0
285,7,0.0792351,0.516229,0.0218032,1.0
285,8,-2.23708,-0.921576,-0.0205949,1.0
285,9,0.521738,-0.865112,0.0940602,1.0
285,11,-0.0123363,-3.66796,0.0780549,1.0
285,13,-0.648124,-2.26611,0.0512469,1.0
285,14,-1.69271,0.698131,-0.0370948,1.0
285,15,0.582524,2.86627,0.0541865,1.0
285,16,1.57584,0.330908,-0.0418419,1.0
285,17,-1.00491,1.92431,-0.0416466,1.0
285,18,2.77053,-0.133041,-0.078769,1.0
286,2,-1.67585,0.472355,0.00882515,1.0
286,3,0.84341,1.48004,-0.107176,1.0
286,4,-0.786817,-0.854724,0.075226,1.0
286,5,0.0430594,-0.869274,-0.0935449,1.0
286,6,0.866793,-2.14789,0.0608096,1.0
286,7,0.103743,0.505541,0.0547568,1.0
286,8,-2.23225,-0.899161,-0.0342946,1.0
286,9,0.455652,-0.897284,0.0748504,1.0
286,11,0.0248088,-3.60597,-0.0261657,1.0
286,13,-0.634151,-2.34119,-0.0657616,1.0
286,14,-1.69068,0.655904,-0.108697,1.0
286,15,0.573124,2.8497,0.133747,1.0
286,16,1.54343,0.345688,-0.0374892,1.0
286,17,-1.02655,1.9685,-0.0556423,1.0
286,18,2.7431,-0.206026,-0.0976789,1.0
287,2,-1.73289,0.508744,0.085203,1.0
287,3,0.804709,1.49908,-0.0343673,1.0
287,4,-0.817123,-0.844264,-0.0730031,1.0
287,5,0.0731706,-0.903485,0.0454234,1.0
287,6,0.889976,-2.12874,0.0978443,1.0
287,7,0.11483,0.492436,0.0884879,1.0
287,8,-2.21956,-0.877717,-0.0458333,1.0
287,9,0.397787,-0.923136,0.0601287,1.0
287,11,0.0620692,-3.53749,0.0720128,1.0
287,13,-0.61842,-2.40639,0.016633,1.0
287,14,-1.68053,0.607377,0.0198295,1.0
287,15,0.560064,2.83351,0.012462,1.0
287,16,1.5061,0.357141,-0.03361,1.0
287,17,-1.04205,2.01104,-0.0697366,1.0
287,18,2.70912,-0.281676,0.0843576,1.0
288,2,-1.77899,0.549587,-0.0400184,1.0
288,3,0.766389,1.52444,0.0360808,1.0
288,4,-0.862786,-0.829587,-0.024722,1.0
288,5,0.109281,-0.938661,-0.0154819,1.0
288,6,0.916996,-2.11397,-0.0599524,1.0
288,7,0.111388,0.477607,-0.0767202,1.0
288,8,-2.20282,-0.858525,-0.0571173,1.0
288,9,0.346793,-0.942965,0.0459256,1.0
288,11,0.10167,-3.46812,-0.0271985,1.0
288,13,-0.603474,-2.45899,0.0993254,1.0
288,14,-1.66323,0.554951,-0.0505495,1.0
288,15,0.544174,2.81767,0.0905906,1.0
288,16,1.46412,0.365126,-0.028604,1.0
288,17,-1.05183,2.04867,-0.0839834,1.0
288,18,2.66963,-0.358265,0.0679804,1.0
289,2,-1.81619,0.594692,0.0322981,1.0
289,3,0.729951,1.55066,-0.0919418,1.0
289,4,-0.920379,-0.81143,0.0203119,1.0
289,5,0.152464,-0.973053,-0.0776599,1.0
289,6,0.946633,-2.10584,-0.0179293,1.0
289,7,0.0912221,0.463884,-0.0399039,1.0
289,8,-2.18341,-0.840566,-0.0708815,1.0
289,9,0.300642,-0.959895,0.03458,1.0
289,11,0.146014,-3.39928,0.0736726,1.0
289,13,-0.591538,-2.49818,-0.0154676,1.0
289,14,-1.63885,0.500209,0.0814608,1.0
289,15,0.525142,2.80348,-0.0324307,1.0
289,16,1.41955,0.368368,-0.0205278,1.0
289,17,-1.05528,2.07977,-0.0976532,1.0
289,18,2.62281,-0.437487,0.0531065,1.0
290,2,-1.84376,0.637539,0.108081,1.0
290,3,0.691881,1.57773,-0.0218206,1.0
290,4,-0.984718,-0.794201,0.0668515,1.0
290,5,0.206124,-1.00504,0.0570608,1.0
290,6,0.980304,-2.10452,0.0232378,1.0
290,7,0.0546504,0.448742,-0.00473598,1.0
290,8,-2.16285,-0.826119,-0.0863316,1.0
290,9,0.258165,-0.972314,0.0247248,1.0
290,11,0.195703,-3.33551,-0.0259289,1.0
290,13,-0.582651,-2.51944,0.0710211,1.0
290,14,-1.60715,0.451045,-0.188236,1.0
290,15,0.499899,2.79034,0.0462826,1.0
290,16,1.37841,0.367653,-0.0106296,1.0
290,17,-1.05493,2.10555,0.0911114,1.0
290,18,2.56656,-0.517065,0.0396921,1.0
291,2,-1.86528,0.679351,-0.0182782,1.0
291,3,0.654668,1.60368,0.0471542,1.0
291,4,-1.04953,-0.775901,-0.0855536,1.0
291,5,0.26736,-1.03399,-0.00770847,1.0
291,6,1.01835,-2.10491,0.062854,1.0
291,7,0.00427452,0.430537,0.0298099,1.0
291,8,-2.14638,-0.815686,0.0979394,1.0
291,9,0.220946,-0.983816,0.0148458,1.0
291,11,0.251586,-3.27787,0.0738547,1.0
291,13,-0.581138,-2.52485,-0.0395466,1.0
291,14,-1.56734,0.411734,-0.0563499,1.0
291,15,0.467711,2.78096,-0.0734964,1.0
291,16,1.3374,0.361326,-0.000522647,1.0
291,17,-1.05033,2.12515,0.0802186,1.0
291,18,2.49886,-0.597809,0.0239149,1.0
292,2,-1.87819,0.721263,0.0570927,1.0
292,3,0.616403,1.6236,-0.0802997,1.0
292,4,-1.10758,-0.758685,-0.037842,1.0
292,5,0.329883,-1.06065,-0.0730408,1.0
292,6,1.06012,-2.10634,0.103487,1.0
292,7,-0.0598682,0.412247,0.0671199,1.0
292,8,-2.13518,-0.811536,0.0788311,1.0
292,9,0.18594,-0.991804,0.00473993,1.0
292,11,0.312581,-3.22318,-0.0247183,1.0
292,13,-0.589414,-2.51469,0.0503946,1.0
292,14,-1.52035,0.382142,-0.122511,1.0
292,15,0.432409,2.77563,0.00731795,1.0
292,16,1.2986,0.350483,0.0079768,1.0
292,17,-1.04137,2.13895,0.0668985,1.0
292,18,2.42045,-0.678136,0.00865558,1.0
293,2,-1.88297,0.760375,-0.0665935,1.0
293,3,0.578079,1.63805,-0.00587526,1.0
293,4,-1.15176,-0.747335,0.00493368,1.0
293,5,0.387625,-1.07941,0.0636072,1.0
293,6,1.10854,-2.10957,-0.0553017,1.0
293,7,-0.134514,0.394626,-0.0947113,1.0
293,8,-2.1294,-0.813192,0.0580498,1.0
293,9,0.15406,-0.997799,-0.00709164,1.0
293,11,0.379012,-3.17438,0.0776855,1.0
293,13,-0.604786,-2.4891,-0.0596834,1.0
293,14,-1.47039,0.363728,0.00997703,1.0
293,15,0.396773,2.77731,0.0892296,1.0
293,16,1.2586,0.339049,0.0149487,1.0
293,17,-1.02866,2.14751,0.0569579,1.0
293,18,2.33136,-0.759423,-0.00598004,1.0
294,2,-1.87805,0.796538,0.00860717,1.0
294,3,0.539492,1.64117,0.0689788,1.0
294,4,-1.1815,-0.744569,0.0460011,1.0
294,5,0.438865,-1.09145,0.00223414,1.0
294,6,1.16354,-2.11079,-0.0145469,1.0
294,7,-0.209568,0.378316,-0.0570335,1.0
294,8,-2.12736,-0.818476,0.0380848,1.0
294,9,0.127276,-1.00246,-0.018777,1.0
294,11,0.448999,-3.13205,-0.0224692,1.0
294,13,-0.627532,-2.45028,0.0320875,1.0
294,14,-1.4194,0.358423,-0.0562683,1.0
294,15,0.360527,2.78474,-0.0262565,1.0
294,16,1.21939,0.324067,0.0214869,1.0
294,17,-1.01216,2.15094,0.0478931,1.0
294,18,2.23463,-0.84147,-0.0200387,1.0
295,2,-1.86629,0.831019,0.0835434,1.0
295,3,0.501,1.6351,-0.0554162,1.0
295,4,-1.19814,-0.748418,0.0861525,1.0
295,5,0.481658,-1.09343,-0.0549364,1.0
295,6,1.22506,-2.10802,0.0281431,1.0
295,7,-0.278522,0.362059,-0.0227034,1.0
295,8,-2.12615,-0.827133,0.0142693,1.0
295,9,0.105197,-1.01034,-0.0316337,1.0
295,11,0.515535,-3.09483,0.0754492,1.0
295,13,-0.655925,-2.40102,-0.0743796,1.0
295,14,-1.36951,0.369515,0.0768386,1.0
295,15,0.322002,2.79925,0.0565672,1.0
295,16,1.17997,0.306203,0.0273388,1.0
295,17,-0.994678,2.14742,0.0388257,1.0
295,18,2.13085,-0.922143,-0.0373404,1.0
296,2,-1.84964,0.864517,-0.0385567,1.0
296,3,0.463556,1.61626,0.0158394,1.0
296,4,-1.20051,-0.764214,-0.0732401,1.0
296,5,0.515073,-1.0861,-0.111609,1.0
296,6,1.29149,-2.09668,0.0715929,1.0
296,7,-0.334643,0.346435,0.00681673,1.0
296,8,-2.12661,-0.836265,-0.0123165,1.0
296,9,0.0902548,-1.01719,-0.0462462,1.0
296,11,0.57786,-3.06144,-0.026233,1.0
296,13,-0.687687,-2.34374,0.0207551,1.0
296,14,-1.32404,0.393689,-0.189521,1.0
296,15,0.28439,2.82332,0.140054,1.0
296,16,1.13921,0.285744,0.0348957,1.0
296,17,-0.97405,2.13595,0.0274844,1.0
296,18,2.02043,-1.0002,-0.0547423,1.0
297,2,-1.82827,0.899587,0.040863,1.0
297,3,0.431001,1.58419,0.0874257,1.0
297,4,-1.19146,-0.791883,-0.0341258,1.0
297,5,0.53638,-1.07252,0.0287047,1.0
297,6,1.35947,-2.08425,-0.0837919,1.0
297,7,-0.378859,0.335446,0.0388256,1.0
297,8,-2.12917,-0.845195,-0.0360909,1.0
297,9,0.0844433,-1.02408,-0.0632313,1.0
297,11,0.633439,-3.03435,0.0740223,1.0
297,13,-0.717771,-2.28005,-0.0855522,1.0
297,14,-1.28032,0.429506,-0.0561873,1.0
297,15,0.246508,2.85514,0.0227083,1.0
297,16,1.0961,0.267375,0.0453496,1.0
297,17,-0.951905,2.11656,0.0178969,1.0
297,18,1.9084,-1.0704,-0.0744479,1.0
298,2,-1.80256,0.933505,-0.0788461,1.0
298,3,0.400034,1.54004,-0.0409132,1.0
298,4,-1.17516,-0.82912,0.00550269,1.0
298,5,0.543564,-1.0551,-0.0307237,1.0
298,6,1.42548,-2.07716,-0.0385719,1.0
298,7,-0.410711,0.328197,0.0721804,1.0
298,8,-2.13682,-0.854715,-0.0622413,1.0
298,9,0.0894491,-1.03094,0.120438,1.0
298,11,0.679032,-3.01099,-0.0273598,1.0
298,13,-0.746483,-2.2123,0.00901098,1.0
298,14,-1.23693,0.47536,-0.127667,1.0
298,15,0.209813,2.89069,0.10549,1.0
298,16,1.04915,0.248924,0.054389,1.0
298,17,-0.930133,2.08972,0.00710767,1.0
298,18,1.79748,-1.1274,-0.0949197,1.0
299,2,-1.77685,0.965226,0.0026439,1.0
299,3,0.368862,1.48516,0.0319455,1.0
299,4,-1.15535,-0.872291,0.0472348,1.0
299,5,0.531917,-1.03333,-0.0889355,1.0
299,6,1.49313,-2.07327,0.00504485,1.0
299,7,-0.431683,0.325788,-0.0942778,1.0
299,8,-2.14888,-0.863108,-0.0882115,1.0
299,9,0.103565,-1.0375,-0.0971556,1.0
299,11,0.714002,-2.99111,0.0730812,1.0
299,13,-0.774466,-2.14749,-0.0992014,1.0
299,14,-1.1921,0.527753,-0.00307664,1.0
299,15,0.174135,2.92705,-0.0123099,1.0
299,16,1.00144,0.230685,0.0647094,1.0
299,17,-0.91048,2.05877,-0.00407128,1.0
299,18,1.69202,-1.16991,0.0846896,1.0
300,2,-1.7511,0.996381,0.0851117,1.0
300,3,0.337379,1.42815,-0.095777,1.0
300,4,-1.13112,-0.912169,0.091087,1.0
300,5,0.497727,-1.0069,0.0482789,1.0
300,6,1.55937,-2.06925,0.0467224,1.0
300,7,-0.445728,0.324655,-0.0601394,1.0
300,8,-2.16637,-0.871589,0.0866943,1.0
300,9,0.126659,-1.04579,0.0838173,1.0
300,11,0.734237,-2.97255,-0.0260449,1.0
300,13,-0.797162,-2.08594,-0.00947029,1.0
300,14,-1.14587,0.581567,-0.083077,1.0
300,15,0.14099,2.96359,0.0687946,1.0
300,16,0.957063,0.212184,0.0758491,1.0
300,17,-0.892245,2.02633,-0.0131236,1.0
300,18,1.59433,-1.19966,0.0648884,1.0
