frame,particle,x,y,z,mass
0,1,-1.68663,0.811422,-0.00597969,1.0
0,2,-0.817341,-1.18844,-0.0718748,1.0
0,3,-2.19067,1.92106,-0.0378598,1.0
0,4,-0.39304,1.87361,0.00383925,1.0
0,5,0.537142,3.0044,-0.093983,1.0
0,6,-1.9908,-2.44828,0.0120369,1.0
0,7,-0.518877,0.699738,-0.0496899,1.0
0,8,0.708123,1.85921,0.0914485,1.0
0,9,1.84901,1.0678,0.0929266,1.0
0,10,1.00035,-2.10467,0.0653681,1.0
0,11,-0.602899,0.145578,-0.0722352,1.0
0,12,-1.2473,3.52306,-0.00907442,1.0
0,13,1.95164,-1.15102,0.0189166,1.0
0,14,-0.919299,-2.51122,-0.0755417,1.0
0,15,1.52168,-0.575465,-0.0502823,1.0
0,16,0.352846,-0.627778,0.0548375,1.0
0,17,0.46877,1.05791,-0.0935204,1.0
0,18,-2.17291,-0.574694,-0.00370236,1.0
0,19,0.71132,-1.85621,0.00391912,1.0
0,20,0.536201,-0.525464,0.0392377,1.0
1,1,-1.70868,0.779712,0.0243149,1.0
1,2,-0.82897,-1.159,0.0110043,1.0
1,3,-2.19757,1.94309,-0.028965,1.0
1,4,-0.365056,1.85728,0.0706094,1.0
1,5,0.516107,3.02088,-0.0277685,1.0
1,6,-2.01721,-2.4502,-0.00609584,1.0
1,7,-0.589855,0.694779,-0.00545122,1.0
1,8,0.751826,1.83582,0.0794787,1.0
1,9,1.84626,1.0711,0.0099645,1.0
1,12,-1.22242,3.45899,-0.0564587,1.0
1,13,1.90483,-1.14008,-0.00571544,1.0
1,14,-0.888294,-2.50318,0.0335852,1.0
1,16,0.268452,-0.660838,0.103513,1.0
1,18,-2.22765,-0.58122,-0.0148362,1.0
1,19,0.670737,-1.82706,0.00795875,1.0
1,36,1.34933,0.150572,-0.000791323,1.0
2,1,-1.731,0.743414,0.0534153,1.0
2,2,-0.849467,-1.12482,-0.107568,1.0
2,3,-2.20004,1.9725,-0.0191313,1.0
2,4,-0.349424,1.84935,-0.0639362,1.0
2,5,0.491677,3.04347,0.0404492,1.0
2,6,-2.04969,-2.4435,0.169917,1.0
2,7,-0.647808,0.676904,0.0390791,1.0
2,8,0.800011,1.80221,0.0715195,1.0
2,9,1.846,1.0779,-0.0730697,1.0
2,12,-1.19312,3.38649,0.0968425,1.0
2,13,1.85452,-1.12995,-0.0300987,1.0
2,14,-0.84011,-2.49669,-0.060652,1.0
2,16,0.185652,-0.681506,-0.0482713,1.0
2,18,-2.27434,-0.589375,-0.0268268,1.0
2,19,0.624007,-1.80588,-0.187522,1.0
2,36,1.33602,0.142081,-0.000396604,1.0
3,1,-1.75549,0.703579,0.081104,1.0
3,2,-0.875749,-1.08815,-0.0273273,1.0
3,3,-2.19568,2.00684,-0.0109597,1.0
3,4,-0.34678,1.8463,0.000375976,1.0
3,5,0.461929,3.0687,-0.0900517,1.0
3,6,-2.08572,-2.42872,-0.0563932,1.0
3,7,-0.690785,0.647205,0.0859625,1.0
3,8,0.850542,1.76042,0.0640167,1.0
3,9,1.85265,1.08953,0.0400961,1.0
3,12,-1.15538,3.30668,0.0483278,1.0
3,13,1.80164,-1.11939,-0.0518411,1.0
3,14,-0.780162,-2.4861,0.0443567,1.0
3,16,0.104093,-0.689094,0.00184928,1.0
3,18,-2.31299,-0.60003,-0.0400474,1.0
3,19,0.573126,-1.79403,0.0167507,1.0
3,36,1.31212,0.125637,-0.000143626,1.0
4,1,-1.78275,0.661653,-0.0912876,1.0
4,2,-0.907817,-1.05233,0.0518681,1.0
4,3,-2.18286,2.04251,-0.00270241,1.0
4,4,-0.356918,1.84391,0.0634528,1.0
4,5,0.426802,3.0932,-0.0215834,1.0
4,6,-2.11858,-2.4094,0.118994,1.0
4,7,-0.719635,0.609607,-0.0664532,1.0
4,8,0.898613,1.71822,0.0550978,1.0
4,9,1.86715,1.10489,-0.0478563,1.0
4,12,-1.11156,3.21841,0.000677714,1.0
4,13,1.74788,-1.11059,-0.072914,1.0
4,14,-0.711167,-2.47419,-0.0477869,1.0
4,16,0.0265556,-0.682617,0.0529864,1.0
4,18,-2.34569,-0.614739,-0.0532884,1.0
4,19,0.520776,-1.78973,0.0239564,1.0
4,36,1.27429,0.102135,0.000894063,1.0
5,1,-1.81373,0.617525,-0.06277,1.0
5,2,-0.946705,-1.01577,-0.0706957,1.0
5,3,-2.16217,2.07854,0.00577435,1.0
5,4,-0.377003,1.8432,-0.073951,1.0
5,5,0.388866,3.11432,0.0474527,1.0
5,6,-2.14663,-2.38383,0.0940408,1.0
5,7,-0.734576,0.564713,-0.0183043,1.0
5,8,0.942682,1.67833,0.0466278,1.0
5,9,1.89139,1.12056,0.0641764,1.0
5,12,-1.06273,3.1251,-0.046254,1.0
5,13,1.69269,-1.10333,-0.0920855,1.0
5,14,-0.638894,-2.46082,0.0608978,1.0
5,16,-0.042765,-0.663114,0.103629,1.0
5,18,-2.37299,-0.634682,-0.0659366,1.0
5,19,0.469494,-1.79252,-0.168858,1.0
5,36,1.22385,0.0782645,0.00340171,1.0
6,1,-1.84532,0.575676,-0.0363796,1.0
6,2,-0.99251,-0.98086,0.00567698,1.0
6,3,-2.13359,2.11002,0.0179153,1.0
6,4,-0.401222,1.8419,-0.0120995,1.0
6,5,0.352131,3.12741,-0.0852128,1.0
6,6,-2.16775,-2.353,0.0668804,1.0
6,7,-0.733319,0.515808,0.0309006,1.0
6,8,0.974989,1.63833,0.0393551,1.0
6,9,1.92583,1.14047,-0.0231604,1.0
6,12,-1.01217,3.03008,-0.0918016,1.0
6,13,1.63729,-1.0978,0.0879098,1.0
6,14,-0.568096,-2.44942,-0.0309217,1.0
6,16,-0.106851,-0.631987,-0.0448838,1.0
6,18,-2.39836,-0.65811,-0.07687,1.0
6,19,0.424054,-1.79899,0.0402603,1.0
6,36,1.16144,0.0569386,0.00724839,1.0
7,1,-1.8757,0.537151,-0.0145186,1.0
7,2,-1.04238,-0.950554,0.0825253,1.0
7,3,-2.09829,2.13756,0.0298433,1.0
7,4,-0.425463,1.8352,0.0501152,1.0
7,5,0.317582,3.13443,-0.0173944,1.0
7,6,-2.18158,-2.3158,0.0392588,1.0
7,7,-0.71808,0.465996,0.080257,1.0
7,8,0.9967,1.59762,0.0311085,1.0
7,9,1.96885,1.15971,-0.107927,1.0
7,12,-0.966823,2.93325,0.0623622,1.0
7,13,1.58372,-1.09847,0.070113,1.0
7,14,-0.504244,-2.44344,0.0734992,1.0
7,16,-0.16507,-0.595496,0.00393841,1.0
7,18,-2.41802,-0.686519,-0.0865159,1.0
7,19,0.3887,-1.80463,-0.148295,1.0
7,36,1.08781,0.0394693,0.00815695,1.0
8,1,-1.90937,0.503427,0.00397453,1.0
8,2,-1.09421,-0.924914,-0.041802,1.0
8,3,-2.05648,2.16043,0.0424376,1.0
8,4,-0.449124,1.82086,-0.0867988,1.0
8,5,0.2911,3.13781,0.0500751,1.0
8,6,-2.18421,-2.27262,0.0102312,1.0
8,7,-0.688606,0.423593,-0.0688074,1.0
8,8,1.00444,1.55903,0.0240675,1.0
8,9,2.01554,1.17392,0.00864158,1.0
8,12,-0.926169,2.84067,0.0159224,1.0
8,13,1.53372,-1.10427,0.0510389,1.0
8,14,-0.448533,-2.43898,-0.0205665,1.0
8,16,-0.212874,-0.559307,0.0498332,1.0
8,18,-2.4341,-0.716532,-0.0980993,1.0
8,19,0.361311,-1.81017,-0.138712,1.0
8,36,1.00735,0.0295596,0.00643862,1.0
9,1,-1.94551,0.477356,0.0237543,1.0
9,2,-1.14613,-0.908314,0.0361508,1.0
9,3,-2.01036,2.17249,0.0550395,1.0
9,4,-0.468082,1.79322,-0.0240262,1.0
9,5,0.271883,3.13803,-0.0791386,1.0
9,6,-2.17508,-2.22464,-0.0180849,1.0
9,7,-0.648283,0.389064,-0.0155829,1.0
9,8,0.996392,1.5229,0.0200469,1.0
9,9,2.06471,1.18089,-0.0743323,1.0
9,12,-0.892804,2.75645,-0.0324765,1.0
9,13,1.48811,-1.11322,0.030215,1.0
9,14,-0.404864,-2.43606,0.0872384,1.0
9,16,-0.250702,-0.528866,0.0969152,1.0
9,18,-2.44705,-0.746692,0.0895051,1.0
9,19,0.339487,-1.808,0.0721371,1.0
9,36,0.923325,0.028349,0.00342214,1.0
10,1,-1.97958,0.459133,0.0443831,1.0
10,2,-1.19874,-0.898265,-0.0868719,1.0
10,3,-1.96448,2.17455,0.0677282,1.0
10,4,-0.481055,1.7479,0.0377348,1.0
10,5,0.263371,3.13459,-0.00627645,1.0
10,6,-2.15624,-2.17272,-0.0464411,1.0
10,7,-0.599762,0.364039,0.037926,1.0
10,8,0.971545,1.48743,0.0188709,1.0
10,9,2.11942,1.17875,0.0415099,1.0
10,12,-0.8635,2.68098,-0.0840435,1.0
10,13,1.44236,-1.1257,0.00713608,1.0
10,14,-0.371642,-2.43408,-0.00456897,1.0
10,16,-0.279019,-0.503622,-0.0534593,1.0
10,18,-2.45794,-0.777547,0.0783374,1.0
10,19,0.320023,-1.7989,-0.117225,1.0
10,36,0.838626,0.0378241,0.00229951,1.0
11,1,-2.00626,0.447147,0.0650263,1.0
11,2,-1.24994,-0.894037,-0.0107968,1.0
11,3,-1.92288,2.16743,0.0796313,1.0
11,4,-0.489784,1.69128,0.0989605,1.0
11,5,0.265493,3.1294,0.0706017,1.0
11,6,-2.12873,-2.1152,0.122947,1.0
11,7,-0.550174,0.349303,0.0948231,1.0
11,8,0.932514,1.45216,0.0169615,1.0
11,9,2.17851,1.16889,-0.0426462,1.0
11,12,-0.836314,2.61194,0.0609614,1.0
11,13,1.39977,-1.13579,-0.0148065,1.0
11,14,-0.344112,-2.43276,0.104026,1.0
11,16,-0.303442,-0.484963,-0.00538613,1.0
11,18,-2.46858,-0.810454,0.0703799,1.0
11,19,0.299972,-1.78246,-0.107336,1.0
11,36,0.759236,0.0555564,0.000649098,1.0
12,1,-2.02334,0.437964,0.0871567,1.0
12,2,-1.30201,-0.897408,0.065242,1.0
12,3,-1.88488,2.15334,0.0897792,1.0
12,4,-0.493785,1.62477,-0.0375263,1.0
12,5,0.278449,3.12258,-0.0545273,1.0
12,6,-2.09057,-2.05721,0.0913539,1.0
12,7,-0.501678,0.339776,-0.0487123,1.0
12,8,0.884269,1.41849,0.0164276,1.0
12,9,2.23927,1.15432,0.0758622,1.0
12,12,-0.8084,2.54755,0.00531036,1.0
12,13,1.36299,-1.14603,-0.0372353,1.0
12,14,-0.321573,-2.43236,0.00837003,1.0
12,16,-0.322775,-0.472005,0.0429235,1.0
12,18,-2.48134,-0.843093,0.0633523,1.0
12,19,0.278165,-1.76173,-0.0963279,1.0
12,36,0.690535,0.0773606,-0.000693631,1.0
13,1,-2.03074,0.435464,-0.0895016,1.0
13,2,-1.34779,-0.904194,-0.0613258,1.0
13,3,-1.85487,2.13257,0.0985902,1.0
13,4,-0.493657,1.54683,0.0252593,1.0
13,5,0.299268,3.11432,0.0161206,1.0
13,6,-2.04456,-2.00589,0.0601806,1.0
13,7,-0.462279,0.330564,0.00449556,1.0
13,8,0.832632,1.38923,0.0165857,1.0
13,9,2.29531,1.13847,-0.005378,1.0
13,12,-0.778606,2.4888,-0.0499749,1.0
13,13,1.33164,-1.15636,-0.0579423,1.0
13,14,-0.30533,-2.43207,0.110023,1.0
13,16,-0.339291,-0.464926,0.0931243,1.0
13,18,-2.50167,-0.872504,0.0544349,1.0
13,19,0.252891,-1.73742,-0.086049,1.0
13,36,0.637314,0.104906,-0.00179998,1.0
14,1,-2.02729,0.439965,-0.0656597,1.0
14,2,-1.3825,-0.913949,0.0107176,1.0
14,3,-1.83268,2.10369,-0.0926456,1.0
14,4,-0.490973,1.4623,0.0854631,1.0
14,5,0.327129,3.10273,0.0858292,1.0
14,6,-1.9884,-1.96811,0.0284976,1.0
14,7,-0.434593,0.321789,0.0566196,1.0
14,8,0.782077,1.3668,0.0163147,1.0
14,9,2.34392,1.12061,-0.0868266,1.0
14,12,-0.748134,2.43505,0.0947178,1.0
14,13,1.30775,-1.16246,-0.0786863,1.0
14,14,-0.295273,-2.43418,0.0141926,1.0
14,16,-0.353897,-0.463319,-0.0549361,1.0
14,18,-2.5303,-0.894456,0.0484711,1.0
14,19,0.224987,-1.71116,-0.0773592,1.0
14,36,0.60282,0.131919,-0.00421117,1.0
15,1,-2.01393,0.449765,-0.0399513,1.0
15,2,-1.40328,-0.920382,0.0846922,1.0
15,3,-1.81533,2.06614,-0.0855613,1.0
15,4,-0.49015,1.37547,-0.054922,1.0
15,5,0.361028,3.08695,-0.0461533,1.0
15,6,-1.92353,-1.94488,-0.00274398,1.0
15,7,-0.421322,0.306396,-0.0894861,1.0
15,8,0.735215,1.3523,0.0152724,1.0
15,9,2.38416,1.10031,0.0338474,1.0
15,12,-0.7143,2.38874,0.0383432,1.0
15,13,1.28763,-1.16123,-0.0990825,1.0
15,14,-0.289931,-2.43923,-0.0792936,1.0
15,16,-0.369445,-0.464051,-0.00464727,1.0
15,18,-2.57029,-0.907592,0.0438246,1.0
15,19,0.194798,-1.68297,-0.0666559,1.0
15,36,0.587281,0.155271,-0.0054225,1.0
16,1,-1.98948,0.463679,-0.0152318,1.0
16,2,-1.40634,-0.91994,-0.043359,1.0
16,3,-1.80197,2.02071,-0.0792257,1.0
16,4,-0.493009,1.28463,0.00288459,1.0
16,5,0.398946,3.06649,0.0238858,1.0
16,6,-1.85165,-1.93915,-0.0361205,1.0
16,7,-0.418795,0.281001,-0.0355482,1.0
16,8,0.691064,1.34989,0.0140997,1.0
16,9,2.41491,1.07896,-0.043511,1.0
16,12,-0.676139,2.35102,-0.01744,1.0
16,13,1.27449,-1.15366,0.082313,1.0
16,18,-2.61744,-0.910885,0.0404223,1.0
16,19,0.158878,-1.65259,-0.0551348,1.0
16,36,0.585582,0.17012,-0.00370971,1.0
16,21,1.87884,0.998695,0.000552907,1.0
17,1,-1.95437,0.477463,0.00700532,1.0
17,2,-1.38692,-0.904979,0.0277981,1.0
17,3,-1.79586,1.96741,-0.0736008,1.0
17,4,-0.504681,1.19204,0.05974,1.0
17,5,0.442736,3.04298,0.095148,1.0
17,6,-1.77266,-1.95209,0.127025,1.0
17,7,-0.423654,0.244062,0.0161168,1.0
17,8,0.647991,1.362,0.0139193,1.0
17,9,2.43832,1.05673,0.0748794,1.0
17,12,-0.635528,2.31819,0.127199,1.0
17,13,1.26882,-1.13864,0.063684,1.0
17,18,-2.668,-0.906669,0.0362787,1.0
17,19,0.112647,-1.62198,-0.0415798,1.0
17,36,0.592183,0.169502,-0.00141918,1.0
17,21,1.88155,0.989612,0.00312682,1.0
18,1,-1.90997,0.489595,0.0290015,1.0
18,2,-1.3481,-0.875448,0.0998533,1.0
18,3,-1.79063,1.90686,-0.0696979,1.0
18,4,-0.527328,1.09455,-0.0806695,1.0
18,5,0.492273,3.01756,-0.031466,1.0
18,6,-1.68697,-1.979,0.088828,1.0
18,7,-0.434946,0.195387,0.0665327,1.0
18,8,0.607634,1.38856,0.0159378,1.0
18,9,2.45283,1.03114,-0.00675092,1.0
18,12,-0.591593,2.28976,0.0731137,1.0
18,13,1.26692,-1.11867,0.0451409,1.0
18,18,-2.71708,-0.898277,0.0309131,1.0
18,19,0.0580898,-1.59368,-0.0263193,1.0
18,36,0.607241,0.154337,0.00229069,1.0
18,21,1.88529,0.975795,0.00761906,1.0
19,1,-1.86196,0.498326,0.0479058,1.0
19,2,-1.29828,-0.836432,-0.0297003,1.0
19,3,-1.78456,1.84201,-0.0663262,1.0
19,4,-0.557648,0.994722,-0.0266777,1.0
19,5,0.546384,2.99017,0.0437688,1.0
19,6,-1.59664,-2.01572,0.0512893,1.0
19,7,-0.449749,0.137625,-0.0820859,1.0
19,8,0.573023,1.42639,0.0212126,1.0
19,9,2.45814,1.00512,-0.0885725,1.0
19,12,-0.544933,2.26445,0.0188504,1.0
19,13,1.2657,-1.09174,0.0253078,1.0
19,18,-2.76383,-0.886888,0.0273489,1.0
19,19,-0.00456886,-1.56358,-0.00969355,1.0
19,36,0.631481,0.126577,0.0067043,1.0
19,21,1.8905,0.957992,0.012046,1.0
20,1,-1.81479,0.501433,0.0657938,1.0
20,2,-1.24664,-0.789982,0.039897,1.0
20,3,-1.77974,1.77514,-0.0624854,1.0
20,4,-0.59289,0.890011,0.0259108,1.0
20,5,0.604117,2.95915,-0.0789493,1.0
20,6,-1.50078,-2.05801,0.00969127,1.0
20,7,-0.466832,0.0773295,-0.0320144,1.0
20,8,0.546964,1.47118,0.0265951,1.0
20,9,2.45519,0.976291,0.0283913,1.0
20,12,-0.500726,2.24418,-0.0343459,1.0
20,13,1.26549,-1.06445,0.00372324,1.0
20,18,-2.80228,-0.872299,0.0237131,1.0
20,19,-0.0711091,-1.52945,-0.191603,1.0
20,36,0.665222,0.093,0.0104868,1.0
20,21,1.89393,0.935983,0.0179253,1.0
21,1,-1.77207,0.495409,0.0844235,1.0
21,2,-1.19594,-0.74325,-0.0878282,1.0
21,3,-1.77568,1.71154,-0.0582999,1.0
21,4,-0.625884,0.784068,0.0796638,1.0
21,5,0.664588,2.92692,0.000901554,1.0
21,6,-1.4001,-2.1043,-0.0346925,1.0
21,7,-0.479637,0.0198551,0.0155679,1.0
21,8,0.530539,1.51562,0.0343428,1.0
21,9,2.44194,0.94261,-0.0545778,1.0
21,12,-0.465033,2.22695,-0.0876551,1.0
21,13,1.26599,-1.03877,-0.0188758,1.0
21,18,-2.82837,-0.853987,0.0215269,1.0
21,19,-0.136958,-1.49502,0.0268716,1.0
21,36,0.704186,0.0601503,0.0117785,1.0
21,21,1.89265,0.909333,0.0230623,1.0
22,1,-1.73689,0.479686,-0.0955879,1.0
22,2,-1.15242,-0.700018,-0.0152106,1.0
22,3,-1.77263,1.6551,-0.0578922,1.0
22,4,-0.649495,0.679522,-0.0665721,1.0
22,5,0.729981,2.8964,0.0801139,1.0
22,6,-1.30094,-2.15314,0.121464,1.0
22,7,-0.488741,-0.0341962,0.0627052,1.0
22,8,0.526505,1.55469,0.0416632,1.0
22,9,2.4187,0.908159,0.063757,1.0
22,12,-0.439925,2.20854,0.0591641,1.0
22,13,1.26754,-1.01781,-0.0380283,1.0
22,18,-2.84118,-0.832463,0.0191063,1.0
22,19,-0.194457,-1.46093,-0.153868,1.0
22,36,0.747129,0.0357419,0.0116244,1.0
22,21,1.88572,0.881374,0.0280783,1.0
23,1,-1.71693,0.454317,-0.0765324,1.0
23,2,-1.12064,-0.664621,0.0563761,1.0
23,3,-1.76617,1.60519,-0.0586616,1.0
23,4,-0.655712,0.581139,-0.0110644,1.0
23,5,0.800138,2.86776,-0.0431794,1.0
23,6,-1.20399,-2.19817,0.081743,1.0
23,7,-0.493113,-0.0833901,-0.0877722,1.0
23,8,0.528922,1.58196,0.0498819,1.0
23,9,2.38677,0.872658,-0.0202249,1.0
23,12,-0.425962,2.19064,0.00514959,1.0
23,13,1.26848,-1.00265,-0.0580028,1.0
23,18,-2.84067,-0.81068,0.0175216,1.0
23,19,-0.237072,-1.43126,-0.135987,1.0
23,36,0.790337,0.0207586,0.0103469,1.0
23,21,1.87358,0.852535,0.0360099,1.0
24,1,-1.71317,0.4226,-0.057468,1.0
24,2,-1.10081,-0.638022,-0.0682715,1.0
24,3,-1.75535,1.5625,-0.0618837,1.0
24,4,-0.645287,0.491133,0.0479883,1.0
24,5,0.875559,2.8427,0.0331002,1.0
24,6,-1.10784,-2.24696,0.043663,1.0
24,7,-0.488871,-0.127555,-0.039336,1.0
24,8,0.539142,1.59319,0.056027,1.0
24,9,2.34461,0.833815,0.0940484,1.0
24,12,-0.423775,2.17269,-0.0496487,1.0
24,13,1.26962,-0.994591,-0.0785381,1.0
24,18,-2.82559,-0.786505,0.018011,1.0
24,19,-0.259191,-1.40405,0.0838028,1.0
24,36,0.82954,0.0156445,0.0108354,1.0
24,21,1.85738,0.821823,0.044294,1.0
25,1,-1.72661,0.38701,-0.0407841,1.0
25,2,-1.09123,-0.629079,0.0104273,1.0
25,3,-1.74043,1.52768,-0.0674259,1.0
25,4,-0.610744,0.412121,-0.0908861,1.0
25,5,0.949746,2.82004,-0.091446,1.0
25,6,-1.01463,-2.30174,0.00537741,1.0
25,7,-0.478771,-0.16686,0.00460932,1.0
25,8,0.555972,1.58473,0.0602961,1.0
25,9,2.2943,0.79353,0.00666517,1.0
25,12,-0.432797,2.15644,0.0929085,1.0
25,13,1.27158,-0.994628,-0.0987887,1.0
25,18,-2.79622,-0.762007,0.0178435,1.0
25,19,-0.259434,-1.38067,-0.0949988,1.0
25,36,0.861197,0.0180718,0.0110145,1.0
25,21,1.83905,0.791281,0.0524672,1.0
26,1,-1.75575,0.348498,-0.0255802,1.0
26,2,-1.08876,-0.635124,-0.108919,1.0
26,3,-1.7197,1.49918,-0.0775337,1.0
26,4,-0.553523,0.349926,-0.0305081,1.0
26,5,1.0238,2.79696,-0.0180315,1.0
26,6,-0.926185,-2.36056,0.167207,1.0
26,7,-0.463913,-0.197926,0.0487482,1.0
26,8,0.578287,1.55801,0.0643389,1.0
26,9,2.23599,0.753495,-0.0829082,1.0
26,12,-0.451532,2.14367,0.0338415,1.0
26,13,1.27384,-1.00379,0.082214,1.0
26,18,-2.75387,-0.73375,0.0187559,1.0
26,19,-0.237261,-1.36531,-0.077342,1.0
26,36,0.884101,0.0271407,0.0107232,1.0
26,21,1.82303,0.766284,0.0600959,1.0
27,1,-1.79821,0.307468,-0.00777142,1.0
27,2,-1.09603,-0.658305,-0.0285338,1.0
27,3,-1.6952,1.47783,-0.0917953,1.0
27,4,-0.479364,0.299578,0.0289349,1.0
27,5,1.09589,2.77246,0.0517813,1.0
27,6,-0.842171,-2.4208,-0.0696161,1.0
27,7,-0.442691,-0.216635,0.0961841,1.0
27,8,0.604708,1.51731,0.0684502,1.0
27,9,2.16824,0.714983,0.0250447,1.0
27,12,-0.47901,2.13245,-0.0259844,1.0
27,13,1.27626,-1.02504,0.062948,1.0
27,18,-2.70265,-0.7058,0.0182452,1.0
27,19,-0.196078,-1.35552,-0.0621599,1.0
27,36,0.897248,0.038852,0.00860304,1.0
27,21,1.80948,0.746383,0.0691016,1.0
28,1,-1.84814,0.266886,0.0136972,1.0
28,2,-1.11292,-0.699505,0.0495029,1.0
28,3,-1.66526,1.45959,0.0907678,1.0
28,4,-0.394654,0.259395,0.0921121,1.0
28,5,1.16463,2.74676,-0.0802716,1.0
28,6,-0.760187,-2.48421,0.0975811,1.0
28,7,-0.420207,-0.220597,-0.0528651,1.0
28,8,0.631119,1.46501,0.0748798,1.0
28,9,2.09191,0.678277,-0.0680988,1.0
28,12,-0.506615,2.12292,-0.0842749,1.0
28,13,1.27943,-1.05483,0.04518,1.0
28,18,-2.64889,-0.679386,0.016365,1.0
28,19,-0.136462,-1.35431,-0.0490415,1.0
28,36,0.898208,0.0485465,0.00465328,1.0
28,21,1.79956,0.732038,0.0806346,1.0
29,1,-1.89485,0.231601,0.0376308,1.0
29,2,-1.141,-0.757726,-0.0710855,1.0
29,3,-1.63029,1.44366,0.0718572,1.0
29,4,-0.308455,0.227715,-0.0450291,1.0
29,5,1.22574,2.71885,-0.0147333,1.0
29,6,-0.679439,-2.54608,0.0647914,1.0
29,7,-0.398267,-0.207789,-0.00333874,1.0
29,8,0.653467,1.40793,0.0806591,1.0
29,9,2.01094,0.64479,0.0393854,1.0
29,12,-0.52895,2.11808,0.0606723,1.0
29,13,1.28265,-1.0923,0.0280153,1.0
29,18,-2.59393,-0.653981,0.0139821,1.0
29,19,-0.0608852,-1.36488,-0.0335985,1.0
29,36,0.890283,0.0539994,0.000876044,1.0
29,21,1.79459,0.72177,0.0909777,1.0
30,1,-1.93348,0.205577,0.0584687,1.0
30,2,-1.18126,-0.830021,0.00801629,1.0
30,3,-1.59432,1.42706,0.0528262,1.0
30,4,-0.228869,0.202414,0.0182722,1.0
30,5,1.28341,2.68772,0.0501594,1.0
30,6,-0.598715,-2.60507,0.0333562,1.0
30,7,-0.375891,-0.177755,0.0449734,1.0
30,8,0.668385,1.35213,0.087882,1.0
30,9,1.93051,0.612137,-0.0521129,1.0
30,12,-0.546242,2.11548,0.00454739,1.0
30,13,1.28732,-1.1322,0.0110544,1.0
30,18,-2.53857,-0.635628,0.0122629,1.0
30,19,0.0262593,-1.3813,-0.0157154,1.0
30,36,0.876123,0.0511259,-0.00370726,1.0
30,21,1.79702,0.713502,-0.0995987,1.0
31,1,-1.96305,0.188987,0.0796279,1.0
31,2,-1.22188,-0.910554,0.0875567,1.0
31,3,-1.55493,1.41174,0.0346507,1.0
31,4,-0.1625,0.18063,0.0822262,1.0
31,5,1.33649,2.65117,-0.0846154,1.0
31,6,-0.517741,-2.66088,0.00108225,1.0
31,8,0.675603,1.30218,0.094818,1.0
31,12,-0.557601,2.11436,-0.0545383,1.0
31,13,1.29667,-1.17378,-0.0054562,1.0
31,18,-2.4841,-0.626925,0.0111252,1.0
31,19,0.111996,-1.39471,0.0022608,1.0
31,36,0.856415,0.0348972,-0.0103905,1.0
31,21,1.80704,0.707617,-0.0903633,1.0
31,22,1.25905,-1.84694,0.000779337,1.0
32,1,-1.98034,0.180126,0.102542,1.0
32,2,-1.25066,-0.997324,-0.0335913,1.0
32,3,-1.51325,1.39645,0.0160683,1.0
32,4,-0.11492,0.158177,-0.0522434,1.0
32,5,1.38449,2.6117,-0.0180864,1.0
32,6,-0.433439,-2.71312,0.168176,1.0
32,8,0.672226,1.26276,-0.0935684,1.0
32,12,-0.561158,2.11806,0.0872727,1.0
32,13,1.31533,-1.21473,-0.0210441,1.0
32,18,-2.4372,-0.62484,0.00763477,1.0
32,19,0.180464,-1.40309,-0.179405,1.0
32,36,0.831774,0.00757012,-0.0147865,1.0
32,21,1.82745,0.703868,-0.0813927,1.0
32,22,1.2657,-1.85003,0.00344458,1.0
33,1,-1.98886,0.177022,-0.0756911,1.0
33,2,-1.2624,-1.08731,0.0455508,1.0
33,3,-1.4715,1.37741,-0.0025327,1.0
33,4,-0.0832721,0.133393,0.0122238,1.0
33,5,1.42701,2.56673,0.0495916,1.0
33,6,-0.346511,-2.76001,-0.0647116,1.0
33,8,0.661429,1.23628,-0.0807338,1.0
33,12,-0.555183,2.12523,0.0275144,1.0
33,13,1.34652,-1.25373,-0.0349091,1.0
33,18,-2.39484,-0.627028,0.00295911,1.0
33,19,0.225269,-1.40296,0.0381331,1.0
33,36,0.804799,-0.0306639,-0.0167825,1.0
33,21,1.85695,0.702303,-0.0737656,1.0
33,22,1.27516,-1.85622,0.00557096,1.0
34,1,-1.98782,0.17904,-0.0532766,1.0
34,2,-1.25533,-1.18038,-0.0767331,1.0
34,3,-1.4298,1.35106,-0.0208243,1.0
34,4,-0.0669426,0.104668,0.0756729,1.0
34,5,1.46391,2.5173,-0.0814726,1.0
34,6,-0.259434,-2.80221,0.103966,1.0
34,8,0.64426,1.22256,-0.0698407,1.0
34,12,-0.537081,2.13747,-0.03451,1.0
34,13,1.38666,-1.29087,-0.0485806,1.0
34,18,-2.35832,-0.6326,-0.00151946,1.0
34,19,0.243348,-1.39651,-0.14195,1.0
34,36,0.773336,-0.0776216,-0.0211368,1.0
34,21,1.89121,0.702258,-0.0695099,1.0
34,22,1.29057,-1.8668,0.00700173,1.0
35,1,-1.97593,0.180968,-0.0324866,1.0
35,2,-1.23126,-1.27532,0.0012998,1.0
35,3,-1.38555,1.31842,-0.0366566,1.0
35,4,-0.0628213,0.0736663,-0.0606285,1.0
35,5,1.49105,2.46384,-0.0120739,1.0
35,6,-0.17009,-2.84137,0.0729979,1.0
35,8,0.621263,1.22085,-0.0636619,1.0
35,12,-0.508581,2.15664,0.102921,1.0
35,13,1.43602,-1.3267,-0.0625747,1.0
35,18,-2.32476,-0.643287,-0.00565471,1.0
35,19,0.23568,-1.38326,-0.119754,1.0
35,36,0.741106,-0.13476,-0.0236162,1.0
35,21,1.92895,0.702611,-0.0671583,1.0
35,22,1.30915,-1.87995,0.00942861,1.0
36,1,-1.95631,0.181939,-0.0134254,1.0
36,2,-1.19304,-1.37114,0.0801529,1.0
36,3,-1.33729,1.28312,-0.0526455,1.0
36,4,-0.0689659,0.0431218,0.00215525,1.0
36,5,1.51298,2.40827,0.055383,1.0
36,6,-0.0793076,-2.87871,0.0414706,1.0
36,8,0.596828,1.22787,-0.0565079,1.0
36,12,-0.468835,2.17899,0.0410689,1.0
36,13,1.49267,-1.36203,-0.0800416,1.0
36,18,-2.2956,-0.658284,-0.00877253,1.0
36,19,0.207486,-1.36845,-0.0958369,1.0
36,36,0.713629,-0.19319,-0.0261774,1.0
36,21,1.96294,0.702902,-0.0644176,1.0
36,22,1.3349,-1.89575,0.0121024,1.0
37,1,-1.92663,0.184054,0.00700388,1.0
37,2,-1.14466,-1.46954,-0.0377596,1.0
37,3,-1.28574,1.24478,-0.0729214,1.0
37,4,-0.085366,0.0132286,0.0655034,1.0
37,5,1.53017,2.34913,-0.0785327,1.0
37,6,0.0116796,-2.91153,0.00882799,1.0
37,8,0.573049,1.23759,-0.0503399,1.0
37,12,-0.422612,2.20341,-0.0209027,1.0
37,13,1.55567,-1.39885,-0.098822,1.0
37,18,-2.26719,-0.675314,-0.0101201,1.0
37,19,0.161625,-1.35824,-0.070489,1.0
37,36,0.691202,-0.245234,-0.029668,1.0
37,21,1.99012,0.701306,-0.0594377,1.0
37,22,1.36396,-1.91182,0.015285,1.0
38,1,-1.88715,0.185588,0.0273873,1.0
38,2,-1.0919,-1.56983,0.0446637,1.0
38,3,-1.23057,1.20076,-0.0954938,1.0
38,4,-0.111797,-0.0133705,-0.0713933,1.0
38,5,1.54579,2.28661,-0.0118739,1.0
38,6,0.102281,-2.93653,-0.0242738,1.0
38,8,0.549152,1.24816,-0.0436241,1.0
38,12,-0.368597,2.23227,0.115258,1.0
38,13,1.62138,-1.43307,0.0836648,1.0
38,18,-2.23772,-0.696749,-0.0118804,1.0
38,19,0.109956,-1.35706,-0.0435799,1.0
38,36,0.676524,-0.288703,-0.035208,1.0
38,21,2.01133,0.697062,-0.0529406,1.0
38,22,1.39044,-1.92826,0.0222505,1.0
39,1,-1.83902,0.186052,0.0462532,1.0
39,2,-1.04049,-1.66813,-0.0706849,1.0
39,3,-1.16872,1.15841,0.0833957,1.0
39,4,-0.146835,-0.0363977,-0.00854039,1.0
39,5,1.55531,2.2221,0.0539153,1.0
39,6,0.191374,-2.95552,-0.0573504,1.0
39,8,0.525884,1.25426,-0.0375082,1.0
39,12,-0.311317,2.26528,0.053314,1.0
39,13,1.68313,-1.46161,0.0640457,1.0
39,18,-2.20772,-0.72693,-0.015028,1.0
39,19,0.0579544,-1.363,-0.0149804,1.0
39,36,0.668477,-0.323865,-0.0411891,1.0
39,21,2.02476,0.688809,-0.0469672,1.0
39,22,1.41159,-1.94034,0.0318108,1.0
40,1,-1.78606,0.187257,0.0646618,1.0
40,2,-0.998977,-1.76379,0.0139641,1.0
40,3,-1.09928,1.1217,0.065975,1.0
40,4,-0.19363,-0.0531618,0.0555912,1.0
40,5,1.55815,2.15532,-0.0814485,1.0
40,6,0.279236,-2.96901,0.110014,1.0
40,8,0.505589,1.25531,-0.031954,1.0
40,12,-0.253055,2.30002,-0.00871949,1.0
40,13,1.74106,-1.485,0.0458445,1.0
40,18,-2.17602,-0.767871,-0.0186139,1.0
40,19,0.0115351,-1.37485,0.0129566,1.0
40,36,0.672219,-0.35105,-0.0447443,1.0
40,21,2.02825,0.676206,-0.040388,1.0
40,22,1.42826,-1.94706,0.0410945,1.0
41,1,-1.72903,0.192408,0.0826873,1.0
41,2,-0.966762,-1.85889,-0.100581,1.0
41,3,-1.02147,1.09524,0.0486443,1.0
41,4,-0.254362,-0.064044,-0.0795066,1.0
41,5,1.55678,2.08838,-0.0185495,1.0
41,6,0.362825,-2.97279,0.0810334,1.0
41,8,0.485968,1.24566,-0.0273143,1.0
41,12,-0.197586,2.33575,-0.0719573,1.0
41,13,1.79266,-1.50528,0.0308435,1.0
41,18,-2.14037,-0.820891,-0.023628,1.0
41,19,-0.0292981,-1.39314,-0.160445,1.0
41,36,0.689147,-0.374023,-0.0506692,1.0
41,21,2.02203,0.659919,-0.031293,1.0
41,22,1.44105,-1.94846,0.0485346,1.0
42,1,-1.66814,0.200378,-0.0976478,1.0
42,2,-0.940219,-1.95526,-0.012131,1.0
42,3,-0.935108,1.08218,0.0327028,1.0
42,4,-0.324735,-0.0716807,-0.0130307,1.0
42,5,1.54986,2.02158,0.0411338,1.0
42,6,0.443774,-2.96925,0.0533856,1.0
42,8,0.46741,1.22567,-0.0206368,1.0
42,12,-0.146862,2.3734,0.0631446,1.0
42,13,1.83647,-1.52436,0.0170767,1.0
42,18,-2.10015,-0.886216,-0.0306519,1.0
42,19,-0.0618875,-1.41361,0.0669995,1.0
42,36,0.720957,-0.39289,-0.0551047,1.0
42,21,2.00651,0.64045,-0.0225425,1.0
42,22,1.45014,-1.94426,0.0570917,1.0
43,1,-1.60722,0.211367,-0.0777015,1.0
43,2,-0.92197,-2.05513,0.0780264,1.0
43,3,-0.845318,1.08166,0.018518,1.0
43,4,-0.402476,-0.0797018,0.0538017,1.0
43,5,1.54393,1.95988,0.0983863,1.0
43,6,0.523109,-2.95878,0.0251228,1.0
43,8,0.449347,1.19616,-0.0139048,1.0
43,12,-0.0986288,2.41025,-0.00230124,1.0
43,13,1.8749,-1.54134,0.00363202,1.0
43,18,-2.05723,-0.960172,-0.0407613,1.0
43,19,-0.0856267,-1.43528,-0.104382,1.0
43,36,0.767963,-0.410165,-0.0602849,1.0
43,21,1.98436,0.61741,-0.0122634,1.0
43,22,1.45333,-1.93466,0.0641645,1.0
44,1,-1.55366,0.223683,-0.0574934,1.0
44,2,-0.90966,-2.16057,-0.0300544,1.0
44,3,-0.754612,1.09637,0.00621606,1.0
44,4,-0.476545,-0.0928813,-0.0783681,1.0
44,5,1.53922,1.90289,-0.0448777,1.0
44,6,0.599167,-2.9463,-0.00636871,1.0
44,8,0.433741,1.15378,-0.00836307,1.0
44,12,-0.0507383,2.4473,-0.0659209,1.0
44,13,1.90786,-1.5574,-0.00896243,1.0
44,18,-2.00873,-1.03953,-0.0511991,1.0
44,19,-0.102618,-1.45282,-0.0761549,1.0
44,36,0.825512,-0.427528,-0.0692225,1.0
44,21,1.95696,0.588592,-0.000577466,1.0
44,22,1.45127,-1.91959,0.069823,1.0
45,1,-1.51177,0.233972,-0.0395735,1.0
45,2,-0.905723,-2.27091,0.061261,1.0
45,3,-0.666029,1.12562,-0.00688109,1.0
45,4,-0.541885,-0.115797,-0.0101882,1.0
45,5,1.53059,1.8478,0.00915831,1.0
45,6,0.670035,-2.9338,-0.0363175,1.0
45,8,0.425345,1.10432,-0.00206618,1.0
45,12,-0.00532842,2.48519,0.0703314,1.0
45,13,1.9304,-1.56949,-0.0220092,1.0
45,18,-1.95362,-1.11972,-0.0641387,1.0
45,19,-0.113891,-1.4649,-0.0466831,1.0
45,36,0.886579,-0.44253,-0.0809382,1.0
45,21,1.92424,0.55489,0.0101527,1.0
45,22,1.44336,-1.89809,0.077226,1.0
46,1,-1.48259,0.244383,-0.0254347,1.0
46,2,-0.907942,-2.38648,-0.0466358,1.0
46,3,-0.580932,1.16869,-0.0209512,1.0
46,4,-0.594326,-0.149653,0.0573021,1.0
46,5,1.5178,1.79706,0.0641217,1.0
46,6,0.73594,-2.91722,0.133654,1.0
46,8,0.418123,1.04914,0.00291909,1.0
46,12,0.0402668,2.52162,0.00476,1.0
46,13,1.94597,-1.57951,-0.0354075,1.0
46,18,-1.88839,-1.20005,-0.0770907,1.0
46,19,-0.120087,-1.46825,-0.0171689,1.0
46,36,0.944679,-0.460356,-0.0930523,1.0
46,21,1.88635,0.516528,0.0211595,1.0
46,37,1.35202,0.149662,0.000217569,1.0
47,1,-1.46252,0.253615,-0.01197,1.0
47,2,-0.913294,-2.50915,0.0459322,1.0
47,3,-0.501916,1.22266,-0.0358051,1.0
47,4,-0.634955,-0.192209,-0.0769051,1.0
47,5,1.50418,1.75158,-0.0804171,1.0
47,6,0.797303,-2.8934,0.10341,1.0
47,8,0.410144,0.990288,0.00923304,1.0
47,12,0.0868766,2.55618,-0.0632753,1.0
47,13,1.95254,-1.58637,-0.0492659,1.0
47,18,-1.8167,-1.27817,-0.0906135,1.0
47,19,-0.120263,-1.46518,-0.188037,1.0
47,36,0.991256,-0.482824,0.0936982,1.0
47,21,1.8517,0.47644,0.0317154,1.0
47,37,1.35257,0.141115,-0.00163401,1.0
48,1,-1.44942,0.26259,0.00460527,1.0
48,2,-0.920059,-2.63495,-0.0594611,1.0
48,3,-0.431122,1.28322,-0.0526413,1.0
48,4,-0.665094,-0.24046,-0.0114352,1.0
48,5,1.48648,1.7128,-0.027251,1.0
48,6,0.854155,-2.86175,0.0714558,1.0
48,8,0.396532,0.927764,0.0177989,1.0
48,12,0.133685,2.58569,0.069511,1.0
48,13,1.95509,-1.59159,-0.0652644,1.0
48,18,-1.73995,-1.35423,0.0971441,1.0
48,19,-0.113763,-1.45953,0.0419121,1.0
48,36,1.02358,-0.513626,0.0810523,1.0
48,21,1.8179,0.43543,0.0439803,1.0
48,37,1.35614,0.126608,-0.00156078,1.0
49,1,-1.44263,0.275382,0.02186,1.0
49,2,-0.926135,-2.75764,0.0344121,1.0
49,3,-0.365227,1.34145,-0.0695835,1.0
49,4,-0.685655,-0.287997,0.0567555,1.0
49,5,1.46448,1.6823,0.024597,1.0
49,6,0.908013,-2.82024,0.035362,1.0
49,8,0.375261,0.86257,0.0292454,1.0
49,12,0.179963,2.61097,0.00428348,1.0
49,13,1.95403,-1.59619,-0.080781,1.0
49,18,-1.65681,-1.4279,0.0860577,1.0
49,19,-0.0996113,-1.45395,-0.126007,1.0
49,36,1.04133,-0.550748,0.067055,1.0
49,21,1.78487,0.392175,0.057463,1.0
49,37,1.36078,0.108029,-0.00225851,1.0
50,1,-1.43759,0.294144,0.0378785,1.0
50,2,-0.929283,-2.87396,-0.0711286,1.0
50,3,-0.307499,1.399,-0.0870157,1.0
50,4,-0.694622,-0.333739,-0.0736898,1.0
50,5,1.44193,1.65801,0.0779211,1.0
50,6,0.959374,-2.77057,-0.00320356,1.0
50,8,0.347131,0.795074,0.0392313,1.0
50,12,0.225005,2.63449,-0.0608315,1.0
50,13,1.94454,-1.60072,-0.0963064,1.0
50,18,-1.56839,-1.49811,0.0756151,1.0
50,19,-0.0811885,-1.45368,-0.0950247,1.0
50,36,1.04182,-0.596275,0.0542438,1.0
50,21,1.75472,0.349355,0.0734579,1.0
50,37,1.36884,0.0865195,-0.00348903,1.0
51,1,-1.43606,0.322742,0.0519211,1.0
51,2,-0.928285,-2.98526,0.0236807,1.0
51,3,-0.25688,1.45529,0.0950082,1.0
51,4,-0.690781,-0.37716,-0.00789181,1.0
51,5,1.41405,1.63792,-0.0672254,1.0
51,6,1.00588,-2.7142,-0.0443887,1.0
51,8,0.311696,0.726394,0.0524471,1.0
51,12,0.269317,2.65965,0.0758718,1.0
51,13,1.92993,-1.60425,0.0870397,1.0
51,18,-1.47555,-1.56398,0.0655881,1.0
51,19,-0.0562785,-1.46043,-0.0635255,1.0
51,36,1.02436,-0.652502,0.0417164,1.0
51,21,1.72862,0.310647,0.0916593,1.0
51,37,1.37974,0.0616933,-0.00367147,1.0
52,1,-1.43671,0.359643,0.0670137,1.0
52,2,-0.922354,-3.09229,-0.0773493,1.0
52,3,-0.215283,1.5112,0.0769988,1.0
52,4,-0.678974,-0.418414,0.0533842,1.0
52,5,1.38243,1.61945,-0.0118611,1.0
52,6,1.04331,-2.65297,0.111741,1.0
52,8,0.271626,0.653043,0.0666521,1.0
52,12,0.317009,2.68884,0.0130876,1.0
52,13,1.91388,-1.60658,0.069993,1.0
52,18,-1.38149,-1.62758,0.0559633,1.0
52,19,-0.0266921,-1.47544,-0.0333925,1.0
52,36,0.990827,-0.716649,0.0295627,1.0
52,21,1.70736,0.275809,-0.0868358,1.0
52,37,1.39654,0.0346465,-0.00480737,1.0
53,1,-1.43669,0.404392,0.0794521,1.0
53,2,-0.91217,-3.19341,0.024221,1.0
53,3,-0.182671,1.56588,0.0599655,1.0
53,4,-0.659378,-0.458949,0.11043,1.0
53,5,1.34686,1.60445,0.0447146,1.0
53,6,1.0702,-2.5886,0.0663618,1.0
53,8,0.229525,0.575017,0.0823012,1.0
53,12,0.363287,2.72255,-0.0493876,1.0
53,13,1.90048,-1.60374,0.0541264,1.0
53,18,-1.28869,-1.69512,0.0455301,1.0
53,19,0.00691519,-1.49923,-0.203451,1.0
53,36,0.94288,-0.783164,0.0181126,1.0
53,21,1.68937,0.245411,-0.0687933,1.0
53,37,1.41918,0.0115407,-0.00420184,1.0
54,1,-1.43858,0.457225,0.0951781,1.0
54,2,-0.894657,-3.28867,-0.0734515,1.0
54,3,-0.159998,1.62205,0.0426946,1.0
54,4,-0.634971,-0.497144,-0.0317884,1.0
54,5,1.30798,1.5908,-0.0989873,1.0
54,6,1.0868,-2.52612,0.0198034,1.0
54,8,0.183831,0.492192,0.098971,1.0
54,12,0.411523,2.75746,0.0873,1.0
54,13,1.89179,-1.59705,0.036699,1.0
54,18,-1.19826,-1.76458,0.0324639,1.0
54,19,0.0423228,-1.53168,0.0272262,1.0
54,36,0.881767,-0.852045,0.00745102,1.0
54,21,1.67355,0.219226,-0.0529466,1.0
54,37,1.44915,-0.00282227,-0.0017031,1.0
55,1,-1.43999,0.517387,-0.0838529,1.0
55,2,-0.870651,-3.37941,0.0269247,1.0
55,3,-0.144141,1.67904,0.0261172,1.0
55,4,-0.606734,-0.536081,0.0254505,1.0
55,5,1.26788,1.57683,-0.039928,1.0
55,6,1.09347,-2.46818,-0.0281859,1.0
55,8,0.139064,0.408023,-0.0835221,1.0
55,12,0.460329,2.79375,0.0222705,1.0
55,13,1.88918,-1.58373,0.0179969,1.0
55,18,-1.11485,-1.83691,0.0183888,1.0
55,19,0.0780817,-1.57234,-0.139363,1.0
55,36,0.811462,-0.922068,-0.00142759,1.0
55,21,1.65778,0.195756,-0.0408267,1.0
55,37,1.4865,-0.00595279,0.000766166,1.0
56,1,-1.44035,0.580092,-0.0627708,1.0
56,2,-0.845578,-3.46084,-0.0732398,1.0
56,3,-0.136202,1.73259,0.0105779,1.0
56,4,-0.583072,-0.573412,0.0841075,1.0
56,5,1.22597,1.56032,0.0210453,1.0
56,6,1.09055,-2.4189,0.124342,1.0
56,8,0.0978224,0.327608,-0.0698669,1.0
56,12,0.511165,2.83307,-0.0433626,1.0
56,13,1.893,-1.56043,-0.000500553,1.0
56,18,-1.03923,-1.91266,0.00738713,1.0
56,19,0.114255,-1.61695,-0.107124,1.0
56,36,0.7332,-0.990095,-0.00952913,1.0
56,21,1.64019,0.170142,-0.0289617,1.0
56,37,1.5336,-0.00163754,0.00574653,1.0
57,1,-1.43688,0.643739,-0.0455905,1.0
57,2,-0.817571,-3.53384,0.0264195,1.0
57,3,-0.139695,1.78147,-0.00572972,1.0
57,4,-0.572329,-0.607459,-0.0567172,1.0
57,5,1.18295,1.53933,0.0789517,1.0
57,6,1.08172,-2.38251,0.0789811,1.0
57,8,0.0622717,0.253806,-0.0595622,1.0
57,12,0.563086,2.87847,0.0910856,1.0
57,13,1.90429,-1.52545,-0.0204883,1.0
57,18,-0.973224,-1.98914,-0.00111286,1.0
57,19,0.153534,-1.66154,-0.0734239,1.0
57,36,0.648985,-1.0578,-0.0201666,1.0
57,21,1.61784,0.142955,-0.0182018,1.0
57,37,1.58242,0.00400861,0.0138496,1.0
58,1,-1.42985,0.708609,-0.0281926,1.0
58,2,-0.783512,-3.6009,-0.0734796,1.0
58,3,-0.152395,1.82319,-0.024784,1.0
58,4,-0.579857,-0.637589,0.0039022,1.0
58,5,1.13961,1.51423,-0.0619583,1.0
58,6,1.06894,-2.36048,0.0343388,1.0
58,8,0.0320855,0.191607,-0.0512686,1.0
58,12,0.615145,2.92726,0.0261413,1.0
58,13,1.91933,-1.47989,-0.0435994,1.0
58,18,-0.916214,-2.06687,-0.00988587,1.0
58,19,0.198709,-1.70537,-0.0389611,1.0
58,36,0.564829,-1.12267,-0.0331827,1.0
58,21,1.59283,0.1118,-0.00775021,1.0
58,37,1.62526,0.0120932,0.0221559,1.0
59,1,-1.4165,0.773135,-0.0128879,1.0
59,2,-0.745909,-3.66152,0.0280059,1.0
59,3,-0.174555,1.85956,-0.0450406,1.0
59,4,-0.605474,-0.665097,0.06662,1.0
59,5,1.09675,1.48258,0.000388117,1.0
59,6,1.05605,-2.35469,-0.00823042,1.0
59,8,0.00878058,0.143476,-0.0435457,1.0
59,12,0.66786,2.97882,-0.0373687,1.0
59,13,1.93792,-1.42823,-0.0680485,1.0
59,18,-0.866474,-2.1453,-0.0202431,1.0
59,19,0.248029,-1.74485,-0.206014,1.0
59,36,0.485776,-1.18262,-0.0480782,1.0
59,21,1.56557,0.0765456,0.00353124,1.0
59,37,1.66076,0.0189685,0.0322986,1.0
60,1,-1.39551,0.836484,0.0017871,1.0
60,2,-0.707028,-3.71603,-0.0724642,1.0
60,3,-0.206794,1.88629,-0.0663793,1.0
60,4,-0.648808,-0.690411,-0.0690027,1.0
60,5,1.05497,1.44642,0.0634502,1.0
60,6,1.04523,-2.36233,-0.0488309,1.0
60,8,-0.00585609,0.108975,-0.0378647,1.0
60,12,0.721215,3.03068,0.0985046,1.0
60,13,1.95848,-1.3729,-0.090287,1.0
60,18,-0.823402,-2.22101,-0.0307602,1.0
60,19,0.301725,-1.77392,0.0254081,1.0
60,36,0.410056,-1.2404,-0.0663283,1.0
60,21,1.53486,0.0382891,0.0137131,1.0
60,37,1.68884,0.0257327,0.0437268,1.0
61,1,-1.36809,0.895977,0.0144774,1.0
61,2,-0.667852,-3.76411,0.0281032,1.0
61,3,-0.244983,1.90938,-0.0887548,1.0
61,4,-0.709608,-0.715011,-0.00509626,1.0
61,5,1.00913,1.4074,-0.0737054,1.0
61,6,1.03211,-2.37948,-0.0919998,1.0
61,8,-0.0117383,0.0886382,-0.0325927,1.0
61,12,0.771982,3.07607,0.0329383,1.0
61,13,1.97778,-1.31844,0.0880263,1.0
61,18,-0.77903,-2.29298,-0.0414685,1.0
61,36,0.341811,-1.29441,-0.0836235,1.0
61,21,1.49554,-0.00699579,0.0262023,1.0
61,38,1.88187,1.00399,-0.000126734,1.0
62,1,-1.33549,0.950993,0.0258758,1.0
62,2,-0.62701,-3.80489,-0.0691787,1.0
62,3,-0.284495,1.93088,0.0899226,1.0
62,4,-0.786603,-0.744362,0.0575198,1.0
62,5,0.954431,1.37044,-0.00973984,1.0
62,6,1.01556,-2.3993,0.0634817,1.0
62,8,-0.0100143,0.081669,-0.028324,1.0
62,12,0.81992,3.11585,-0.0326906,1.0
62,13,1.99211,-1.26589,0.0643547,1.0
62,18,-0.733404,-2.36087,-0.0516479,1.0
62,36,0.281233,-1.34794,0.0970694,1.0
62,21,1.44718,-0.0624242,0.0382508,1.0
62,38,1.89544,1.01364,0.00111163,1.0
63,1,-1.29719,1.00369,0.0366018,1.0
63,2,-0.584154,-3.842,0.0334216,1.0
63,3,-0.324932,1.95127,0.0683244,1.0
63,4,-0.879255,-0.778092,-0.0780911,1.0
63,5,0.889216,1.33647,0.0541974,1.0
63,6,0.997457,-2.42181,0.0196412,1.0
63,8,0.000532064,0.085854,-0.0261015,1.0
63,12,0.864405,3.14962,-0.0996992,1.0
63,13,2.00126,-1.21601,0.0383174,1.0
63,18,-0.690395,-2.42264,-0.0613297,1.0
63,36,0.228107,-1.39742,0.0752209,1.0
63,21,1.38853,-0.125046,0.0525978,1.0
63,38,1.91788,1.02777,0.00360985,1.0
64,1,-1.25491,1.05034,0.0477579,1.0
64,2,-0.539966,-3.87198,-0.0618124,1.0
64,3,-0.362503,1.97234,0.0454383,1.0
64,4,-0.98052,-0.813121,-0.0143008,1.0
64,5,0.811801,1.30346,-0.0812123,1.0
64,6,0.980941,-2.448,-0.0239022,1.0
64,8,0.0152338,0.097971,-0.0254015,1.0
64,12,0.902627,3.174,0.0324294,1.0
64,13,2.00376,-1.17209,0.0123692,1.0
64,18,-0.649757,-2.47855,-0.0694839,1.0
64,36,0.180076,-1.43833,0.0552472,1.0
64,21,1.31725,-0.189097,0.069012,1.0
64,38,1.94854,1.04395,0.00520632,1.0
65,1,-1.21096,1.08729,0.0602215,1.0
65,2,-0.493839,-3.89558,0.0429496,1.0
65,3,-0.394995,1.99714,0.0199902,1.0
65,4,-1.08682,-0.844109,0.0525583,1.0
65,5,0.724084,1.26856,-0.0169403,1.0
65,6,0.9643,-2.47596,-0.0700524,1.0
65,8,0.0269538,0.110871,-0.0254121,1.0
65,12,0.934319,3.1924,-0.0381654,1.0
65,13,2.00361,-1.13454,-0.0126405,1.0
65,18,-0.60949,-2.52677,-0.0787326,1.0
65,36,0.138534,-1.46744,0.0363913,1.0
65,21,1.23725,-0.252561,0.0885373,1.0
65,38,1.98566,1.05891,0.00771473,1.0
66,1,-1.16942,1.11566,0.0730054,1.0
66,2,-0.445115,-3.91262,-0.0506898,1.0
66,3,-0.42225,2.03145,-0.00591427,1.0
66,4,-1.19306,-0.871635,-0.0799862,1.0
66,5,0.634687,1.23243,0.0476611,1.0
66,6,0.946691,-2.50359,0.0813495,1.0
66,8,0.0297067,0.119827,-0.0279447,1.0
66,12,0.962034,3.20291,0.0920588,1.0
66,13,2.00051,-1.10158,-0.0391439,1.0
66,18,-0.575057,-2.56917,-0.0884887,1.0
66,36,0.104359,-1.48061,0.0183898,1.0
66,21,1.15077,-0.312364,-0.0921177,1.0
66,38,2.0234,1.07042,0.0112652,1.0
67,1,-1.12977,1.13159,0.0862072,1.0
67,2,-0.394318,-3.92402,0.0571681,1.0
67,3,-0.447075,2.07496,-0.0320707,1.0
67,4,-1.29774,-0.898464,-0.0144638,1.0
67,5,0.546386,1.19558,-0.0860949,1.0
67,6,0.931238,-2.53424,0.0291922,1.0
67,8,0.0181252,0.126326,-0.0301184,1.0
67,12,0.985053,3.20441,0.0216317,1.0
67,13,1.9962,-1.07547,-0.0679718,1.0
67,18,-0.54274,-2.60742,-0.0987167,1.0
67,36,0.0750118,-1.4798,0.00231836,1.0
67,21,1.06186,-0.365724,-0.0721373,1.0
67,38,2.05807,1.07979,0.0150038,1.0
68,1,-1.09146,1.1353,0.0987492,1.0
68,2,-0.339712,-3.9319,-0.033867,1.0
68,3,-0.468793,2.13072,-0.0576774,1.0
68,4,-1.39776,-0.922533,0.0514181,1.0
68,5,0.466078,1.16048,-0.0202701,1.0
68,6,0.917153,-2.56085,-0.0248419,1.0
68,8,-0.010895,0.126839,-0.0314148,1.0
68,12,1.00393,3.19898,-0.0482782,1.0
68,13,1.99154,-1.05835,-0.0977846,1.0
68,18,-0.511452,-2.64063,0.0887757,1.0
68,36,0.0456107,-1.46554,-0.0132109,1.0
68,21,0.974177,-0.412421,-0.051587,1.0
68,38,2.08579,1.08671,0.019128,1.0
69,1,-1.05961,1.12981,-0.0843846,1.0
69,2,-0.282596,-3.93942,0.074513,1.0
69,3,-0.488124,2.19374,-0.0815461,1.0
69,4,-1.49219,-0.941462,-0.0820393,1.0
69,5,0.393058,1.13055,0.0468307,1.0
69,6,0.907286,-2.58329,-0.0789256,1.0
69,8,-0.057263,0.123168,-0.0309228,1.0
69,12,1.01554,3.18613,0.082831,1.0
69,13,1.98598,-1.04745,0.073106,1.0
69,18,-0.485113,-2.66922,0.0769123,1.0
69,36,0.013818,-1.43851,-0.0293542,1.0
69,21,0.88819,-0.456464,-0.0294788,1.0
69,38,2.10223,1.08847,0.0249508,1.0
70,1,-1.03371,1.1153,-0.0663535,1.0
70,2,-0.223245,-3.94628,-0.01865,1.0
70,3,-0.503196,2.26361,0.0948227,1.0
70,4,-1.57792,-0.957876,-0.0121554,1.0
70,5,0.329616,1.10695,-0.086763,1.0
70,6,0.901241,-2.59943,0.0649767,1.0
70,8,-0.119139,0.111532,-0.0283173,1.0
70,12,1.023,3.16556,0.0136509,1.0
70,13,1.97871,-1.03945,0.0440047,1.0
70,18,-0.464667,-2.69372,0.0656039,1.0
70,36,-0.0179405,-1.40536,-0.0451888,1.0
70,21,0.80464,-0.496347,-0.00826256,1.0
70,38,2.10688,1.08434,0.027391,1.0
71,1,-1.01465,1.09683,-0.0474998,1.0
71,2,-0.159498,-3.95602,0.0883877,1.0
71,3,-0.513911,2.33745,0.0727815,1.0
71,4,-1.65515,-0.97028,0.059423,1.0
71,5,0.277222,1.09311,-0.0219792,1.0
71,6,0.897777,-2.60947,0.00867747,1.0
71,8,-0.193908,0.0908811,-0.0260053,1.0
71,12,1.02638,3.13807,-0.0545873,1.0
71,13,1.9681,-1.03163,0.0124187,1.0
71,18,-0.450856,-2.71077,0.055909,1.0
71,36,-0.0547325,-1.37176,-0.0574603,1.0
71,21,0.728433,-0.529617,0.00942402,1.0
71,38,2.10363,1.07695,0.0283364,1.0
72,1,-1.00439,1.07931,-0.028969,1.0
72,2,-0.0937504,-3.96686,-0.00311019,1.0
72,3,-0.519607,2.41286,0.0499377,1.0
72,4,-1.72442,-0.981676,-0.0714217,1.0
72,5,0.24188,1.08794,0.0415058,1.0
72,6,0.897904,-2.61283,-0.048962,1.0
72,8,-0.279283,0.0598448,-0.0257755,1.0
72,12,1.02565,3.10512,0.0764218,1.0
72,13,1.95454,-1.02206,-0.0182191,1.0
72,18,-0.444002,-2.71884,0.0489445,1.0
72,36,-0.102146,-1.33921,-0.0696144,1.0
72,21,0.661335,-0.554902,0.0301041,1.0
72,38,2.08696,1.0654,0.0279698,1.0
73,1,-1.00553,1.06503,-0.0127025,1.0
73,2,-0.0252098,-3.97656,-0.0934774,1.0
73,3,-0.521744,2.48707,0.0265495,1.0
73,4,-1.78321,-0.991716,-0.00394217,1.0
73,5,0.224331,1.09082,-0.09267,1.0
73,6,0.896697,-2.61066,0.0920315,1.0
73,8,-0.374952,0.0193425,-0.0284779,1.0
73,12,1.01783,3.06532,0.00346199,1.0
73,13,1.9362,-1.01303,-0.0502517,1.0
73,18,-0.443109,-2.71625,0.0405402,1.0
73,36,-0.158787,-1.31083,-0.0822201,1.0
73,21,0.610888,-0.571843,0.0543836,1.0
73,38,2.05911,1.04667,0.0271726,1.0
74,1,-1.01907,1.05501,0.00269084,1.0
74,2,0.0478037,-3.98518,0.0151702,1.0
74,3,-0.520309,2.55368,0.00456737,1.0
74,4,-1.83523,-0.998847,0.0616806,1.0
74,5,0.222726,1.09936,-0.0267527,1.0
74,6,0.895518,-2.60141,0.0321295,1.0
74,8,-0.481511,-0.0268762,-0.0331687,1.0
74,12,1.00345,3.01835,-0.0729037,1.0
74,13,1.91255,-1.00397,-0.0824962,1.0
74,18,-0.448223,-2.70228,0.0323283,1.0
74,36,-0.223231,-1.28849,-0.0952554,1.0
74,21,0.574859,-0.582851,0.0835269,1.0
74,38,2.02088,1.02396,0.0272515,1.0
75,1,-1.04454,1.05387,0.0180968,1.0
75,2,0.124498,-3.98964,-0.0788113,1.0
75,3,-0.517397,2.61593,-0.0147582,1.0
75,4,-1.87638,-1.00403,-0.0716062,1.0
75,5,0.23713,1.11328,0.0375003,1.0
75,6,0.897291,-2.58295,-0.027169,1.0
75,8,-0.594053,-0.0770977,-0.0387811,1.0
75,12,0.985258,2.96276,0.0495883,1.0
75,13,1.88213,-0.993344,0.0836831,1.0
75,18,-0.459356,-2.6797,0.0245701,1.0
75,36,-0.294792,-1.27731,0.0905149,1.0
75,21,0.553597,-0.587242,-0.0822987,1.0
75,38,1.97353,0.997687,0.0276265,1.0
76,1,-1.07903,1.06156,0.0362963,1.0
76,2,0.201801,-3.98896,0.0273998,1.0
76,3,-0.515734,2.67188,-0.0338373,1.0
76,4,-1.91013,-1.00811,-0.00506118,1.0
76,5,0.259344,1.12885,-0.0985917,1.0
76,6,0.901801,-2.55805,-0.0881293,1.0
76,8,-0.71123,-0.127995,-0.0452007,1.0
76,12,0.96586,2.90222,-0.0288235,1.0
76,13,1.8469,-0.985748,0.052352,1.0
76,18,-0.474866,-2.64974,0.0163032,1.0
76,36,-0.375027,-1.27944,0.0797488,1.0
76,21,0.541636,-0.589787,-0.0535568,1.0
76,38,1.9213,0.975991,0.0265723,1.0
76,23,1.35014,0.154614,-6.63966e-05,1.0
77,1,-1.11619,1.07578,0.055379,1.0
77,2,0.281192,-3.9835,-0.068524,1.0
77,3,-0.516112,2.72345,-0.0520068,1.0
77,4,-1.93718,-1.01349,0.0608058,1.0
77,5,0.283117,1.14368,-0.0336887,1.0
77,6,0.907572,-2.52533,0.0491517,1.0
77,8,-0.826449,-0.174166,-0.0540537,1.0
77,12,0.945947,2.83616,0.0902214,1.0
77,13,1.811,-0.983647,0.0220286,1.0
77,18,-0.494856,-2.61442,0.0042566,1.0
77,36,-0.45726,-1.29359,0.0701246,1.0
77,21,0.527277,-0.593614,-0.0288731,1.0
77,38,1.86803,0.964395,0.0272911,1.0
77,23,1.34447,0.162778,-0.000162473,1.0
78,1,-1.15441,1.09738,0.0741327,1.0
78,2,0.358426,-3.97092,0.0355653,1.0
78,3,-0.517506,2.77037,-0.0682142,1.0
78,4,-1.96071,-1.01797,-0.0711255,1.0
78,5,0.307451,1.15955,0.032203,1.0
78,6,0.914598,-2.48505,-0.0172045,1.0
78,8,-0.936708,-0.213154,-0.0676645,1.0
78,12,0.923854,2.7635,0.00967842,1.0
78,13,1.7773,-0.990344,-0.00741409,1.0
78,18,-0.517388,-2.5793,-0.00652653,1.0
78,36,-0.538531,-1.31434,0.0617756,1.0
78,21,0.50815,-0.598487,-0.00400789,1.0
78,38,1.81376,0.957804,0.0301226,1.0
78,23,1.3354,0.176527,-0.00075907,1.0
79,1,-1.19201,1.12137,0.0908236,1.0
79,2,0.432532,-3.95135,-0.0589536,1.0
79,3,-0.519705,2.81208,-0.0843785,1.0
79,4,-1.98609,-1.02511,-0.00215572,1.0
79,5,0.332717,1.17445,0.097065,1.0
79,6,0.921887,-2.43706,-0.0843942,1.0
79,8,-1.03891,-0.238837,-0.0823696,1.0
79,12,0.900703,2.68454,-0.0690933,1.0
79,13,1.74448,-1.00659,-0.0346047,1.0
79,18,-0.542409,-2.54727,-0.0162522,1.0
79,36,-0.617687,-1.34249,0.0561597,1.0
79,21,0.479728,-0.605568,0.0208102,1.0
79,38,1.76092,0.954664,0.0340166,1.0
79,23,1.3238,0.1985,-0.000504584,1.0
80,1,-1.22585,1.14928,-0.0907325,1.0
80,2,0.503945,-3.92308,0.0443068,1.0
80,3,-0.526002,2.84728,-0.0988375,1.0
80,4,-2.0132,-1.03772,0.0649791,1.0
80,5,0.354774,1.18944,-0.0383571,1.0
80,6,0.928044,-2.38529,0.0476668,1.0
80,8,-1.13109,-0.253191,-0.0978894,1.0
80,12,0.880021,2.59788,0.0540959,1.0
80,13,1.7126,-1.02903,-0.062852,1.0
80,18,-0.567161,-2.51942,-0.0256781,1.0
80,36,-0.69709,-1.37355,0.0500492,1.0
80,21,0.439169,-0.612976,0.0468761,1.0
80,38,1.70722,0.952305,0.0411868,1.0
80,23,1.30887,0.228118,0.000459627,1.0
81,1,-1.25364,1.17832,-0.073654,1.0
81,2,0.573315,-3.88491,-0.0518803,1.0
81,3,-0.532484,2.87604,0.0865677,1.0
81,4,-2.0447,-1.05759,-0.0668036,1.0
81,5,0.367895,1.20593,0.0232069,1.0
81,6,0.932547,-2.32652,-0.0209066,1.0
81,8,-1.21126,-0.253152,0.0837182,1.0
81,12,0.860725,2.50376,-0.0220812,1.0
81,13,1.67904,-1.05571,-0.0900528,1.0
81,18,-0.58707,-2.49926,-0.0394971,1.0
81,36,-0.769005,-1.40596,0.045022,1.0
81,21,0.386691,-0.620417,0.0734157,1.0
81,38,1.65461,0.955338,0.0509903,1.0
81,23,1.29118,0.261654,-0.000431529,1.0
82,1,-1.27343,1.21015,-0.0549017,1.0
82,2,0.638968,-3.83676,0.0505283,1.0
82,3,-0.541002,2.89757,0.071396,1.0
82,4,-2.08267,-1.08445,-0.0010269,1.0
82,5,0.365052,1.22264,0.0823596,1.0
82,6,0.932365,-2.2621,-0.0897977,1.0
82,8,-1.2806,-0.238875,0.0662568,1.0
82,12,0.840739,2.40613,0.0996914,1.0
82,13,1.64574,-1.08543,0.0810021,1.0
82,18,-0.603013,-2.48581,-0.0536674,1.0
82,36,-0.829364,-1.43466,0.0415509,1.0
82,21,0.324959,-0.627475,0.0993718,1.0
82,38,1.60698,0.960733,0.0589808,1.0
82,23,1.27523,0.296998,-0.00407706,1.0
83,1,-1.2894,1.24445,-0.0382863,1.0
83,2,0.701172,-3.78034,-0.0461289,1.0
83,3,-0.548755,2.91031,0.0577408,1.0
83,4,-2.1275,-1.11799,0.0642306,1.0
83,5,0.34341,1.23722,-0.0584742,1.0
83,6,0.925132,-2.19152,0.04044,1.0
83,8,-1.33773,-0.210641,0.050606,1.0
83,12,0.824207,2.30915,0.0201798,1.0
83,13,1.61216,-1.11256,0.0515252,1.0
83,18,-0.613449,-2.4799,-0.068725,1.0
83,36,-0.882678,-1.45999,0.0397072,1.0
83,21,0.255077,-0.63497,-0.0727409,1.0
83,38,1.56463,0.96628,0.0665194,1.0
83,23,1.25915,0.333694,-0.0106291,1.0
84,1,-1.30046,1.27971,-0.0221898,1.0
84,2,0.758332,-3.71589,0.0555249,1.0
84,3,-0.556865,2.9143,0.0412617,1.0
84,4,-2.17868,-1.15254,-0.0677739,1.0
84,5,0.299235,1.24625,-9.6622e-07,1.0
84,6,0.911385,-2.12218,-0.0272738,1.0
84,8,-1.38311,-0.169785,0.0333038,1.0
84,12,0.811123,2.21816,-0.0590835,1.0
84,13,1.57987,-1.13461,0.0212595,1.0
84,18,-0.616435,-2.48289,-0.0818386,1.0
84,36,-0.930063,-1.4813,0.0402982,1.0
84,21,0.180759,-0.641055,-0.0444479,1.0
84,38,1.52824,0.970991,0.0743183,1.0
84,23,1.24317,0.36474,-0.0177234,1.0
85,1,-1.30232,1.31576,-0.00488072,1.0
85,2,0.80854,-3.64168,-0.0438396,1.0
85,3,-0.563808,2.90959,0.0217372,1.0
85,4,-2.2378,-1.18819,0.000439163,1.0
85,5,0.230939,1.24722,0.0565901,1.0
85,6,0.888286,-2.05728,-0.0929617,1.0
85,8,-1.4179,-0.118894,0.0129185,1.0
85,12,0.798314,2.13507,0.0616684,1.0
85,13,1.55155,-1.14595,-0.0100224,1.0
85,18,-0.61381,-2.49369,-0.0940444,1.0
85,36,-0.970393,-1.49633,0.0424345,1.0
85,21,0.105593,-0.647149,-0.0155522,1.0
85,38,1.49992,0.96915,0.0835198,1.0
85,23,1.22995,0.388409,-0.0276531,1.0
86,1,-1.29618,1.35528,0.0150285,1.0
86,2,0.853857,-3.55969,0.0589888,1.0
86,3,-0.570326,2.89799,0.00300264,1.0
86,4,-2.29932,-1.22661,0.067254,1.0
86,5,0.141473,1.24126,-0.0858563,1.0
86,6,0.852958,-2.00018,0.0406388,1.0
86,8,-1.44514,-0.0636862,-0.00740625,1.0
86,12,0.789421,2.06092,-0.0165483,1.0
86,13,1.5273,-1.14641,-0.041414,1.0
86,18,-0.605827,-2.50893,0.0960728,1.0
86,36,-1.00416,-1.50355,0.0491066,1.0
86,21,0.0347851,-0.649937,0.0126505,1.0
86,38,1.47681,0.960533,0.0959502,1.0
86,23,1.21671,0.406028,-0.0423224,1.0
87,1,-1.2865,1.39544,0.0364002,1.0
87,2,0.896211,-3.46876,-0.038614,1.0
87,3,-0.572906,2.88021,-0.0144815,1.0
87,4,-2.359,-1.26289,-0.0659778,1.0
87,5,0.0352115,1.2252,-0.0324867,1.0
87,6,0.805464,-1.95241,-0.0256257,1.0
87,8,-1.4643,-0.00704843,-0.0305114,1.0
87,12,0.783304,2.00013,-0.0931351,1.0
87,13,1.50485,-1.1362,-0.0725396,1.0
87,18,-0.592143,-2.52968,0.085117,1.0
87,36,-1.0354,-1.49866,0.0549514,1.0
87,21,-0.0313151,-0.647841,0.0417526,1.0
87,38,1.45739,0.941737,-0.0900194,1.0
87,23,1.20043,0.419977,-0.0613635,1.0
88,1,-1.27597,1.43503,0.0574349,1.0
88,2,0.931641,-3.36975,0.0646855,1.0
88,3,-0.573615,2.85594,-0.0323498,1.0
88,4,-2.4148,-1.29683,-0.000658129,1.0
88,5,-0.0794792,1.1969,0.019672,1.0
88,6,0.745836,-1.91004,-0.0917046,1.0
88,8,-1.47707,0.0493415,-0.0557745,1.0
88,12,0.776919,1.95377,0.0301899,1.0
88,13,1.48614,-1.11119,0.0962233,1.0
88,18,-0.574272,-2.55773,0.0717506,1.0
88,36,-1.06644,-1.48542,0.0597349,1.0
88,21,-0.0914459,-0.638589,0.0701781,1.0
88,38,1.44002,0.913366,-0.074659,1.0
88,23,1.17916,0.429185,-0.0821321,1.0
89,1,-1.27223,1.47749,0.0796139,1.0
89,2,0.960793,-3.26677,-0.0332129,1.0
89,3,-0.572487,2.8275,-0.0487123,1.0
89,4,-2.46774,-1.32752,0.0644232,1.0
89,5,-0.196307,1.15578,0.0716456,1.0
89,6,0.676005,-1.87116,0.0411969,1.0
89,8,-1.48429,0.10256,-0.0792079,1.0
89,12,0.771361,1.91798,-0.0472169,1.0
89,13,1.46931,-1.07512,0.0647654,1.0
89,18,-0.552107,-2.59336,0.0608426,1.0
89,36,-1.09981,-1.46594,0.0649877,1.0
89,21,-0.144002,-0.620835,0.0978754,1.0
89,38,1.42466,0.874025,-0.0613938,1.0
89,23,1.15456,0.435963,0.0958548,1.0
90,1,-1.28033,1.52761,-0.0981351,1.0
90,2,0.983618,-3.1591,0.0708616,1.0
90,3,-0.567847,2.79324,-0.0659193,1.0
90,4,-2.51483,-1.35503,-0.0693235,1.0
90,5,-0.309246,1.10136,-0.0768905,1.0
90,6,0.595023,-1.83554,-0.0245929,1.0
90,8,-1.48939,0.149658,0.099469,1.0
90,12,0.763074,1.89376,0.0757178,1.0
90,13,1.45465,-1.0292,0.0306123,1.0
90,18,-0.522356,-2.63314,0.0521545,1.0
90,36,-1.13278,-1.4382,0.0698848,1.0
90,21,-0.187276,-0.595978,-0.0740761,1.0
90,38,1.40912,0.82272,-0.050319,1.0
90,23,1.12732,0.439128,0.0715925,1.0
91,1,-1.29796,1.5825,-0.0766497,1.0
91,2,1.00381,-3.05056,-0.0260224,1.0
91,3,-0.557267,2.758,-0.0862787,1.0
91,4,-2.55468,-1.38106,-0.00215628,1.0
91,5,-0.41132,1.03595,-0.0236369,1.0
91,6,0.504502,-1.79761,-0.0913678,1.0
91,8,-1.49188,0.190247,0.0794754,1.0
91,12,0.750367,1.87942,0.00159171,1.0
91,13,1.43884,-0.972721,-0.00258685,1.0
91,18,-0.491697,-2.67549,0.0416704,1.0
91,36,-1.16028,-1.40797,0.0761549,1.0
91,21,-0.219399,-0.560566,-0.0489716,1.0
91,38,1.39335,0.758521,-0.0395986,1.0
91,39,1.87657,0.99755,-0.000123818,1.0
92,1,-1.32302,1.63889,-0.0554104,1.0
92,2,1.02257,-2.94012,0.0774657,1.0
92,3,-0.542972,2.7234,0.0943272,1.0
92,4,-2.58582,-1.40372,0.0624657,1.0
92,5,-0.496084,0.963372,0.0313013,1.0
92,6,0.41045,-1.75407,0.0386029,1.0
92,8,-1.49616,0.220861,0.0631429,1.0
92,12,0.732202,1.87404,-0.0702911,1.0
92,13,1.42337,-0.908599,-0.033338,1.0
92,18,-0.463221,-2.71894,0.0322565,1.0
92,36,-1.18557,-1.37833,0.0846863,1.0
92,21,-0.240417,-0.516295,-0.0278177,1.0
92,38,1.37316,0.683824,-0.0292836,1.0
92,39,1.87175,0.988546,0.00130367,1.0
93,1,-1.35498,1.69685,-0.0353201,1.0
93,2,1.04057,-2.82908,-0.0172754,1.0
93,3,-0.525261,2.68984,0.077174,1.0
93,4,-2.60993,-1.42331,-0.0717679,1.0
93,5,-0.561039,0.885099,0.0864201,1.0
93,6,0.316171,-1.70201,-0.02763,1.0
93,8,-1.5062,0.243099,0.0505496,1.0
93,12,0.707168,1.87552,0.0584661,1.0
93,13,1.40755,-0.838627,-0.0633492,1.0
93,18,-0.440623,-2.76148,0.0227148,1.0
93,36,-1.2127,-1.34954,0.0942325,1.0
93,21,-0.253433,-0.463449,-0.00982357,1.0
93,38,1.34494,0.602207,-0.0194503,1.0
93,39,1.86036,0.980076,0.00468377,1.0
94,1,-1.39243,1.75729,-0.0166817,1.0
94,2,1.05964,-2.71654,0.0919667,1.0
94,3,-0.502635,2.65849,0.0591808,1.0
94,4,-2.62499,-1.44011,-0.00505865,1.0
94,5,-0.604269,0.807404,-0.0541342,1.0
94,6,0.222974,-1.64068,-0.0946935,1.0
94,8,-1.52101,0.255394,0.0391809,1.0
94,12,0.681339,1.87738,-0.014248,1.0
94,13,1.38934,-0.767953,-0.0927202,1.0
94,18,-0.424761,-2.80558,0.0113513,1.0
94,36,-1.2402,-1.32436,-0.0981817,1.0
94,21,-0.255521,-0.408257,0.00561554,1.0
94,38,1.30946,0.519565,-0.0079773,1.0
94,39,1.84691,0.970193,0.00867784,1.0
95,1,-1.43787,1.81562,0.0037221,1.0
95,2,1.07823,-2.60169,0.00163365,1.0
95,3,-0.470955,2.62905,0.0430106,1.0
95,4,-2.63069,-1.45717,0.0594429,1.0
95,5,-0.6288,0.737074,0.00292581,1.0
95,6,0.130827,-1.575,0.0369943,1.0
95,8,-1.54441,0.259058,0.0286386,1.0
95,12,0.651662,1.8727,-0.0855092,1.0
95,13,1.36719,-0.701108,0.0811013,1.0
95,18,-0.411746,-2.8503,-0.0016652,1.0
95,36,-1.26745,-1.29952,-0.0920413,1.0
95,21,-0.247751,-0.354838,0.0228931,1.0
95,38,1.26331,0.442173,0.00584984,1.0
95,39,1.83286,0.9607,0.0120951,1.0
96,1,-1.48981,1.87156,0.0274074,1.0
96,2,1.0968,-2.4817,-0.0885111,1.0
96,3,-0.436887,2.60311,0.0299465,1.0
96,4,-2.62988,-1.47143,-0.0742103,1.0
96,5,-0.637949,0.677605,0.0594277,1.0
96,6,0.0411084,-1.51065,-0.0288697,1.0
96,8,-1.57925,0.258232,0.0197137,1.0
96,12,0.619808,1.86177,0.0437601,1.0
96,13,1.34038,-0.643065,0.0551943,1.0
96,18,-0.401658,-2.89305,-0.0151756,1.0
96,36,-1.2917,-1.27337,-0.087784,1.0
96,21,-0.231127,-0.305261,0.0396302,1.0
96,38,1.20656,0.373883,0.0191218,1.0
96,39,1.81672,0.94997,0.014134,1.0
97,1,-1.54384,1.91857,0.053402,1.0
97,2,1.11075,-2.35624,0.0212697,1.0
97,3,-0.398885,2.58075,0.0169137,1.0
97,4,-2.62317,-1.48493,-0.00820685,1.0
97,5,-0.633194,0.63541,-0.0811704,1.0
97,6,-0.0438406,-1.45046,-0.0966021,1.0
97,8,-1.62161,0.253199,0.0101535,1.0
97,12,0.589822,1.8454,-0.0269737,1.0
97,13,1.30909,-0.595351,0.0289104,1.0
97,18,-0.392464,-2.93133,-0.0277068,1.0
97,36,-1.31325,-1.24528,-0.0853189,1.0
97,21,-0.209829,-0.256576,0.0580333,1.0
97,38,1.13886,0.312006,0.0303888,1.0
97,39,1.79905,0.941679,0.0131346,1.0
98,1,-1.59865,1.95528,0.0799169,1.0
98,2,1.12128,-2.225,-0.0678801,1.0
98,3,-0.361552,2.56478,0.00323109,1.0
98,4,-2.61083,-1.49611,0.0582898,1.0
98,5,-0.613839,0.612583,-0.0214554,1.0
98,6,-0.118827,-1.39615,0.032682,1.0
98,8,-1.67102,0.244765,0.00050533,1.0
98,12,0.564768,1.81954,-0.0984329,1.0
98,13,1.27245,-0.557603,0.00375915,1.0
98,18,-0.381053,-2.96203,-0.0398626,1.0
98,36,-1.33222,-1.21504,-0.0831447,1.0
98,21,-0.182963,-0.20621,0.077239,1.0
98,38,1.05924,0.254441,0.0411998,1.0
98,39,1.78255,0.938741,0.00900704,1.0
99,1,-1.651,1.98301,-0.0912264,1.0
99,2,1.1253,-2.09048,0.0424553,1.0
99,3,-0.328079,2.55467,-0.0115246,1.0
99,4,-2.59365,-1.50291,-0.0735741,1.0
99,5,-0.581136,0.604328,0.0375187,1.0
99,6,-0.183629,-1.35006,-0.0373285,1.0
99,8,-1.72598,0.232607,-0.00910376,1.0
99,12,0.546054,1.78331,0.0303997,1.0
99,13,1.23183,-0.528947,-0.021072,1.0
99,18,-0.368518,-2.98457,-0.0498683,1.0
99,36,-1.34817,-1.18217,-0.0837973,1.0
99,21,-0.159006,-0.153646,0.0960551,1.0
99,38,0.97093,0.198564,0.0544384,1.0
99,39,1.7699,0.942732,0.0027989,1.0
100,1,-1.69708,2.0061,-0.0645676,1.0
100,2,1.12327,-1.9559,-0.0471988,1.0
100,3,-0.300133,2.55248,-0.0278763,1.0
100,4,-2.57624,-1.50687,-0.00426758,1.0
100,5,-0.541603,0.605661,0.0997214,1.0
100,6,-0.235162,-1.31153,0.0960791,1.0
100,8,-1.78525,0.219706,-0.0186373,1.0
100,12,0.534088,1.73356,-0.0385998,1.0
100,13,1.19204,-0.507203,-0.0470185,1.0
100,18,-0.354804,-2.99869,-0.0621244,1.0
100,36,-1.36063,-1.14768,-0.0862514,1.0
100,21,-0.143578,-0.0963495,-0.0829327,1.0
100,38,0.875386,0.142664,0.067792,1.0
100,39,1.75971,0.954798,-0.00653337,1.0
101,1,-1.73537,2.02191,-0.0370383,1.0
101,2,1.1168,-1.81924,0.0641814,1.0
101,3,-0.278578,2.55608,-0.0424187,1.0
101,4,-2.55758,-1.50845,0.06544,1.0
101,5,-0.499742,0.611426,-0.0338852,1.0
101,6,-0.27539,-1.28085,0.0336506,1.0
101,8,-1.84317,0.20736,-0.0270473,1.0
101,12,0.527564,1.6704,0.0928299,1.0
101,13,1.15539,-0.486462,-0.0736408,1.0
101,18,-0.339718,-3.00572,-0.0745657,1.0
101,36,-1.37031,-1.11207,-0.0907881,1.0
101,21,-0.140604,-0.0342968,-0.063342,1.0
101,38,0.780402,0.0871021,0.0835511,1.0
101,39,1.75005,0.97282,-0.0143432,1.0
102,1,-1.76877,2.03261,-0.0111778,1.0
102,2,1.10724,-1.68243,-0.0231927,1.0
102,3,-0.264787,2.56321,-0.055232,1.0
102,4,-2.53767,-1.50711,-0.0624688,1.0
102,5,-0.461231,0.621507,0.0365149,1.0
102,6,-0.302766,-1.25918,-0.0248668,1.0
102,8,-1.89684,0.194905,-0.0338341,1.0
102,12,0.52634,1.59635,0.0231536,1.0
102,13,1.11998,-0.463353,0.097121,1.0
102,18,-0.322471,-3.00493,-0.088771,1.0
102,36,-1.37753,-1.07466,0.0983952,1.0
102,21,-0.147022,0.0339012,-0.0481191,1.0
102,38,0.690298,0.0304134,-0.0953105,1.0
102,39,1.74281,0.98976,-0.0231418,1.0
103,1,-1.79523,2.03421,0.0122691,1.0
103,2,1.09119,-1.55293,0.0884902,1.0
103,3,-0.255574,2.57212,-0.0668471,1.0
103,4,-2.51866,-1.5061,0.00826638,1.0
103,5,-0.43125,0.633088,-0.0888783,1.0
103,6,-0.318865,-1.244,-0.086439,1.0
103,8,-1.94387,0.186929,-0.0393723,1.0
103,12,0.529276,1.51484,-0.0462552,1.0
103,13,1.08637,-0.432312,0.0684491,1.0
103,18,-0.301418,-2.99623,0.0974364,1.0
103,36,-1.37863,-1.03462,0.0871623,1.0
103,21,-0.166501,0.11005,-0.0390523,1.0
103,38,0.607736,-0.0309896,-0.0747219,1.0
103,39,1.73442,1.00677,-0.0331449,1.0
104,1,-1.81197,2.03054,0.0353322,1.0
104,2,1.07271,-1.43203,-0.00184848,1.0
104,3,-0.251487,2.58149,-0.077777,1.0
104,4,-2.49772,-1.50699,0.0758787,1.0
104,5,-0.414076,0.6417,-0.0110734,1.0
104,6,-0.326259,-1.23666,0.0493094,1.0
104,8,-1.98498,0.188179,-0.044383,1.0
104,12,0.531814,1.42993,0.0839559,1.0
104,13,1.05481,-0.389996,0.0418304,1.0
104,18,-0.277422,-2.97886,0.0831248,1.0
104,36,-1.37564,-0.988372,0.0785338,1.0
104,21,-0.198178,0.192461,-0.0333262,1.0
104,38,0.537681,-0.0989553,-0.0565964,1.0
104,39,1.7266,1.02177,-0.046698,1.0
105,1,-1.81984,2.02155,0.0589984,1.0
105,2,1.05325,-1.32613,-0.0918078,1.0
105,3,-0.250244,2.58857,-0.0874364,1.0
105,4,-2.47512,-1.50581,-0.0570944,1.0
105,5,-0.412582,0.646536,0.0652164,1.0
105,6,-0.32675,-1.23531,-0.0141217,1.0
105,8,-2.02107,0.194492,-0.0485855,1.0
105,12,0.534652,1.34948,0.0158879,1.0
105,13,1.02414,-0.335087,0.0158118,1.0
105,18,-0.248647,-2.95064,0.0681778,1.0
105,36,-1.36847,-0.936576,0.0731593,1.0
105,21,-0.242143,0.275889,-0.0259135,1.0
105,38,0.481397,-0.171332,-0.0411313,1.0
105,39,1.72152,1.03431,-0.0626243,1.0
106,1,-1.81679,2.00767,0.0854015,1.0
106,2,1.03723,-1.2319,0.0187647,1.0
106,3,-0.248925,2.59284,-0.0952488,1.0
106,4,-2.45014,-1.50362,0.0112346,1.0
106,5,-0.428369,0.652687,-0.0584731,1.0
106,6,-0.321033,-1.24115,-0.0766097,1.0
106,8,-2.05357,0.206921,-0.0526211,1.0
106,12,0.535941,1.27997,-0.0502682,1.0
106,18,-0.21613,-2.91501,0.0542676,1.0
106,36,-1.35703,-0.882566,0.0716838,1.0
106,38,0.427034,-0.245925,-0.0301765,1.0
106,39,1.72409,1.04551,-0.0805703,1.0
106,24,1.35293,0.148981,0.000324109,1.0
107,1,-1.80665,1.9863,-0.0896238,1.0
107,2,1.02654,-1.15055,-0.0692307,1.0
107,3,-0.246332,2.59124,0.0980042,1.0
107,4,-2.42156,-1.5025,0.0797063,1.0
107,5,-0.46095,0.659912,0.0171672,1.0
107,6,-0.313972,-1.25462,0.0629066,1.0
107,8,-2.08436,0.222896,-0.0576162,1.0
107,12,0.531617,1.22147,0.0851543,1.0
107,18,-0.179111,-2.87206,0.0394813,1.0
107,36,-1.33743,-0.821085,0.0747477,1.0
107,38,0.363349,-0.316542,-0.0253397,1.0
107,39,1.73489,1.06163,0.0978675,1.0
107,24,1.35584,0.138115,0.0018782,1.0
108,1,-1.78637,1.95887,-0.0648184,1.0
108,2,1.02179,-1.08459,0.0420743,1.0
108,3,-0.242313,2.58183,0.0917238,1.0
108,4,-2.38846,-1.50281,-0.0553418,1.0
108,5,-0.50998,0.66574,0.0953573,1.0
108,6,-0.305742,-1.28182,0.00834892,1.0
108,8,-2.11053,0.24602,-0.0659441,1.0
108,12,0.524365,1.17116,0.0218142,1.0
108,18,-0.143507,-2.8223,0.0254623,1.0
108,36,-1.31172,-0.753349,0.0771174,1.0
108,38,0.28956,-0.381837,-0.020333,1.0
108,39,1.75254,1.08461,0.0720455,1.0
108,24,1.36457,0.123169,0.00383529,1.0
109,1,-1.75738,1.92441,-0.0392098,1.0
109,2,1.02508,-1.03476,-0.0443673,1.0
109,3,-0.23929,2.56507,0.0842514,1.0
109,4,-2.35133,-1.50353,0.00774022,1.0
109,5,-0.572893,0.670168,-0.0243206,1.0
109,6,-0.297714,-1.32265,-0.0447441,1.0
109,8,-2.13082,0.275461,-0.0776677,1.0
109,12,0.511639,1.13018,-0.0406287,1.0
109,18,-0.107927,-2.76837,0.0125613,1.0
109,36,-1.27982,-0.681367,0.0829319,1.0
109,38,0.205656,-0.438586,-0.0155138,1.0
109,39,1.77897,1.11664,0.0444191,1.0
109,24,1.37764,0.105844,0.00450004,1.0
110,1,-1.71993,1.88568,-0.014786,1.0
110,2,1.03593,-0.999722,0.0681179,1.0
110,3,-0.237613,2.53882,0.0752361,1.0
110,4,-2.31173,-1.5023,0.0683297,1.0
110,5,-0.646871,0.67717,0.0554123,1.0
110,6,-0.29404,-1.37255,-0.0977059,1.0
110,8,-2.14824,0.306988,-0.0918772,1.0
110,12,0.495377,1.09773,0.0997788,1.0
110,18,-0.0711465,-2.71017,0.000881495,1.0
110,36,-1.24234,-0.604176,0.094576,1.0
110,38,0.114616,-0.48354,-0.0109372,1.0
110,39,1.8115,1.15782,0.0170601,1.0
110,24,1.39476,0.0864926,0.00491462,1.0
111,1,-1.67709,1.84489,0.0100171,1.0
111,2,1.05257,-0.980389,-0.019382,1.0
111,3,-0.232923,2.50756,0.0638681,1.0
111,4,-2.26578,-1.501,-0.0698868,1.0
111,5,-0.730165,0.684352,-0.0639735,1.0
111,6,-0.292815,-1.43378,0.0498254,1.0
111,8,-2.16442,0.342791,0.090233,1.0
111,12,0.473401,1.06991,0.0386543,1.0
111,18,-0.03122,-2.65062,-0.00911069,1.0
111,36,-1.20708,-0.526556,-0.0910587,1.0
111,38,0.0187561,-0.514318,-0.00789964,1.0
111,39,1.84719,1.20996,-0.00884204,1.0
111,24,1.41325,0.0649967,0.00243855,1.0
112,1,-1.62982,1.80359,0.0343766,1.0
112,2,1.07601,-0.974742,0.0947591,1.0
112,3,-0.226606,2.47259,0.0491803,1.0
112,4,-2.21059,-1.49952,-0.00688598,1.0
112,5,-0.813194,0.696793,0.0156821,1.0
112,6,-0.29205,-1.50018,-0.00138502,1.0
112,8,-2.18095,0.382171,0.0723017,1.0
112,12,0.449417,1.04438,-0.0226544,1.0
112,18,0.0114146,-2.59198,-0.0215354,1.0
112,36,-1.17497,-0.454494,-0.0790671,1.0
112,38,-0.074727,-0.529171,-0.00692204,1.0
112,39,1.88076,1.27116,-0.0358032,1.0
112,24,1.43317,0.0439095,0.00210853,1.0
113,1,-1.57858,1.76635,0.0604058,1.0
113,2,1.10237,-0.98174,0.0108249,1.0
113,3,-0.218653,2.43288,0.0356897,1.0
113,4,-2.1482,-1.4945,0.0583228,1.0
113,5,-0.889333,0.715683,0.0939825,1.0
113,6,-0.296001,-1.56851,-0.0480526,1.0
113,8,-2.20061,0.420271,0.0548342,1.0
113,12,0.421811,1.01946,-0.0851902,1.0
113,18,0.0599301,-2.53784,-0.036841,1.0
113,36,-1.1498,-0.388992,-0.0684803,1.0
113,38,-0.160108,-0.528787,-0.00548246,1.0
113,39,1.9095,1.33751,-0.0616383,1.0
113,24,1.45108,0.0276668,0.00313142,1.0
114,1,-1.5235,1.73409,0.085919,1.0
114,2,1.12401,-1.00351,-0.0731367,1.0
114,3,-0.210051,2.38821,0.0239504,1.0
114,4,-2.07981,-1.48633,-0.0751618,1.0
114,5,-0.951842,0.741854,-0.0271082,1.0
114,6,-0.304717,-1.63737,-0.0912523,1.0
114,8,-2.2249,0.458387,0.0384732,1.0
114,12,0.395699,0.99219,0.0534965,1.0
114,18,0.117535,-2.48763,-0.055044,1.0
114,36,-1.1299,-0.332909,-0.0599886,1.0
114,38,-0.233126,-0.51661,-0.00530225,1.0
114,39,1.93121,1.40305,-0.0886191,1.0
114,24,1.47112,0.0165741,0.00343186,1.0
115,1,-1.46965,1.70994,-0.0882518,1.0
115,2,1.13999,-1.03629,0.0418083,1.0
115,3,-0.200865,2.34113,0.0114074,1.0
115,4,-2.00135,-1.47549,-0.00772817,1.0
115,5,-1.00014,0.772128,0.0520492,1.0
115,6,-0.31965,-1.70648,0.0661781,1.0
115,8,-2.25331,0.495756,0.0261809,1.0
115,12,0.373663,0.965511,-0.00697715,1.0
115,18,0.179454,-2.44141,-0.0742411,1.0
115,36,-1.11106,-0.288829,-0.0541915,1.0
115,38,-0.293979,-0.493968,-0.00368123,1.0
115,39,1.94492,1.46453,0.0818063,1.0
115,24,1.49256,0.0129286,0.00186822,1.0
116,1,-1.41864,1.69416,-0.0649956,1.0
116,2,1.15099,-1.07836,-0.0415075,1.0
116,3,-0.187689,2.29379,-0.00170871,1.0
116,4,-1.91526,-1.46309,0.0589836,1.0
116,5,-1.03244,0.804594,-0.0661465,1.0
116,6,-0.34032,-1.77444,0.0245927,1.0
116,8,-2.28359,0.53134,0.013338,1.0
116,12,0.352942,0.936394,-0.0655234,1.0
116,18,0.243815,-2.39763,-0.0956885,1.0
116,36,-1.09095,-0.258365,-0.0495526,1.0
116,38,-0.345146,-0.464839,-0.000602962,1.0
116,39,1.95236,1.52118,0.0531325,1.0
116,24,1.51262,0.0178685,-0.00119519,1.0
117,1,-1.37076,1.68504,-0.0423547,1.0
117,2,1.15345,-1.1287,0.0758922,1.0
117,3,-0.170263,2.24427,-0.0147849,1.0
117,4,-1.82181,-1.44935,-0.0746962,1.0
117,5,-1.05283,0.844082,0.0197985,1.0
117,6,-0.365886,-1.83989,-0.015497,1.0
117,8,-2.31106,0.564229,0.0025431,1.0
117,12,0.333411,0.903675,0.0760668,1.0
117,18,0.314769,-2.35216,0.0814398,1.0
117,36,-1.06981,-0.241433,-0.0466942,1.0
117,38,-0.390531,-0.431147,-0.000762164,1.0
117,39,1.95339,1.57625,0.0233963,1.0
117,24,1.53208,0.0300205,-0.00326034,1.0
118,1,-1.32365,1.68101,-0.0197068,1.0
118,2,1.14619,-1.18517,-0.00897362,1.0
118,3,-0.147794,2.19624,-0.0275554,1.0
118,4,-1.72327,-1.4374,-0.0050393,1.0
118,5,-1.06216,0.890299,-0.0945984,1.0
118,6,-0.396151,-1.89981,-0.0558137,1.0
118,8,-2.33618,0.591891,-0.00714035,1.0
118,12,0.313667,0.869201,0.0172203,1.0
118,18,0.387596,-2.30784,0.0574668,1.0
118,36,-1.0424,-0.233882,-0.0457332,1.0
118,38,-0.430873,-0.395509,-0.00306439,1.0
118,39,1.9473,1.62698,-0.00826546,1.0
118,24,1.55217,0.0506459,-0.00501734,1.0
119,1,-1.27943,1.67859,0.00376443,1.0
119,2,1.13194,-1.23993,-0.0948031,1.0
119,3,-0.117291,2.15206,-0.0437067,1.0
119,4,-1.62488,-1.42647,0.0683962,1.0
119,5,-1.06381,0.94551,-0.00598411,1.0
119,6,-0.430689,-1.95353,-0.0967006,1.0
119,8,-2.36013,0.616036,-0.0181894,1.0
119,12,0.298119,0.830461,-0.0422532,1.0
119,18,0.460722,-2.26839,0.0347228,1.0
119,36,-1.00705,-0.233397,-0.0445669,1.0
119,38,-0.464441,-0.361266,-0.00510739,1.0
119,39,1.93224,1.67107,-0.0390004,1.0
119,24,1.56807,0.07692,-0.0056958,1.0
120,1,-1.23943,1.6719,0.028615,1.0
120,2,1.11332,-1.28603,0.0185065,1.0
120,3,-0.0778619,2.11187,-0.0607092,1.0
120,4,-1.53309,-1.41592,-0.0573456,1.0
120,5,-1.06194,1.0105,0.0839229,1.0
120,6,-0.467761,-2.00299,0.0624248,1.0
120,8,-2.38232,0.635444,-0.0316276,1.0
120,12,0.28652,0.789406,0.0969945,1.0
120,18,0.533905,-2.23907,0.0120155,1.0
120,36,-0.966864,-0.237432,-0.0449939,1.0
120,38,-0.491644,-0.332297,-0.00552448,1.0
120,39,1.90647,1.71135,-0.0694414,1.0
120,24,1.57747,0.104322,-0.0053077,1.0
121,1,-1.20348,1.65943,0.0536519,1.0
121,2,1.09454,-1.31686,-0.0678712,1.0
121,3,-0.0266085,2.07451,-0.0792342,1.0
121,4,-1.44695,-1.4011,0.0142855,1.0
121,6,-0.506193,-2.04792,0.0227564,1.0
121,8,-2.39676,0.652658,-0.0466914,1.0
121,12,0.277298,0.744905,0.0358454,1.0
121,18,0.608957,-2.22322,-0.0097425,1.0
121,38,-0.515407,-0.306715,-0.00633829,1.0
121,39,1.87114,1.74875,-0.0997382,1.0
121,24,1.58135,0.127099,-0.00290002,1.0
121,25,1.87641,1.0053,0.00119141,1.0
122,1,-1.17062,1.63969,0.0794039,1.0
122,2,1.0753,-1.33158,0.0468638,1.0
122,3,0.0336726,2.0403,-0.0974231,1.0
122,4,-1.36971,-1.3786,0.0826321,1.0
122,6,-0.545247,-2.09183,-0.0171811,1.0
122,8,-2.39881,0.66701,-0.0650834,1.0
122,12,0.265848,0.701444,-0.02729,1.0
122,18,0.685753,-2.21642,-0.0320865,1.0
122,38,-0.538344,-0.28252,-0.00600197,1.0
122,39,1.82471,1.78622,0.0675613,1.0
122,24,1.58004,0.139593,-0.00121358,1.0
122,25,1.87128,1.01255,0.00305224,1.0
123,1,-1.14139,1.61253,-0.0953173,1.0
123,2,1.05535,-1.333,-0.0376513,1.0
123,3,0.0983388,2.00627,0.0816052,1.0
123,4,-1.30393,-1.34997,-0.0501446,1.0
123,6,-0.583642,-2.13902,-0.0581783,1.0
123,8,-2.39287,0.68116,-0.085523,1.0
123,12,0.25566,0.661155,-0.0898342,1.0
123,18,0.76581,-2.21587,-0.0567103,1.0
123,38,-0.561307,-0.261135,-0.00344243,1.0
123,39,1.76886,1.82519,0.0364113,1.0
123,24,1.57384,0.140537,0.00119701,1.0
123,25,1.86323,1.02376,0.00404937,1.0
124,1,-1.11368,1.57882,-0.0709003,1.0
124,2,1.03148,-1.32246,0.0802224,1.0
124,3,0.170523,1.97329,0.0609804,1.0
124,4,-1.24585,-1.31619,0.0148223,1.0
124,6,-0.619221,-2.1931,0.0987006,1.0
124,8,-2.37969,0.691449,0.0939138,1.0
124,12,0.249819,0.624612,0.0450305,1.0
124,18,0.843273,-2.22273,-0.0830473,1.0
124,38,-0.583103,-0.240542,-0.000632649,1.0
124,39,1.7055,1.86463,0.00579483,1.0
124,24,1.56329,0.132445,0.00614539,1.0
124,25,1.85203,1.03715,0.00322366,1.0
125,1,-1.08762,1.54301,-0.0486692,1.0
125,2,1.00289,-1.29797,0.00243945,1.0
125,3,0.251024,1.94387,0.040232,1.0
125,4,-1.19604,-1.27601,0.0791578,1.0
125,6,-0.646175,-2.25332,0.0558905,1.0
125,8,-2.35656,0.698036,0.0729618,1.0
125,12,0.245788,0.593168,-0.0205115,1.0
125,18,0.917475,-2.23732,0.0885971,1.0
125,38,-0.603361,-0.221524,-0.000671662,1.0
125,39,1.63547,1.90548,-0.0266152,1.0
125,24,1.5465,0.112307,0.0122993,1.0
125,25,1.83718,1.05032,0.00132976,1.0
126,1,-1.06128,1.50319,-0.0274563,1.0
126,2,0.966604,-1.25804,-0.0744402,1.0
126,3,0.33329,1.91715,0.0207274,1.0
126,4,-1.15215,-1.22738,-0.0577422,1.0
126,6,-0.663372,-2.3181,0.0118747,1.0
126,8,-2.32104,0.699957,0.0530204,1.0
126,12,0.243589,0.563687,-0.0846396,1.0
126,18,0.987628,-2.26102,0.0602947,1.0
126,38,-0.622235,-0.201474,-0.0031889,1.0
126,39,1.55887,1.95134,-0.0594378,1.0
126,24,1.52578,0.0820772,0.0199204,1.0
126,25,1.8181,1.06407,-0.0019423,1.0
127,1,-1.0334,1.45773,-0.00400784,1.0
127,2,0.921286,-1.20271,0.047435,1.0
127,3,0.406487,1.89082,0.00261004,1.0
127,4,-1.11373,-1.17734,0.00251084,1.0
127,6,-0.672062,-2.39044,-0.0297252,1.0
127,8,-2.27355,0.697977,0.0318709,1.0
127,12,0.244808,0.536479,0.0493049,1.0
127,18,1.05124,-2.29652,0.0308586,1.0
127,38,-0.644247,-0.175771,-0.00581598,1.0
127,39,1.48385,2.00438,-0.0910557,1.0
127,24,1.5031,0.0428694,0.0293103,1.0
127,25,1.79885,1.07523,-0.00761615,1.0
128,1,-1.00223,1.40951,0.0213929,1.0
128,2,0.866312,-1.13622,-0.0315034,1.0
128,3,0.468526,1.86341,-0.0149858,1.0
128,4,-1.07572,-1.13054,0.0616662,1.0
128,6,-0.673057,-2.46585,-0.0702819,1.0
128,8,-2.2216,0.692195,0.00906955,1.0
128,12,0.249201,0.514006,-0.0169612,1.0
128,18,1.11143,-2.34177,-0.00123711,1.0
128,38,-0.666638,-0.143635,-0.00811679,1.0
128,39,1.41188,2.0645,0.0770684,1.0
128,24,1.47932,-0.00543021,0.0374935,1.0
128,25,1.77798,1.08368,-0.0143737,1.0
129,1,-0.96489,1.35863,0.0481556,1.0
129,2,0.799475,-1.06308,0.0885051,1.0
129,3,0.519294,1.83577,-0.0354133,1.0
129,4,-1.04025,-1.0895,-0.0797181,1.0
129,6,-0.667722,-2.54372,0.0871956,1.0
129,8,-2.16454,0.684404,-0.0148598,1.0
129,12,0.258116,0.495711,-0.085483,1.0
129,18,1.1679,-2.39286,-0.0335701,1.0
129,38,-0.690279,-0.107624,-0.0122779,1.0
129,39,1.34165,2.13272,0.0497312,1.0
129,24,1.457,-0.0582901,0.0471609,1.0
129,25,1.75901,1.0877,-0.0235865,1.0
130,1,-0.923369,1.30939,0.0719886,1.0
130,2,0.720744,-0.992162,0.00670281,1.0
130,3,0.559585,1.81025,-0.0551708,1.0
130,4,-1.00573,-1.058,-0.0214119,1.0
130,6,-0.654292,-2.62044,0.0439428,1.0
130,8,-2.10231,0.673585,-0.0384304,1.0
130,12,0.270394,0.481255,0.0463351,1.0
130,18,1.22033,-2.4466,-0.0656475,1.0
130,38,-0.714939,-0.0702366,-0.0148324,1.0
130,39,1.2664,2.21317,0.026338,1.0
130,24,1.43695,-0.114629,0.0575272,1.0
130,25,1.74515,1.08587,-0.0340536,1.0
131,1,-0.875561,1.26439,0.0965085,1.0
131,2,0.631211,-0.9321,-0.0747667,1.0
131,3,0.590116,1.78893,-0.0745066,1.0
131,4,-0.967909,-1.03659,0.0374688,1.0
131,6,-0.636847,-2.69293,-0.000308902,1.0
131,8,-2.03678,0.658925,-0.0614305,1.0
131,12,0.284852,0.468436,-0.0218594,1.0
131,18,1.26848,-2.4979,-0.0979184,1.0
131,38,-0.742537,-0.0327921,-0.0151141,1.0
131,39,1.18755,2.30145,0.00502757,1.0
131,24,1.42312,-0.174485,0.0690856,1.0
131,25,1.73372,1.07841,-0.0427379,1.0
132,1,-0.82411,1.23172,-0.0790556,1.0
132,2,0.530842,-0.883625,0.0428882,1.0
132,3,0.609889,1.76711,-0.0948752,1.0
132,4,-0.928619,-1.02731,0.0977669,1.0
132,6,-0.615988,-2.75896,-0.0458448,1.0
132,8,-1.97442,0.63839,-0.0863198,1.0
132,12,0.302959,0.460215,-0.0907031,1.0
132,18,1.3078,-2.5458,0.0691707,1.0
132,38,-0.772026,0.00402259,-0.0149002,1.0
132,39,1.10479,2.39367,-0.0130722,1.0
132,24,1.41638,-0.234572,0.0832985,1.0
132,25,1.72236,1.0696,-0.0492292,1.0
133,1,-0.763897,1.21568,-0.0553655,1.0
133,2,0.422983,-0.847162,-0.0410213,1.0
133,3,0.619922,1.74438,0.0848054,1.0
133,4,-0.89146,-1.03048,-0.0403469,1.0
133,6,-0.594182,-2.81464,-0.0898565,1.0
133,8,-1.91753,0.612645,0.0897468,1.0
133,12,0.325777,0.452948,0.0417163,1.0
133,18,1.3382,-2.58871,0.0370066,1.0
133,38,-0.800195,0.0373239,-0.0153157,1.0
133,39,1.01985,2.48563,-0.0336783,1.0
133,24,1.41891,-0.296264,-0.0999828,1.0
133,25,1.7161,1.0609,-0.0587681,1.0
134,1,-0.698407,1.21737,-0.0326255,1.0
134,2,0.310203,-0.823646,0.075086,1.0
134,3,0.620017,1.71873,0.0640934,1.0
134,4,-0.858782,-1.04909,0.025023,1.0
134,6,-0.570395,-2.86448,0.0614758,1.0
134,8,-1.86945,0.587183,0.0629615,1.0
134,12,0.355821,0.448044,-0.0242567,1.0
134,18,1.36164,-2.62748,0.00662846,1.0
134,38,-0.826395,0.0652244,-0.0166517,1.0
134,39,0.93517,2.58152,-0.055654,1.0
134,24,1.4347,-0.362483,-0.08224,1.0
134,25,1.71186,1.05267,-0.0702344,1.0
135,1,-0.630818,1.23402,-0.00978708,1.0
135,2,0.198381,-0.810053,-0.00848543,1.0
135,3,0.612286,1.69075,0.0452831,1.0
135,4,-0.834836,-1.0807,0.0931553,1.0
135,6,-0.541736,-2.90766,0.0101592,1.0
135,8,-1.82931,0.567147,0.0355356,1.0
135,12,0.391995,0.445741,-0.0915471,1.0
135,18,1.37987,-2.66224,-0.0237005,1.0
135,38,-0.850171,0.0841794,-0.0213829,1.0
135,39,0.852671,2.68195,-0.079189,1.0
135,24,1.46038,-0.431333,-0.0646749,1.0
135,25,1.71204,1.04477,-0.0802964,1.0
136,1,-0.566761,1.26676,0.0129502,1.0
136,2,0.0966043,-0.806457,-0.0938376,1.0
136,3,0.600179,1.66231,0.0291672,1.0
136,4,-0.819067,-1.1254,-0.0362984,1.0
136,6,-0.511112,-2.94268,-0.0390952,1.0
136,8,-1.79648,0.549141,0.00773119,1.0
136,12,0.427181,0.446126,0.0405138,1.0
136,18,1.39034,-2.69267,-0.0539712,1.0
136,38,-0.873747,0.0983554,-0.0274704,1.0
136,39,0.770946,2.78689,0.0980004,1.0
136,24,1.48963,-0.500768,-0.0457234,1.0
136,25,1.71747,1.0408,-0.0901578,1.0
136,26,1.35332,0.146657,0.00139826,1.0
137,1,-0.50851,1.30951,0.0375954,1.0
137,2,0.00745563,-0.8088,0.0203163,1.0
137,3,0.585449,1.63371,0.0128407,1.0
137,4,-0.809258,-1.18172,0.0338891,1.0
137,6,-0.479895,-2.97034,-0.0882872,1.0
137,8,-1.76934,0.529452,-0.0198861,1.0
137,12,0.45578,0.441161,-0.0287129,1.0
137,18,1.39194,-2.71791,-0.0848257,1.0
137,38,-0.896633,0.112649,-0.0336031,1.0
137,39,0.687542,2.89866,0.0762349,1.0
137,24,1.51919,-0.575327,-0.025192,1.0
137,25,1.72939,1.04411,0.0983508,1.0
137,26,1.35264,0.129795,0.00248626,1.0
138,1,-0.462616,1.36324,0.062651,1.0
138,2,-0.0711741,-0.815776,-0.0638127,1.0
138,3,0.572877,1.6108,-0.00315925,1.0
138,4,-0.804669,-1.24631,-0.0956101,1.0
138,6,-0.446169,-2.99021,0.0620966,1.0
138,8,-1.7434,0.510156,-0.0455353,1.0
138,12,0.474156,0.430623,-0.0996238,1.0
138,18,1.38551,-2.73486,0.0814041,1.0
138,38,-0.91578,0.126195,-0.0390186,1.0
138,39,0.599973,3.01153,0.0555347,1.0
138,24,1.54477,-0.655273,-0.00676578,1.0
138,25,1.74749,1.05658,0.0860755,1.0
138,26,1.35004,0.10138,0.000443918,1.0
139,1,-0.429577,1.42561,0.0888234,1.0
139,2,-0.13792,-0.828301,0.0509908,1.0
139,3,0.566994,1.59935,-0.0188077,1.0
139,4,-0.803012,-1.31801,-0.0253951,1.0
139,6,-0.407668,-3.00204,0.0105061,1.0
139,8,-1.71856,0.495163,-0.0703815,1.0
139,12,0.48348,0.41298,0.0263916,1.0
139,18,1.37241,-2.74561,0.0460065,1.0
139,38,-0.931053,0.13928,-0.0448839,1.0
139,39,0.508931,3.11957,0.0355143,1.0
139,24,1.56735,-0.739614,0.0106132,1.0
139,25,1.77501,1.07825,0.0763109,1.0
139,26,1.3435,0.0635308,-0.00199476,1.0
140,1,-0.405548,1.49462,-0.0845638,1.0
140,2,-0.193423,-0.84314,-0.0330894,1.0
140,3,0.565692,1.59768,-0.0363947,1.0
140,4,-0.802354,-1.39397,0.0439964,1.0
140,6,-0.36604,-3.00802,-0.0411443,1.0
140,8,-1.69402,0.481981,-0.0942371,1.0
140,12,0.483948,0.38452,-0.0483625,1.0
140,18,1.3527,-2.75201,0.0125671,1.0
140,38,-0.945859,0.155293,-0.0519659,1.0
140,39,0.414449,3.22183,0.0153677,1.0
140,24,1.58385,-0.831781,0.027486,1.0
140,25,1.80783,1.10891,0.0706028,1.0
140,26,1.3337,0.0177897,-0.00344502,1.0
141,1,-0.392069,1.56721,-0.0590871,1.0
141,2,-0.234183,-0.86139,0.0833988,1.0
141,3,0.569466,1.60623,-0.0547131,1.0
141,4,-0.800654,-1.47565,-0.0889534,1.0
141,6,-0.321692,-3.00886,-0.0947863,1.0
141,8,-1.66919,0.473751,0.0819686,1.0
141,12,0.477674,0.349212,0.0794489,1.0
141,18,1.32826,-2.7555,-0.0222025,1.0
141,38,-0.959717,0.175515,-0.0605574,1.0
141,39,0.316707,3.31682,-0.00718722,1.0
141,24,1.59721,-0.931615,0.0471842,1.0
141,25,1.84464,1.14524,0.0668299,1.0
141,26,1.31866,-0.03103,-0.00577593,1.0
142,1,-0.39068,1.64046,-0.0351553,1.0
142,2,-0.261392,-0.883433,0.000335577,1.0
142,3,0.579014,1.62435,-0.0721414,1.0
142,4,-0.80059,-1.56193,-0.0203333,1.0
142,6,-0.273941,-3.00264,0.0515812,1.0
142,8,-1.64235,0.465956,0.0591582,1.0
142,12,0.462533,0.310622,0.00803474,1.0
142,18,1.29892,-2.75456,-0.0573002,1.0
142,38,-0.971528,0.198275,-0.07113,1.0
142,39,0.219361,3.40024,-0.0289551,1.0
142,24,1.60553,-1.04159,0.0669684,1.0
142,25,1.88605,1.1857,0.0647943,1.0
142,26,1.30041,-0.0795657,-0.0121663,1.0
143,1,-0.40188,1.71047,-0.00905455,1.0
143,2,-0.278096,-0.908323,-0.0863038,1.0
143,3,0.596811,1.64692,-0.0864983,1.0
143,4,-0.806205,-1.65064,0.0479555,1.0
143,6,-0.22371,-2.98816,-0.00413047,1.0
143,8,-1.61199,0.456697,0.0380315,1.0
143,12,0.442243,0.27453,-0.0609133,1.0
143,18,1.2631,-2.74873,-0.0935044,1.0
143,38,-0.982414,0.223293,-0.0817025,1.0
143,39,0.121533,3.47597,-0.0505021,1.0
143,24,1.60923,-1.16118,0.0895785,1.0
143,25,1.92515,1.22676,0.0659025,1.0
143,26,1.28269,-0.122317,-0.0219929,1.0
144,1,-0.42608,1.7765,0.0184817,1.0
144,2,-0.283395,-0.932498,0.0281685,1.0
144,3,0.624047,1.66917,0.0974197,1.0
144,4,-0.816346,-1.73705,-0.0842096,1.0
144,6,-0.173015,-2.96687,-0.062282,1.0
144,8,-1.57734,0.448192,0.0171798,1.0
144,12,0.418977,0.243396,0.0747472,1.0
144,18,1.22351,-2.73706,0.0718313,1.0
144,38,-0.99016,0.251186,-0.0908508,1.0
144,39,0.0239659,3.54458,-0.0717679,1.0
144,24,1.60943,-1.2893,-0.0842223,1.0
144,25,1.96134,1.26274,0.0706655,1.0
144,26,1.26695,-0.160742,-0.0365584,1.0
145,1,-0.462398,1.84125,0.0481033,1.0
145,2,-0.279863,-0.95618,-0.0589529,1.0
145,3,0.6604,1.69211,0.0810582,1.0
145,4,-0.831894,-1.82279,-0.017863,1.0
145,6,-0.125797,-2.94533,0.0790402,1.0
145,8,-1.5377,0.442184,-0.00163863,1.0
145,12,0.391425,0.218585,0.00949861,1.0
145,18,1.18071,-2.72067,0.0392978,1.0
145,38,-0.99818,0.282978,0.0997203,1.0
145,39,-0.0720616,3.60475,-0.0918371,1.0
145,24,1.60405,-1.42168,-0.057449,1.0
145,25,1.99411,1.2927,0.0783247,1.0
145,26,1.25197,-0.194115,-0.0527511,1.0
146,1,-0.510821,1.90389,0.0788442,1.0
146,2,-0.270497,-0.975422,0.0553914,1.0
146,3,0.701645,1.71597,0.0658316,1.0
146,4,-0.851085,-1.90629,0.0434067,1.0
146,6,-0.0836777,-2.92621,0.0215064,1.0
146,8,-1.49076,0.435524,-0.0200711,1.0
146,12,0.35906,0.203398,-0.0552257,1.0
146,18,1.13881,-2.70056,0.00757699,1.0
146,38,-1.008,0.318107,0.089812,1.0
146,39,-0.16901,3.65758,0.0923978,1.0
146,24,1.59392,-1.55274,-0.0305905,1.0
146,25,2.02501,1.31671,0.0869213,1.0
146,26,1.24123,-0.22348,-0.0699351,1.0
147,1,-0.566677,1.96391,-0.0905258,1.0
147,2,-0.255604,-0.988688,-0.0293703,1.0
147,3,0.746808,1.73337,0.052035,1.0
147,4,-0.879595,-1.98836,-0.0955186,1.0
147,6,-0.0474903,-2.90788,-0.0348845,1.0
147,8,-1.4385,0.428152,-0.0378622,1.0
147,12,0.324122,0.19791,0.0824245,1.0
147,18,1.09907,-2.68274,-0.0226979,1.0
147,38,-1.01761,0.353928,0.080771,1.0
147,39,-0.263073,3.7026,0.0773316,1.0
147,24,1.58081,-1.67824,-0.00173418,1.0
147,25,2.04939,1.33338,0.0949358,1.0
147,26,1.23506,-0.253806,-0.0853303,1.0
148,1,-0.625196,2.02046,-0.0619924,1.0
148,2,-0.236099,-0.998172,0.0839141,1.0
148,3,0.79001,1.74672,0.0373709,1.0
148,4,-0.918805,-2.06814,-0.0320497,1.0
148,6,-0.0171074,-2.89267,-0.0881194,1.0
148,8,-1.37841,0.419687,-0.0563374,1.0
148,12,0.284004,0.202821,0.0239163,1.0
148,18,1.06107,-2.66687,-0.0535031,1.0
148,38,-1.0298,0.392365,0.0726201,1.0
148,39,-0.355774,3.74174,0.0628603,1.0
148,24,1.56687,-1.79342,0.0271817,1.0
148,25,2.06991,1.34524,-0.0966969,1.0
148,26,1.23245,-0.286999,0.097918,1.0
149,1,-0.685158,2.07401,-0.0325829,1.0
149,2,-0.214319,-1.00336,-0.00495003,1.0
149,3,0.826512,1.75705,0.0221022,1.0
149,4,-0.966596,-2.14359,0.032395,1.0
149,6,0.00656962,-2.88041,0.0603233,1.0
149,8,-1.31085,0.410695,-0.0720954,1.0
149,12,0.241297,0.219516,-0.0355569,1.0
149,18,1.02521,-2.652,-0.0878571,1.0
149,38,-1.0416,0.430538,0.0650984,1.0
149,39,-0.448609,3.77361,0.0505062,1.0
149,24,1.54865,-1.89408,0.0549564,1.0
149,25,2.08714,1.35078,-0.0897403,1.0
149,26,1.2352,-0.323987,0.0790256,1.0
150,1,-0.74318,2.12137,-0.00305783,1.0
150,2,-0.194649,-1.00682,-0.0969325,1.0
150,3,0.854882,1.76489,0.00633341,1.0
150,4,-1.02259,-2.21501,0.0946367,1.0
150,6,0.0266052,-2.87002,0.0112479,1.0
150,8,-1.23643,0.402759,-0.088012,1.0
150,12,0.196354,0.250416,-0.0940944,1.0
150,18,0.990886,-2.63588,0.0745184,1.0
150,38,-1.05377,0.469357,0.0568901,1.0
150,39,-0.541771,3.7975,0.0386694,1.0
150,24,1.53033,-1.98192,0.0839364,1.0
150,25,2.09886,1.34777,-0.0841636,1.0
150,26,1.24298,-0.367542,0.0602999,1.0
151,1,-0.797135,2.1634,0.0268403,1.0
151,2,-0.175564,-1.01415,0.0101504,1.0
151,3,0.869919,1.77046,-0.00954929,1.0
151,4,-1.08259,-2.27553,-0.0430726,1.0
151,6,0.0500873,-2.85528,-0.0372261,1.0
151,12,0.144367,0.292741,0.0457509,1.0
151,38,-1.07019,0.505421,0.0482946,1.0
151,39,-0.633088,3.81379,0.0281679,1.0
151,24,1.50922,-2.05981,-0.0896873,1.0
151,25,2.11072,1.3406,-0.0785802,1.0
151,26,1.25483,-0.415745,0.0419568,1.0
151,27,1.35351,0.149889,-0.00110128,1.0
152,1,-0.847668,2.19762,0.0570339,1.0
152,2,-0.155837,-1.02466,-0.0844651,1.0
152,3,0.871153,1.77391,-0.025876,1.0
152,4,-1.14422,-2.32742,0.0190611,1.0
152,6,0.081424,-2.83744,-0.0847576,1.0
152,12,0.0871531,0.346067,-0.0137163,1.0
152,38,-1.09163,0.541167,0.0382355,1.0
152,39,-0.721215,3.82016,0.0151426,1.0
152,24,1.48209,-2.13426,-0.0642026,1.0
152,25,2.12328,1.33374,-0.0739535,1.0
152,26,1.2661,-0.467865,0.0256503,1.0
152,27,1.35745,0.14447,-0.00433462,1.0
153,1,-0.894112,2.22392,0.0868287,1.0
153,2,-0.138089,-1.03727,0.0185657,1.0
153,3,0.860424,1.7742,-0.0432256,1.0
153,4,-1.20628,-2.37144,0.0792464,1.0
153,6,0.122114,-2.81987,0.066968,1.0
153,12,0.0289753,0.405009,-0.0732732,1.0
153,38,-1.11758,0.58072,0.0278009,1.0
153,39,-0.805832,3.81838,-0.0012645,1.0
153,24,1.44874,-2.20314,-0.0396247,1.0
153,25,2.13689,1.32647,-0.0709798,1.0
153,26,1.27561,-0.521757,0.0064455,1.0
153,27,1.36387,0.13818,-0.00740333,1.0
154,1,-0.936938,2.24291,-0.0813593,1.0
154,2,-0.118884,-1.05053,-0.0765179,1.0
154,3,0.840087,1.77202,-0.0616547,1.0
154,4,-1.26785,-2.4094,-0.0588339,1.0
154,6,0.164888,-2.79708,0.0177042,1.0
154,12,-0.0225593,0.467797,0.0679573,1.0
154,38,-1.1533,0.619427,0.0183633,1.0
154,39,-0.882789,3.80562,-0.0186659,1.0
154,24,1.41076,-2.26405,-0.0173999,1.0
154,25,2.14861,1.31598,-0.066253,1.0
154,26,1.28308,-0.578451,-0.0102343,1.0
154,27,1.36914,0.132352,-0.0132949,1.0
155,1,-0.977595,2.25508,-0.0487997,1.0
155,2,-0.0975916,-1.0632,0.0305311,1.0
155,3,0.811417,1.76847,-0.0827342,1.0
155,4,-1.32626,-2.44116,0.00273214,1.0
155,6,0.200867,-2.7686,-0.031089,1.0
155,12,-0.0629979,0.528281,0.00915449,1.0
155,38,-1.19635,0.657819,0.00847751,1.0
155,39,-0.952415,3.78563,-0.0386169,1.0
155,24,1.3735,-2.3145,0.00330683,1.0
155,25,2.16177,1.30356,-0.0608335,1.0
155,26,1.28713,-0.635448,-0.0278779,1.0
155,27,1.36961,0.125619,-0.0200161,1.0
156,1,-1.01342,2.2633,-0.0163378,1.0
156,2,-0.0768268,-1.07379,-0.0616467,1.0
156,3,0.774856,1.7642,0.0942583,1.0
156,4,-1.37749,-2.46781,0.0648451,1.0
156,6,0.226239,-2.73563,-0.0820754,1.0
156,12,-0.0948036,0.587534,-0.0497901,1.0
156,38,-1.2468,0.692957,-0.00116005,1.0
156,39,-1.01723,3.75835,-0.0588133,1.0
156,24,1.33583,-2.35343,0.0235245,1.0
156,25,2.17372,1.2902,-0.0568982,1.0
156,26,1.28693,-0.694995,-0.0448816,1.0
156,27,1.36292,0.119474,-0.0282971,1.0
157,1,-1.04226,2.26542,0.0154795,1.0
157,2,-0.0587547,-1.08171,0.0486767,1.0
157,3,0.735052,1.75948,0.0726632,1.0
157,4,-1.42248,-2.48993,-0.0718271,1.0
157,6,0.237355,-2.7012,0.0682708,1.0
157,12,-0.117144,0.64237,0.0920437,1.0
157,38,-1.30263,0.725915,-0.0138542,1.0
157,39,-1.07659,3.72466,-0.0777131,1.0
157,24,1.30276,-2.38071,0.0412005,1.0
157,25,2.18135,1.27895,-0.0539216,1.0
157,26,1.28353,-0.757743,-0.0622379,1.0
157,27,1.34934,0.115662,-0.0350537,1.0
158,1,-1.06611,2.25955,0.0465344,1.0
158,2,-0.0401304,-1.09044,-0.0406502,1.0
158,3,0.693627,1.75613,0.0508085,1.0
158,4,-1.46025,-2.50592,-0.00736338,1.0
158,6,0.234851,-2.66256,0.0187653,1.0
158,12,-0.127486,0.690059,0.03489,1.0
158,38,-1.36277,0.756715,-0.0295283,1.0
158,39,-1.13218,3.68536,-0.0967285,1.0
158,24,1.27744,-2.39745,0.0573797,1.0
158,25,2.1821,1.26811,-0.0513929,1.0
158,26,1.27782,-0.82713,-0.0821785,1.0
158,27,1.32792,0.11487,-0.0445132,1.0
159,1,-1.08175,2.24718,0.0768837,1.0
159,2,-0.0273959,-1.09982,0.0730242,1.0
159,3,0.651219,1.75706,0.0281118,1.0
159,4,-1.49402,-2.51558,0.0573615,1.0
159,6,0.217109,-2.62207,-0.0317829,1.0
159,12,-0.128525,0.732213,-0.0273058,1.0
159,38,-1.42623,0.783276,-0.0463505,1.0
159,39,-1.18325,3.64249,0.0841729,1.0
159,24,1.25736,-2.40241,0.0714731,1.0
159,25,2.17444,1.25614,-0.0504984,1.0
159,26,1.27147,-0.905876,0.0964403,1.0
159,27,1.29758,0.124185,-0.0573288,1.0
160,1,-1.08971,2.22576,-0.0934775,1.0
160,2,-0.0212887,-1.10679,-0.0139268,1.0
160,3,0.61125,1.76038,0.00360063,1.0
160,4,-1.51894,-2.51976,-0.0804429,1.0
160,6,0.184689,-2.58073,-0.0818423,1.0
160,12,-0.125364,0.766267,-0.0894533,1.0
160,38,-1.49129,0.80775,-0.0647838,1.0
160,39,-1.22863,3.59376,0.0639991,1.0
160,24,1.24393,-2.40245,0.0859276,1.0
160,25,2.15766,1.24486,-0.0495788,1.0
160,26,1.26376,-0.989783,0.0740238,1.0
160,27,1.25781,0.145108,-0.0714356,1.0
161,1,-1.09006,2.19275,-0.0642525,1.0
161,2,-0.0222842,-1.10925,-0.0998175,1.0
161,3,0.573823,1.77119,-0.0196238,1.0
161,4,-1.53368,-2.52193,-0.0205865,1.0
161,6,0.142158,-2.53934,0.0671598,1.0
161,12,-0.122485,0.791924,0.047756,1.0
161,38,-1.55198,0.828112,-0.0883839,1.0
161,39,-1.26637,3.54018,0.044659,1.0
161,24,1.23821,-2.39631,-0.0968661,1.0
161,25,2.13488,1.23537,-0.0499782,1.0
161,26,1.25671,-1.08088,0.0553805,1.0
161,27,1.20992,0.174409,-0.0864797,1.0
162,1,-1.08518,2.15369,-0.0353599,1.0
162,2,-0.0324763,-1.10588,0.0113912,1.0
162,3,0.541494,1.78943,-0.0422932,1.0
162,4,-1.54044,-2.5194,0.0404109,1.0
162,6,0.0854833,-2.49838,0.0159085,1.0
162,12,-0.12614,0.807915,-0.0166179,1.0
162,38,-1.61001,0.844006,0.0858546,1.0
162,39,-1.29793,3.48553,0.027915,1.0
162,24,1.24149,-2.38705,-0.0788578,1.0
162,25,2.10709,1.22495,-0.0511978,1.0
162,26,1.25379,-1.17187,0.0387302,1.0
162,27,1.15311,0.207639,0.0997239,1.0
163,1,-1.07418,2.10558,-0.00594074,1.0
163,2,-0.0517779,-1.09493,-0.0780572,1.0
163,3,0.514604,1.81467,-0.0650854,1.0
163,4,-1.53926,-2.51102,-0.0976155,1.0
163,6,0.0165553,-2.45477,-0.0354699,1.0
163,12,-0.139221,0.811487,-0.0831579,1.0
163,38,-1.66507,0.854327,0.0601772,1.0
163,39,-1.32367,3.4306,0.0115255,1.0
163,24,1.25286,-2.38242,-0.0646195,1.0
163,25,2.07221,1.21415,-0.0513552,1.0
163,26,1.25709,-1.25688,0.0223615,1.0
163,27,1.09154,0.23788,0.0855202,1.0
164,1,-1.0575,2.05223,0.0214483,1.0
164,2,-0.0795466,-1.07468,0.033428,1.0
164,3,0.492322,1.84435,-0.0847905,1.0
164,4,-1.534,-2.49689,-0.0356294,1.0
164,6,-0.0599559,-2.409,-0.0869212,1.0
164,12,-0.161358,0.805104,0.0519267,1.0
164,38,-1.71877,0.858024,0.0332439,1.0
164,39,-1.34077,3.3727,-0.00557387,1.0
164,24,1.26885,-2.38504,-0.0540858,1.0
164,25,2.03009,1.20349,-0.0509647,1.0
164,26,1.26002,-1.32964,0.00625153,1.0
164,27,1.0269,0.260624,0.0737728,1.0
165,1,-1.03384,1.9951,0.0488535,1.0
165,2,-0.113868,-1.04472,-0.0581181,1.0
165,3,0.476128,1.87656,0.0944329,1.0
165,4,-1.52628,-2.47989,0.0261421,1.0
165,6,-0.137127,-2.36533,0.0616903,1.0
165,12,-0.192674,0.78872,-0.0108311,1.0
165,38,-1.77068,0.854388,0.00812287,1.0
165,39,-1.35086,3.31181,-0.0239062,1.0
165,24,1.2836,-2.39926,-0.0455415,1.0
165,25,1.98169,1.19095,-0.0511044,1.0
165,26,1.26285,-1.38592,-0.00874502,1.0
165,27,0.962032,0.276991,0.0599264,1.0
166,1,-1.00498,1.93577,0.07945,1.0
166,2,-0.151322,-1.00182,0.0501704,1.0
166,3,0.465158,1.91165,0.0734938,1.0
166,4,-1.5167,-2.45843,0.0859547,1.0
166,6,-0.212389,-2.32337,0.0122026,1.0
166,12,-0.233151,0.764381,-0.0739682,1.0
166,38,-1.81496,0.844611,-0.0187922,1.0
166,39,-1.35556,3.24953,-0.0427919,1.0
166,24,1.29587,-2.41987,-0.0369446,1.0
166,25,1.928,1.17634,-0.0539533,1.0
166,26,1.26236,-1.43063,-0.0226333,1.0
166,27,0.892367,0.290149,0.0451128,1.0
166,28,1.74966,-0.454846,-0.000844039,1.0
167,1,-0.972567,1.87596,-0.085545,1.0
167,2,-0.190131,-0.947076,-0.0403231,1.0
167,3,0.455675,1.9477,0.0526311,1.0
167,4,-1.50975,-2.4301,-0.0524892,1.0
167,6,-0.277787,-2.28232,-0.0371009,1.0
167,12,-0.279063,0.734224,0.0611821,1.0
167,38,-1.85327,0.829291,-0.0484627,1.0
167,39,-1.35596,3.18644,-0.0633344,1.0
167,24,1.30543,-2.44735,-0.0272462,1.0
167,25,1.87165,1.1644,-0.0559456,1.0
167,26,1.25116,-1.47116,-0.0386137,1.0
167,27,0.8139,0.306274,0.0305695,1.0
167,28,1.75858,-0.451123,-0.00183149,1.0
168,1,-0.938874,1.81579,-0.0494653,1.0
168,2,-0.22861,-0.884432,0.0701012,1.0
168,3,0.448481,1.98092,0.0352246,1.0
168,4,-1.50717,-2.39901,0.0119717,1.0
168,6,-0.333413,-2.23996,-0.0850964,1.0
168,12,-0.329523,0.697654,-0.005087,1.0
168,38,-1.88793,0.809761,-0.0790514,1.0
168,39,-1.35302,3.12335,-0.0838104,1.0
168,24,1.30875,-2.47986,-0.0155338,1.0
168,25,1.81378,1.15484,-0.0536517,1.0
168,26,1.22687,-1.50686,-0.0540131,1.0
168,27,0.728716,0.321297,0.0152146,1.0
168,28,1.77293,-0.439988,-0.00237161,1.0
169,1,-0.901591,1.75838,-0.0137,1.0
169,2,-0.265558,-0.816217,-0.0203063,1.0
169,3,0.445315,2.01235,0.0167503,1.0
169,4,-1.51152,-2.36576,0.0775976,1.0
169,6,-0.372905,-2.19619,0.0677209,1.0
169,12,-0.385763,0.656602,-0.0686312,1.0
169,38,-1.92115,0.784952,0.0879032,1.0
169,39,-1.34387,3.05828,0.0960631,1.0
169,24,1.30608,-2.5204,-0.00107018,1.0
169,25,1.7526,1.14946,-0.051012,1.0
169,26,1.19177,-1.53777,-0.0720443,1.0
169,27,0.641567,0.333388,0.00317946,1.0
169,28,1.78956,-0.423185,-0.00366343,1.0
170,1,-0.863991,1.70366,0.0213047,1.0
170,2,-0.304296,-0.743802,0.0894044,1.0
170,3,0.442642,2.04141,-0.00273041,1.0
170,4,-1.5227,-2.32809,-0.0599043,1.0
170,6,-0.396092,-2.15122,0.02254,1.0
170,12,-0.448374,0.608203,0.0683223,1.0
170,38,-1.9494,0.75572,0.0530191,1.0
170,39,-1.33127,2.99252,0.0756317,1.0
170,24,1.29868,-2.56862,0.014934,1.0
170,25,1.6868,1.14435,-0.0480559,1.0
170,26,1.14489,-1.5615,-0.0893369,1.0
170,27,0.554527,0.344578,-0.00732438,1.0
170,28,1.80646,-0.40232,-0.00519572,1.0
171,1,-0.82783,1.65201,0.0541084,1.0
171,2,-0.345643,-0.6754,-0.00139987,1.0
171,3,0.445535,2.06708,-0.0208803,1.0
171,4,-1.54061,-2.28632,6.18144e-05,1.0
171,6,-0.403909,-2.10423,-0.0218498,1.0
171,12,-0.515772,0.555503,0.00482672,1.0
171,38,-1.97247,0.724241,0.0171348,1.0
171,39,-1.31543,2.92565,0.0534404,1.0
171,24,1.28262,-2.62306,0.031435,1.0
171,25,1.61739,1.13757,-0.0452184,1.0
171,26,1.08824,-1.57623,0.0915181,1.0
171,27,0.472652,0.355829,-0.0151195,1.0
171,28,1.8196,-0.378047,-0.00608679,1.0
172,1,-0.794424,1.60467,0.0870737,1.0
172,2,-0.386797,-0.617128,-0.091621,1.0
172,3,0.450452,2.09169,-0.037253,1.0
172,4,-1.56687,-2.24076,0.0585539,1.0
172,6,-0.39563,-2.05355,-0.0644728,1.0
172,12,-0.58696,0.503389,-0.0562623,1.0
172,38,-1.99128,0.691147,-0.0182358,1.0
172,39,-1.29314,2.86038,0.0301961,1.0
172,24,1.26193,-2.68562,0.0480094,1.0
172,25,1.54858,1.13016,-0.0435747,1.0
172,26,1.02164,-1.57856,0.0712264,1.0
172,27,0.400645,0.365684,-0.0228287,1.0
172,28,1.82757,-0.351724,-0.0100037,1.0
173,1,-0.761517,1.55682,-0.077729,1.0
173,2,-0.428216,-0.574556,0.0183749,1.0
173,3,0.454946,2.11681,-0.0553457,1.0
173,4,-1.59961,-2.19216,-0.0822832,1.0
173,6,-0.37117,-1.99726,0.0938283,1.0
173,12,-0.665575,0.453378,0.0840699,1.0
173,38,-2.00634,0.657047,-0.0546738,1.0
173,39,-1.26986,2.79465,0.00547486,1.0
173,24,1.23997,-2.75501,0.0669546,1.0
173,25,1.48073,1.12187,-0.0409897,1.0
173,26,0.949251,-1.56802,0.0502454,1.0
173,27,0.341086,0.375795,-0.0300316,1.0
173,28,1.8284,-0.324305,-0.0141682,1.0
174,1,-0.727857,1.51216,-0.045541,1.0
174,2,-0.46988,-0.548256,-0.069772,1.0
174,3,0.457128,2.14057,-0.0734775,1.0
174,4,-1.63554,-2.14175,-0.0262705,1.0
174,6,-0.337136,-1.94083,0.0526096,1.0
174,12,-0.750939,0.402919,0.0274064,1.0
174,38,-2.01908,0.621152,-0.0943577,1.0
174,39,-1.24231,2.72904,-0.0188526,1.0
174,24,1.21279,-2.8315,0.088424,1.0
174,25,1.41467,1.11326,-0.039273,1.0
174,26,0.874704,-1.5412,0.0281222,1.0
174,27,0.298458,0.389087,-0.0387803,1.0
174,28,1.82338,-0.297872,-0.0185164,1.0
175,1,-0.693517,1.46887,-0.0168522,1.0
175,2,-0.510583,-0.535822,0.0430715,1.0
175,3,0.461216,2.16471,-0.093454,1.0
175,4,-1.67311,-2.08835,0.0300848,1.0
175,6,-0.300638,-1.88657,0.0105293,1.0
175,12,-0.844368,0.34808,-0.0260308,1.0
175,38,-2.02807,0.583489,0.063065,1.0
175,39,-1.21086,2.66235,-0.043829,1.0
175,24,1.18123,-2.90973,-0.0898997,1.0
175,25,1.35113,1.10394,-0.0381999,1.0
175,26,0.80072,-1.50341,0.00411436,1.0
175,27,0.2726,0.405596,-0.0496653,1.0
175,28,1.81272,-0.275483,-0.025522,1.0
176,1,-0.657811,1.42618,0.011915,1.0
176,2,-0.552581,-0.535965,-0.0420397,1.0
176,3,0.46626,2.19036,0.0892336,1.0
176,4,-1.70978,-2.02941,0.083238,1.0
176,6,-0.26605,-1.83594,-0.0315152,1.0
176,12,-0.941604,0.290468,-0.0785496,1.0
176,38,-2.03644,0.543706,0.020664,1.0
176,39,-1.17786,2.59601,-0.0690662,1.0
176,24,1.14718,-2.98473,-0.0705027,1.0
176,25,1.2898,1.09614,-0.0382848,1.0
176,26,0.73406,-1.45573,-0.021166,1.0
176,27,0.262138,0.422922,-0.0591455,1.0
176,28,1.79481,-0.254506,-0.0336333,1.0
177,1,-0.621776,1.38494,0.0414704,1.0
177,2,-0.594304,-0.54459,0.0710203,1.0
177,3,0.470137,2.21824,0.0741475,1.0
177,4,-1.74538,-1.96928,-0.0668115,1.0
177,6,-0.238244,-1.79183,-0.0717027,1.0
177,12,-1.03964,0.22488,0.0703493,1.0
177,38,-2.04864,0.505865,-0.0214395,1.0
177,39,-1.14353,2.52851,-0.0939893,1.0
177,24,1.10928,-3.05276,-0.0480036,1.0
177,25,1.23465,1.09416,-0.0359028,1.0
177,26,0.678418,-1.4001,-0.0462999,1.0
177,27,0.26588,0.436294,-0.0697307,1.0
177,28,1.76845,-0.236133,-0.0400888,1.0
178,1,-0.585355,1.34151,0.0700081,1.0
178,2,-0.636363,-0.560255,-0.0175245,1.0
178,3,0.474316,2.25138,0.059804,1.0
178,4,-1.77593,-1.90616,-0.0171004,1.0
178,6,-0.217653,-1.75458,0.0885289,1.0
178,12,-1.13501,0.151472,0.0211872,1.0
178,38,-2.06596,0.469219,-0.064069,1.0
178,39,-1.1071,2.46326,0.082315,1.0
178,24,1.06764,-3.1118,-0.0257853,1.0
178,25,1.18737,1.09762,-0.0317088,1.0
178,26,0.633162,-1.33775,-0.0712371,1.0
178,27,0.276517,0.442803,-0.0812241,1.0
178,28,1.73831,-0.221503,-0.0476869,1.0
179,1,-0.549871,1.29782,0.0968491,1.0
179,2,-0.681346,-0.577787,0.0945848,1.0
179,3,0.477613,2.28885,0.0436427,1.0
179,4,-1.799,-1.83885,0.0329633,1.0
179,6,-0.202259,-1.72708,0.0505866,1.0
179,12,-1.2253,0.0723477,-0.0236114,1.0
179,38,-2.08435,0.437153,0.0924113,1.0
179,39,-1.0716,2.40114,0.0586069,1.0
179,24,1.0224,-3.15919,-0.00509078,1.0
179,25,1.14625,1.10383,-0.0276337,1.0
179,26,0.601115,-1.27016,-0.0954195,1.0
179,27,0.289645,0.438412,-0.0946793,1.0
179,28,1.70078,-0.212049,-0.0575911,1.0
180,1,-0.516275,1.24717,-0.0738908,1.0
180,2,-0.727313,-0.5929,0.00470454,1.0
180,3,0.475763,2.32776,0.02874,1.0
180,4,-1.81253,-1.76673,0.0825067,1.0
180,6,-0.190522,-1.70839,0.0155902,1.0
180,12,-1.30797,-0.00602002,-0.0699016,1.0
180,38,-2.10282,0.407588,0.0450874,1.0
180,39,-1.03671,2.34053,0.0339881,1.0
180,24,0.974452,-3.19895,0.0152478,1.0
180,25,1.11328,1.11118,-0.0265731,1.0
180,26,0.579224,-1.19731,0.0780406,1.0
180,27,0.302114,0.418063,0.0905932,1.0
180,28,1.6591,-0.206857,-0.0701794,1.0
181,1,-0.488003,1.19224,-0.045427,1.0
181,3,0.474158,2.36675,0.0169712,1.0
181,4,-1.81774,-1.69006,-0.0691639,1.0
181,6,-0.185073,-1.69639,-0.0185418,1.0
181,12,-1.37868,-0.0881697,0.0817225,1.0
181,38,-2.1202,0.380296,-0.0012349,1.0
181,39,-1.00491,2.28384,0.010709,1.0
181,24,0.918895,-3.22965,0.0370413,1.0
181,25,1.08399,1.12293,-0.0273504,1.0
181,26,0.564009,-1.1163,0.0510614,1.0
181,27,0.308603,0.380663,0.0774944,1.0
181,28,1.61123,-0.210268,-0.0841974,1.0
181,29,1.87712,1.00531,0.00106239,1.0
182,1,-0.46171,1.13042,-0.018609,1.0
182,3,0.472454,2.4052,0.00597654,1.0
182,4,-1.81767,-1.61108,-0.0214417,1.0
182,6,-0.190312,-1.68742,-0.0528772,1.0
182,12,-1.43665,-0.174946,0.0340291,1.0
182,38,-2.13482,0.355516,-0.0487546,1.0
182,39,-0.977156,2.23323,-0.0133602,1.0
182,24,0.857368,-3.25066,0.0568257,1.0
182,25,1.05506,1.14068,-0.0282171,1.0
182,26,0.552388,-1.02891,0.024371,1.0
182,27,0.307853,0.327514,0.0686092,1.0
182,28,1.55686,-0.225804,-0.0994987,1.0
182,29,1.87787,1.01766,0.00373492,1.0
183,1,-0.438821,1.06604,0.00693882,1.0
183,3,0.469051,2.44153,-0.00475294,1.0
183,4,-1.81302,-1.53203,0.0258069,1.0
183,6,-0.205042,-1.68046,-0.0890175,1.0
183,12,-1.47652,-0.26654,-0.0129675,1.0
183,38,-2.1473,0.33676,-0.0962288,1.0
183,39,-0.95126,2.18931,-0.0360029,1.0
183,24,0.791023,-3.26231,0.0733057,1.0
183,25,1.02552,1.16562,-0.0322348,1.0
183,26,0.541748,-0.938682,-0.000656343,1.0
183,27,0.302038,0.261491,0.0612146,1.0
183,28,1.5042,-0.247772,0.0860413,1.0
183,29,1.87936,1.03603,0.00747716,1.0
184,1,-0.422493,0.998904,0.0325579,1.0
184,3,0.464473,2.47692,-0.0150819,1.0
184,4,-1.80435,-1.45513,0.0739237,1.0
184,6,-0.226159,-1.68079,0.0745716,1.0
184,12,-1.49714,-0.356766,-0.0593159,1.0
184,38,-2.15616,0.323564,0.0548639,1.0
184,39,-0.927699,2.15039,-0.0577977,1.0
184,24,0.719235,-3.26694,0.0896079,1.0
184,25,0.993577,1.19847,-0.0393289,1.0
184,26,0.52999,-0.85183,-0.0300752,1.0
184,27,0.286838,0.188281,0.0565257,1.0
184,28,1.46111,-0.271868,0.0708646,1.0
184,29,1.88381,1.05853,0.0099968,1.0
185,1,-0.414642,0.926861,0.058561,1.0
185,3,0.460107,2.51146,-0.0251643,1.0
185,4,-1.79029,-1.38535,-0.0768108,1.0
185,6,-0.254722,-1.68961,0.0387273,1.0
185,12,-1.49922,-0.444774,0.0944066,1.0
185,38,-2.16548,0.319792,0.0075576,1.0
185,39,-0.905151,2.11349,-0.077316,1.0
185,24,0.643177,-3.26471,-0.0946081,1.0
185,25,0.956613,1.23726,-0.0466715,1.0
185,26,0.516132,-0.775942,-0.0648691,1.0
185,27,0.261845,0.11341,0.0568507,1.0
185,28,1.42867,-0.295866,0.0573951,1.0
185,29,1.88936,1.08067,0.0136687,1.0
186,1,-0.414833,0.85349,0.0861957,1.0
186,3,0.455588,2.54469,-0.0384126,1.0
186,4,-1.7743,-1.32233,-0.025357,1.0
186,6,-0.291323,-1.70395,0.00369098,1.0
186,12,-1.47752,-0.52782,0.0466653,1.0
186,38,-2.17405,0.325054,-0.0394918,1.0
186,39,-0.885183,2.07568,-0.0990798,1.0
186,24,0.563874,-3.25347,-0.0792627,1.0
186,25,0.913127,1.27853,-0.0555734,1.0
186,26,0.498657,-0.707933,0.0961382,1.0
186,27,0.228668,0.0358585,0.0622857,1.0
186,28,1.41075,-0.320675,0.0447932,1.0
186,29,1.89986,1.10124,0.0190935,1.0
187,1,-0.421988,0.77834,-0.0867764,1.0
187,3,0.450038,2.57897,-0.0514369,1.0
187,4,-1.75764,-1.26385,0.0276633,1.0
187,6,-0.332038,-1.71943,-0.0309641,1.0
187,12,-1.4343,-0.611529,-0.00222697,1.0
187,38,-2.1817,0.339995,-0.0884253,1.0
187,39,-0.867098,2.03887,0.0761474,1.0
187,24,0.480792,-3.23246,-0.0625139,1.0
187,25,0.862427,1.31626,-0.064599,1.0
187,26,0.475228,-0.644169,0.0557628,1.0
187,27,0.186981,-0.0437381,0.0684145,1.0
187,28,1.40858,-0.344608,0.0329406,1.0
187,29,1.91594,1.11807,0.0272643,1.0
188,1,-0.437163,0.700843,-0.0627425,1.0
188,3,0.443631,2.61387,-0.0649078,1.0
188,4,-1.73929,-1.20489,0.0797258,1.0
188,6,-0.37404,-1.73748,-0.0674044,1.0
188,12,-1.37605,-0.697877,-0.0494034,1.0
188,38,-2.187,0.362653,0.0597761,1.0
188,39,-0.851531,2.00219,0.04961,1.0
188,24,0.395896,-3.20393,-0.0445167,1.0
188,25,0.801713,1.34671,-0.0743757,1.0
188,26,0.443187,-0.579935,0.0157594,1.0
188,27,0.136123,-0.130256,0.07754,1.0
188,28,1.42003,-0.363351,0.0203808,1.0
188,29,1.93407,1.12979,0.0356961,1.0
189,1,-0.461564,0.623463,-0.0372753,1.0
189,3,0.438214,2.64756,-0.0799401,1.0
189,4,-1.71716,-1.14603,-0.0683018,1.0
189,6,-0.413537,-1.75433,0.0966268,1.0
189,12,-1.30807,-0.782233,-0.0942126,1.0
189,38,-2.18745,0.390641,0.00800243,1.0
189,39,-0.839131,1.96377,0.0240313,1.0
189,24,0.311629,-3.16693,-0.0259109,1.0
189,25,0.731654,1.36987,-0.0853972,1.0
189,26,0.401701,-0.516586,-0.0222624,1.0
189,27,0.0798261,-0.222571,0.0891054,1.0
189,28,1.44588,-0.381599,0.00480916,1.0
189,29,1.95365,1.13802,0.046361,1.0
190,1,-0.495161,0.554526,-0.011621,1.0
190,3,0.432147,2.67888,-0.0969514,1.0
190,4,-1.69061,-1.08342,-0.0155358,1.0
190,6,-0.44534,-1.77314,0.0610809,1.0
190,12,-1.2389,-0.86058,0.062931,1.0
190,38,-2.18047,0.420179,-0.0397619,1.0
190,39,-0.828041,1.92319,-0.0016501,1.0
190,24,0.230144,-3.1282,-0.00912728,1.0
190,25,0.655027,1.38303,-0.0993639,1.0
190,26,0.347855,-0.455369,-0.0604415,1.0
190,27,0.0235804,-0.321042,-0.0939845,1.0
190,28,1.48387,-0.396409,-0.00863258,1.0
190,29,1.97327,1.14234,0.0574913,1.0
191,1,-0.54096,0.493255,0.0182269,1.0
191,3,0.424869,2.71374,0.0876923,1.0
191,4,-1.65779,-1.02042,0.0345165,1.0
191,6,-0.468402,-1.79928,0.028841,1.0
191,12,-1.17526,-0.934244,0.0215043,1.0
191,38,-2.16481,0.452214,-0.0879449,1.0
191,39,-0.818069,1.87918,-0.0237609,1.0
191,24,0.152681,-3.08696,0.00688437,1.0
191,25,0.574414,1.38588,0.0853714,1.0
191,26,0.285571,-0.397516,-0.0972077,1.0
191,27,-0.0253798,-0.426151,-0.0777285,1.0
191,28,1.52962,-0.407861,-0.0219425,1.0
191,29,1.98931,1.14314,0.0697893,1.0
192,1,-0.599902,0.442683,0.0488018,1.0
192,3,0.417205,2.75041,0.0724595,1.0
192,4,-1.62269,-0.955138,0.0867928,1.0
192,6,-0.48013,-1.83623,-0.00294336,1.0
192,12,-1.12395,-1.00239,-0.0206212,1.0
192,38,-2.13861,0.487626,0.0637493,1.0
192,39,-0.806646,1.83654,-0.0468339,1.0
192,24,0.075685,-3.04275,0.0243685,1.0
192,25,0.49528,1.38155,0.0706145,1.0
192,26,0.21998,-0.343493,0.0645661,1.0
192,27,-0.0581836,-0.534577,-0.0634951,1.0
192,28,1.57697,-0.416139,-0.0369707,1.0
192,29,1.99684,1.14156,0.0804868,1.0
193,1,-0.671385,0.404866,0.0812792,1.0
193,3,0.407352,2.78721,0.0560643,1.0
193,4,-1.58342,-0.888377,-0.0580603,1.0
193,6,-0.485578,-1.87819,-0.0371473,1.0
193,12,-1.08843,-1.06725,-0.0632873,1.0
193,38,-2.10483,0.521801,0.0136154,1.0
193,39,-0.794845,1.795,-0.0722694,1.0
193,24,-0.000514308,-2.99978,0.0424357,1.0
193,25,0.419149,1.36734,0.0583387,1.0
193,26,0.160429,-0.296727,0.0258779,1.0
193,27,-0.0708376,-0.641097,-0.051304,1.0
193,28,1.62237,-0.423931,-0.0494784,1.0
193,29,1.99654,1.1373,0.0878751,1.0
194,1,-0.754751,0.381143,-0.0823317,1.0
194,3,0.397752,2.82177,0.0370978,1.0
194,4,-1.53768,-0.82192,-0.00514908,1.0
194,6,-0.487373,-1.92147,-0.073539,1.0
194,12,-1.07182,-1.12694,0.0949938,1.0
194,38,-2.06398,0.556873,-0.0359722,1.0
194,39,-0.788891,1.75352,0.0992851,1.0
194,24,-0.0736789,-2.96025,0.0620842,1.0
194,25,0.350621,1.34275,0.044726,1.0
194,26,0.114375,-0.255791,-0.0138837,1.0
194,27,-0.0622854,-0.741797,-0.0426598,1.0
194,28,1.66201,-0.431453,-0.0617435,1.0
194,29,1.98555,1.12845,0.0943725,1.0
195,1,-0.840407,0.368284,-0.0451833,1.0
195,3,0.386572,2.8507,0.015964,1.0
195,4,-1.49093,-0.754768,0.0485489,1.0
195,6,-0.488435,-1.96822,0.087295,1.0
195,12,-1.07079,-1.18173,0.0550173,1.0
195,38,-2.0246,0.595042,-0.0836163,1.0
195,39,-0.792093,1.71525,0.0693709,1.0
195,24,-0.141304,-2.92627,0.0811,1.0
195,25,0.291697,1.31084,0.0309701,1.0
195,26,0.0806615,-0.218329,-0.0558029,1.0
195,27,-0.031887,-0.835233,-0.0359826,1.0
195,28,1.69237,-0.439204,-0.0723991,1.0
195,29,1.96159,1.11803,-0.0962545,1.0
196,1,-0.917974,0.358221,-0.00935496,1.0
196,3,0.375418,2.87422,-0.00591796,1.0
196,6,-0.489262,-2.01783,0.0474963,1.0
196,12,-1.08312,-1.22746,0.0170393,1.0
196,38,-1.98949,0.634088,0.071294,1.0
196,39,-0.802484,1.68521,0.0395275,1.0
196,24,-0.200843,-2.89961,-0.0979628,1.0
196,25,0.243774,1.27103,0.0150789,1.0
196,27,0.0186932,-0.915538,-0.0291019,1.0
196,28,1.71781,-0.447809,-0.0829714,1.0
196,29,1.93102,1.11212,-0.0877754,1.0
196,30,1.34477,0.146919,-0.000924676,1.0
197,1,-0.981797,0.338711,0.0251529,1.0
197,3,0.362435,2.89102,-0.0288945,1.0
197,6,-0.490035,-2.07213,0.00975148,1.0
197,12,-1.11417,-1.26459,-0.0217071,1.0
197,38,-1.96159,0.674706,0.0272931,1.0
197,39,-0.819404,1.66663,0.00988423,1.0
197,24,-0.255555,-2.87885,-0.077102,1.0
197,25,0.210079,1.22367,-0.00209864,1.0
197,27,0.0864592,-0.980498,-0.0222272,1.0
197,28,1.7405,-0.460018,-0.0950481,1.0
197,29,1.90109,1.11708,-0.0828015,1.0
197,30,1.31979,0.132156,-0.000648557,1.0
198,1,-1.03159,0.306191,0.0592561,1.0
198,3,0.346,2.90099,-0.0550418,1.0
198,6,-0.489967,-2.13096,-0.0278507,1.0
198,12,-1.15691,-1.29058,-0.0621998,1.0
198,38,-1.93867,0.721023,-0.01729,1.0
198,39,-0.8421,1.65861,-0.0175822,1.0
198,24,-0.303978,-2.85893,-0.0578213,1.0
198,25,0.187956,1.16711,-0.0181028,1.0
198,27,0.167982,-1.02915,-0.0168911,1.0
198,28,1.75603,-0.47601,0.0925555,1.0
198,29,1.87218,1.13362,-0.0800533,1.0
198,30,1.2773,0.107347,-0.000533539,1.0
199,1,-1.06345,0.260504,0.0977035,1.0
199,3,0.330179,2.90577,-0.0802098,1.0
199,6,-0.486586,-2.197,-0.0647761,1.0
199,12,-1.21157,-1.30478,0.099384,1.0
199,38,-1.92307,0.769336,-0.0642766,1.0
199,39,-0.870027,1.6617,-0.0445635,1.0
199,24,-0.345513,-2.83734,-0.0375282,1.0
199,25,0.175494,1.10457,-0.0373618,1.0
199,27,0.256937,-1.06544,-0.0120902,1.0
199,28,1.76483,-0.496753,0.080161,1.0
199,29,1.83956,1.15725,-0.0779753,1.0
199,30,1.21888,0.0748905,0.00017414,1.0
200,1,-1.07781,0.203383,-0.060618,1.0
200,3,0.313748,2.90296,0.0948045,1.0
200,6,-0.476618,-2.26998,0.099109,1.0
200,12,-1.27329,-1.31067,0.0609615,1.0
200,38,-1.91291,0.81817,0.0838668,1.0
200,39,-0.897904,1.67468,-0.070798,1.0
200,24,-0.38388,-2.81116,-0.017818,1.0
200,25,0.172725,1.03637,-0.05809,1.0
200,27,0.346648,-1.09504,-0.00665996,1.0
200,28,1.76995,-0.51838,0.0696061,1.0
200,29,1.80299,1.18222,-0.0759687,1.0
200,30,1.15031,0.0385815,0.00124889,1.0
201,1,-1.07954,0.137469,-0.0230929,1.0
201,3,0.300589,2.89378,0.070737,1.0
201,6,-0.459426,-2.34674,0.0620688,1.0
201,12,-1.33898,-1.3108,0.0216645,1.0
201,38,-1.91003,0.869934,0.0314169,1.0
201,39,-0.924536,1.70039,-0.0973723,1.0
201,24,-0.420411,-2.77796,0.000864727,1.0
201,25,0.173516,0.966214,-0.0774749,1.0
201,27,0.432315,-1.12131,-0.00354122,1.0
201,28,1.77486,-0.541191,0.0614281,1.0
201,29,1.76505,1.20773,-0.0742327,1.0
201,30,1.07471,0.00131329,0.00347142,1.0
202,1,-1.065,0.0617223,0.0151464,1.0
202,3,0.285644,2.87707,0.0461292,1.0
202,6,-0.439174,-2.42349,0.024251,1.0
202,12,-1.40096,-1.30863,-0.0176287,1.0
202,38,-1.91384,0.924703,-0.0220331,1.0
202,39,-0.949308,1.73723,0.0752746,1.0
202,24,-0.454744,-2.73871,0.0195092,1.0
202,25,0.172635,0.895077,-0.0965101,1.0
202,27,0.511125,-1.15314,-0.00504435,1.0
202,28,1.78244,-0.565933,0.0531707,1.0
202,29,1.7229,1.23266,-0.0738322,1.0
202,30,0.993544,-0.0322754,0.00599733,1.0
203,1,-1.03902,-0.0181432,0.055898,1.0
203,3,0.267123,2.85315,0.0223536,1.0
203,6,-0.417201,-2.49661,-0.0148226,1.0
203,12,-1.45433,-1.30783,-0.0557343,1.0
203,38,-1.92148,0.98042,-0.0759318,1.0
203,39,-0.969009,1.77891,0.0472176,1.0
203,24,-0.485543,-2.69201,0.0381946,1.0
203,25,0.169387,0.827029,0.0828674,1.0
203,27,0.579326,-1.19604,-0.00815598,1.0
203,28,1.79686,-0.593504,0.0460734,1.0
203,29,1.67448,1.25825,-0.0731175,1.0
203,30,0.910028,-0.058828,0.00924365,1.0
204,1,-1.00619,-0.0978643,0.0939323,1.0
204,3,0.244212,2.82308,-0.00175119,1.0
204,6,-0.393015,-2.5655,-0.0541858,1.0
204,12,-1.5012,-1.31037,-0.0928162,1.0
204,38,-1.9316,1.02949,0.0661025,1.0
204,39,-0.976762,1.82375,0.0196987,1.0
204,24,-0.512318,-2.63912,0.0593206,1.0
204,25,0.159789,0.765513,0.0603228,1.0
204,27,0.636531,-1.25211,-0.0120044,1.0
204,28,1.82043,-0.626577,0.0404246,1.0
204,29,1.62137,1.28051,-0.0727311,1.0
204,30,0.821693,-0.0778961,0.00948176,1.0
205,1,-0.964919,-0.174642,-0.0675795,1.0
205,3,0.220489,2.78775,-0.0265929,1.0
205,6,-0.364474,-2.62744,-0.0931304,1.0
205,12,-1.54285,-1.31927,0.0713271,1.0
205,38,-1.94051,1.07065,0.00610235,1.0
205,39,-0.973556,1.86895,-0.00568886,1.0
205,24,-0.537067,-2.57773,0.0802832,1.0
205,25,0.140627,0.713288,0.0356234,1.0
205,27,0.68082,-1.32166,-0.0189023,1.0
205,28,1.85067,-0.659922,0.035296,1.0
205,29,1.56167,1.29941,-0.0731013,1.0
205,30,0.730319,-0.0893936,0.00821386,1.0
206,1,-0.91649,-0.247007,-0.0296221,1.0
206,3,0.19829,2.74528,-0.0537648,1.0
206,6,-0.333315,-2.68168,0.0656257,1.0
206,12,-1.57944,-1.33575,0.0371577,1.0
206,38,-1.95087,1.10108,-0.0542367,1.0
206,39,-0.961889,1.91276,-0.0301954,1.0
206,24,-0.5591,-2.51109,0.0995936,1.0
206,25,0.114545,0.674552,0.0108,1.0
206,27,0.713307,-1.40248,-0.0273109,1.0
206,28,1.88576,-0.689883,0.0294385,1.0
206,29,1.49781,1.31636,-0.0741472,1.0
206,30,0.63352,-0.0959483,0.00740335,1.0
207,1,-0.865794,-0.311989,0.00588629,1.0
207,3,0.179245,2.69733,-0.0793909,1.0
207,6,-0.301904,-2.72673,0.0205573,1.0
207,12,-1.61294,-1.36074,0.00463777,1.0
207,38,-1.96014,1.12435,0.084879,1.0
207,39,-0.942371,1.95393,-0.0562953,1.0
207,24,-0.575292,-2.43914,-0.0804824,1.0
207,25,0.0836658,0.648683,-0.0141351,1.0
207,27,0.737732,-1.48929,-0.0372073,1.0
207,28,1.92291,-0.717356,0.0248532,1.0
207,29,1.42957,1.32901,-0.0766855,1.0
207,30,0.537361,-0.102116,0.00534561,1.0
208,1,-0.812584,-0.376879,0.0391566,1.0
208,3,0.162336,2.64662,0.0951772,1.0
208,6,-0.27049,-2.76475,-0.0237214,1.0
208,12,-1.64716,-1.39078,-0.0265615,1.0
208,38,-1.96497,1.14167,0.0248891,1.0
208,39,-0.919234,1.99316,-0.084226,1.0
208,24,-0.587214,-2.36452,-0.0589927,1.0
208,25,0.0500141,0.634068,-0.0406655,1.0
208,27,0.756048,-1.58002,-0.0451682,1.0
208,28,1.95636,-0.740972,0.0196948,1.0
208,29,1.35729,1.34047,-0.0790936,1.0
208,30,0.446939,-0.111232,0.00378121,1.0
209,1,-0.762043,-0.441335,0.0725214,1.0
209,3,0.149045,2.59349,0.0701752,1.0
209,6,-0.240742,-2.79577,-0.0705979,1.0
209,12,-1.68221,-1.42316,-0.0584466,1.0
209,38,-1.96506,1.15355,-0.0365512,1.0
209,39,-0.894116,2.02793,0.0854957,1.0
209,24,-0.598259,-2.2855,-0.0376672,1.0
209,25,0.0130669,0.634048,-0.0675712,1.0
209,27,0.7706,-1.66747,-0.0521567,1.0
209,28,1.9858,-0.760048,0.0133623,1.0
209,29,1.28189,1.35071,-0.0813922,1.0
209,30,0.366957,-0.120991,0.000847531,1.0
210,1,-0.720609,-0.508616,-0.0916661,1.0
210,3,0.142431,2.5405,0.045168,1.0
210,6,-0.211228,-2.82336,0.0768017,1.0
210,12,-1.71871,-1.45153,-0.0917763,1.0
210,38,-1.96002,1.16093,-0.0994013,1.0
210,39,-0.868193,2.05226,0.0515615,1.0
210,24,-0.606869,-2.20109,-0.0150067,1.0
210,25,-0.0246305,0.6481,-0.0951587,1.0
210,27,0.783954,-1.75011,-0.0588548,1.0
210,28,2.00835,-0.776918,0.0048902,1.0
210,29,1.20302,1.35702,-0.0816834,1.0
210,30,0.302622,-0.131832,-0.00665327,1.0
211,1,-0.685972,-0.575709,-0.0566129,1.0
211,3,0.146101,2.48727,0.0215195,1.0
211,12,-1.75886,-1.47487,0.0760613,1.0
211,38,-1.948,1.16372,0.0380889,1.0
211,39,-0.847327,2.06836,0.0165513,1.0
211,24,-0.610911,-2.11328,0.00680827,1.0
211,27,0.794801,-1.82591,-0.066075,1.0
211,28,2.02248,-0.791535,-0.00479235,1.0
211,29,1.11978,1.3617,-0.0809122,1.0
211,30,0.251682,-0.143289,-0.0185736,1.0
211,31,1.87604,0.999328,0.000295432,1.0
212,1,-0.659752,-0.643338,-0.0225262,1.0
212,3,0.16336,2.43833,-0.00047813,1.0
212,12,-1.80063,-1.49358,0.0449702,1.0
212,38,-1.93124,1.16496,-0.0262784,1.0
212,39,-0.831854,2.07854,-0.0226213,1.0
212,24,-0.610959,-2.02676,0.0295671,1.0
212,27,0.805126,-1.89615,-0.0739222,1.0
212,28,2.02738,-0.802556,-0.0115007,1.0
212,29,1.02641,1.36372,-0.0809399,1.0
212,30,0.210942,-0.149062,-0.0293578,1.0
212,31,1.87214,0.991518,0.000920799,1.0
213,1,-0.642273,-0.706691,0.00808699,1.0
213,3,0.191337,2.39089,-0.0213263,1.0
213,12,-1.84368,-1.50663,0.0110642,1.0
213,38,-1.9103,1.1609,-0.0903668,1.0
213,39,-0.819459,2.08125,-0.0666458,1.0
213,24,-0.604719,-1.94528,0.0532145,1.0
213,27,0.812801,-1.96504,-0.0841258,1.0
213,28,2.02454,-0.810254,-0.0180326,1.0
213,29,0.922351,1.36016,-0.0796515,1.0
213,30,0.182139,-0.146674,-0.0433643,1.0
213,31,1.86771,0.977179,0.00250046,1.0
214,1,-0.629502,-0.762053,0.0389477,1.0
214,3,0.222736,2.34785,-0.0405345,1.0
214,12,-1.88761,-1.51536,-0.0256287,1.0
214,38,-1.88526,1.1534,0.0474889,1.0
214,39,-0.817623,2.07499,-0.115387,1.0
214,24,-0.590638,-1.87107,0.0790364,1.0
214,27,0.821006,-2.02891,-0.0924978,1.0
214,28,2.00959,-0.815633,-0.0226033,1.0
214,29,0.807214,1.34915,-0.0804894,1.0
214,30,0.165038,-0.135897,-0.0603433,1.0
214,31,1.86671,0.955513,0.00703847,1.0
215,1,-0.621231,-0.809007,0.0724286,1.0
215,3,0.2602,2.31238,-0.0577695,1.0
215,12,-1.93256,-1.52274,0.133212,1.0
215,38,-1.85622,1.14098,-0.0129536,1.0
215,39,-0.823826,2.06311,0.0324582,1.0
215,24,-0.569141,-1.80659,0.106389,1.0
215,27,0.830432,-2.08574,-0.0997078,1.0
215,28,1.98597,-0.817833,-0.0281621,1.0
215,29,0.681184,1.32956,-0.0812581,1.0
215,30,0.159453,-0.115152,-0.0774107,1.0
215,31,1.86949,0.92585,0.0156604,1.0
216,1,-0.62217,-0.850877,0.108913,1.0
216,3,0.305939,2.2899,-0.0737678,1.0
216,12,-1.97705,-1.52659,0.0899241,1.0
216,38,-1.82415,1.12288,-0.0705272,1.0
216,39,-0.834492,2.04912,-0.0199055,1.0
216,24,-0.539984,-1.74855,-0.0623459,1.0
216,27,0.840414,-2.13435,0.0933056,1.0
216,28,1.95478,-0.817485,-0.0335632,1.0
216,29,0.549442,1.30132,-0.0818117,1.0
216,30,0.164637,-0.0836513,-0.0940206,1.0
216,31,1.87447,0.889607,0.0250457,1.0
217,1,-0.629179,-0.891128,-0.0510393,1.0
217,3,0.360965,2.27831,-0.0899473,1.0
217,12,-2.01822,-1.52616,0.0491489,1.0
217,38,-1.79036,1.10011,-0.1262,1.0
217,39,-0.849578,2.03211,-0.0703547,1.0
217,24,-0.50512,-1.69795,-0.0285369,1.0
217,27,0.849485,-2.17427,0.0841175,1.0
217,28,1.91255,-0.816065,-0.0426344,1.0
217,29,0.416252,1.26276,-0.079749,1.0
217,30,0.177574,-0.046542,0.0856739,1.0
217,31,1.87387,0.847873,0.0347164,1.0
218,1,-0.640096,-0.930355,-0.00972154,1.0
218,3,0.426128,2.27529,-0.106845,1.0
218,12,-2.05471,-1.52126,0.010263,1.0
218,38,-1.75328,1.06982,0.0194139,1.0
218,39,-0.865351,2.01275,-0.118595,1.0
218,24,-0.46729,-1.6483,0.00572353,1.0
218,27,0.85616,-2.20846,0.0741877,1.0
218,28,1.86365,-0.812796,-0.0528927,1.0
218,29,0.2821,1.21825,-0.0784624,1.0
218,30,0.199871,-0.00969869,0.0640184,1.0
218,31,1.86473,0.802969,0.0457115,1.0
219,1,-0.653123,-0.969369,0.0303878,1.0
219,3,0.50043,2.28303,0.0752835,1.0
219,12,-2.0849,-1.51063,0.174034,1.0
219,38,-1.7148,1.03063,-0.0333149,1.0
219,39,-0.886412,1.99801,0.0332616,1.0
219,24,-0.426874,-1.59828,0.0376235,1.0
219,27,0.859311,-2.23903,0.061253,1.0
219,28,1.8066,-0.805784,-0.0640399,1.0
219,29,0.148738,1.16603,-0.0791936,1.0
219,30,0.227901,0.023358,0.0453411,1.0
219,31,1.84553,0.757926,0.0555195,1.0
220,1,-0.664769,-1.00569,0.0689254,1.0
220,3,0.579588,2.29637,0.0598269,1.0
220,12,-2.10715,-1.49644,0.137913,1.0
220,38,-1.67217,0.981968,-0.0846499,1.0
220,39,-0.90855,1.9904,-0.0153614,1.0
220,24,-0.385593,-1.54627,0.0670371,1.0
220,27,0.860117,-2.26594,0.0461264,1.0
220,28,1.74318,-0.797629,-0.0763128,1.0
220,29,0.016329,1.10601,-0.0826515,1.0
220,30,0.257507,0.0512439,0.0286629,1.0
220,31,1.81979,0.71273,0.0663057,1.0
221,1,-0.67347,-1.03964,0.110076,1.0
221,3,0.657228,2.30947,0.0451979,1.0
221,12,-2.12057,-1.47845,0.101313,1.0
221,38,-1.62341,0.924523,0.0623492,1.0
221,39,-0.928963,1.99217,-0.0643167,1.0
221,24,-0.344255,-1.49247,0.0957108,1.0
221,27,0.859211,-2.28674,0.0311954,1.0
221,28,1.67132,-0.789092,-0.0901759,1.0
221,29,-0.118699,1.04335,-0.0872905,1.0
221,30,0.291199,0.0676354,0.0120841,1.0
221,31,1.78668,0.668291,0.0769527,1.0
222,1,-0.676207,-1.07465,-0.0474155,1.0
222,3,0.731556,2.31946,0.0299152,1.0
222,12,-2.12428,-1.45671,0.0641426,1.0
222,38,-1.57176,0.857316,0.010194,1.0
222,39,-0.944968,2.00645,-0.115306,1.0
222,24,-0.3015,-1.43344,-0.0737064,1.0
222,27,0.857129,-2.30175,0.0185608,1.0
222,28,1.59218,-0.785399,-0.10201,1.0
222,29,-0.249674,0.98031,-0.092867,1.0
222,30,0.333567,0.0736128,-0.00442556,1.0
222,31,1.74343,0.626056,0.0869259,1.0
223,1,-0.678594,-1.10973,-0.00572946,1.0
223,3,0.80536,2.32344,0.0127559,1.0
223,12,-2.1194,-1.43063,0.0247403,1.0
223,38,-1.52454,0.779416,-0.0399948,1.0
223,39,-0.960344,2.02668,0.033836,1.0
223,24,-0.261681,-1.37257,-0.0452696,1.0
223,27,0.853495,-2.31362,0.00796926,1.0
223,28,1.5022,-0.784155,0.0877565,1.0
223,29,-0.370213,0.915095,-0.10176,1.0
223,30,0.379926,0.068819,-0.0218793,1.0
223,31,1.69351,0.583653,0.0952916,1.0
224,1,-0.6788,-1.14095,0.0335214,1.0
224,3,0.874597,2.3214,-0.0017967,1.0
224,12,-2.10854,-1.40105,-0.016134,1.0
224,38,-1.48452,0.69374,-0.0888679,1.0
224,39,-0.97227,2.05242,-0.0142019,1.0
224,24,-0.223893,-1.30505,-0.0174114,1.0
224,27,0.85019,-2.32284,-0.00286307,1.0
224,28,1.4072,-0.78979,0.076022,1.0
224,29,-0.47895,0.849634,0.0860837,1.0
224,30,0.429976,0.0530158,-0.0395294,1.0
224,31,1.64172,0.545624,0.101291,1.0
225,1,-0.676716,-1.17159,0.0753708,1.0
225,3,0.93772,2.31229,-0.015405,1.0
225,12,-2.09213,-1.36924,0.145065,1.0
225,38,-1.45251,0.601252,0.0595992,1.0
225,39,-0.980081,2.0831,-0.0619892,1.0
225,24,-0.185196,-1.22961,0.0117928,1.0
225,27,0.844699,-2.32683,-0.0125611,1.0
225,28,1.31141,-0.804902,0.0627157,1.0
225,29,-0.574174,0.785286,0.0783375,1.0
225,30,0.476852,0.0341163,-0.0567075,1.0
225,31,1.59014,0.512752,-0.0919631,1.0
226,1,-0.666328,-1.19995,-0.0802301,1.0
226,3,0.995089,2.29629,-0.0271869,1.0
226,12,-2.07181,-1.33611,-0.0938557,1.0
226,39,-0.984665,2.11504,0.0901041,1.0
226,27,0.836316,-2.32608,-0.0199249,1.0
226,28,1.2168,-0.830653,0.0510062,1.0
226,29,-0.664545,0.72044,0.0708516,1.0
226,30,0.512721,0.0174977,-0.0735444,1.0
226,31,1.5429,0.487798,-0.0847718,1.0
226,32,1.87722,1.0005,-0.000975922,1.0
227,1,-0.64953,-1.2293,-0.0338739,1.0
227,3,1.0478,2.27676,-0.0374113,1.0
227,12,-2.04611,-1.29792,0.0639408,1.0
227,39,-0.985722,2.14698,0.0423663,1.0
227,27,0.821037,-2.32157,-0.0277177,1.0
227,28,1.12376,-0.867964,0.0432706,1.0
227,29,-0.752464,0.654415,0.063887,1.0
227,30,0.530452,0.00140015,-0.0907051,1.0
227,31,1.50035,0.471901,-0.0778303,1.0
227,32,1.87155,0.998494,-0.00237458,1.0
228,1,-0.624489,-1.25505,0.0136937,1.0
228,3,1.0934,2.25287,-0.0471057,1.0
228,12,-2.01791,-1.25632,0.0202391,1.0
228,39,-0.984545,2.17762,-0.00739049,1.0
228,27,0.799453,-2.31498,-0.0366823,1.0
228,28,1.03111,-0.917663,0.041111,1.0
228,29,-0.840564,0.585919,0.0584945,1.0
228,30,0.530392,-0.00983886,0.0897067,1.0
228,31,1.46299,0.466079,-0.0688002,1.0
228,32,1.85871,0.993023,-0.00309637,1.0
229,1,-0.591555,-1.27827,0.062567,1.0
229,3,1.13227,2.22632,-0.055871,1.0
229,12,-1.98814,-1.21106,-0.0236913,1.0
229,39,-0.978877,2.20496,-0.0567242,1.0
229,27,0.768977,-2.30551,-0.0442068,1.0
229,28,0.938064,-0.973534,0.0410267,1.0
229,29,-0.928865,0.514494,0.0539809,1.0
229,30,0.510488,-0.014053,0.070099,1.0
229,31,1.4308,0.468181,-0.0586429,1.0
229,32,1.84072,0.982326,-0.00353022,1.0
230,1,-0.551976,-1.29898,-0.0860146,1.0
230,3,1.16635,2.19672,-0.0663466,1.0
230,12,-1.95375,-1.16253,-0.0681951,1.0
230,39,-0.968092,2.22757,0.0955625,1.0
230,27,0.732662,-2.29712,-0.0494336,1.0
230,28,0.847838,-1.03295,0.0399891,1.0
230,29,-1.01415,0.44251,0.0494994,1.0
230,30,0.47217,-0.0122386,0.0541478,1.0
230,31,1.40273,0.473422,-0.0533673,1.0
230,32,1.81833,0.969545,-0.00366138,1.0
231,1,-0.510196,-1.31705,-0.0333163,1.0
231,3,1.19164,2.16561,-0.0789882,1.0
231,12,-1.9118,-1.11155,0.0874137,1.0
231,39,-0.953342,2.24639,0.0492314,1.0
231,27,0.690081,-2.29175,-0.054963,1.0
231,28,0.764357,-1.09417,0.0396689,1.0
231,29,-1.09463,0.36823,0.0452235,1.0
231,30,0.412883,-0.00299046,0.0404312,1.0
231,31,1.37683,0.483312,-0.0524594,1.0
231,32,1.79174,0.951972,-0.00430262,1.0
232,1,-0.470086,-1.33418,0.0204535,1.0
232,3,1.20797,2.13525,-0.0918516,1.0
232,12,-1.86672,-1.05507,0.0402579,1.0
232,39,-0.935005,2.25997,0.00102164,1.0
232,27,0.646876,-2.29546,-0.0626006,1.0
232,28,0.692552,-1.15032,0.0406814,1.0
232,29,-1.17442,0.289043,0.0411689,1.0
232,30,0.335575,0.0150651,0.0283405,1.0
232,31,1.35503,0.496521,-0.0549409,1.0
232,32,1.75998,0.927437,-0.00899906,1.0
233,1,-0.438045,-1.35401,0.0746476,1.0
233,3,1.21558,2.10806,0.0952809,1.0
233,12,-1.81559,-0.993639,-0.00591687,1.0
233,39,-0.91072,2.26863,-0.0483133,1.0
233,27,0.602447,-2.31,-0.0719557,1.0
233,28,0.632741,-1.19884,0.0445511,1.0
233,29,-1.24815,0.208264,0.0377793,1.0
233,30,0.243022,0.0392904,0.0178982,1.0
233,31,1.33656,0.511381,-0.056909,1.0
233,32,1.72422,0.895502,-0.0127581,1.0
234,1,-0.418686,-1.3736,-0.0667151,1.0
234,3,1.21417,2.0859,0.0841205,1.0
234,12,-1.76276,-0.934558,0.150282,1.0
234,39,-0.880542,2.27333,-0.0987436,1.0
234,27,0.556623,-2.33565,-0.0839879,1.0
234,28,0.585569,-1.23539,0.0506412,1.0
234,29,-1.31487,0.134549,0.0337734,1.0
234,30,0.137389,0.0638915,0.0059141,1.0
234,31,1.32156,0.528225,-0.0596619,1.0
234,32,1.6871,0.855087,-0.0166524,1.0
235,1,-0.411112,-1.3894,-0.00908899,1.0
235,3,1.20187,2.06738,0.0738229,1.0
235,12,-1.71215,-0.88637,0.110694,1.0
235,39,-0.846656,2.27353,0.0499749,1.0
235,27,0.511121,-2.37345,-0.0985224,1.0
235,28,0.549678,-1.25757,0.057804,1.0
235,29,-1.37504,0.0686819,0.0259396,1.0
235,30,0.0244849,0.0896065,-0.00811276,1.0
235,31,1.30992,0.546651,-0.0613163,1.0
235,32,1.64639,0.806649,-0.0217253,1.0
236,1,-0.414947,-1.40082,0.0474671,1.0
236,3,1.18265,2.05147,0.065206,1.0
236,12,-1.66353,-0.846993,0.0724112,1.0
236,39,-0.810759,2.26696,0.00161763,1.0
236,27,0.465284,-2.42438,0.0849763,1.0
236,28,0.526025,-1.26205,0.0642553,1.0
236,29,-1.42925,0.014069,0.016305,1.0
236,30,-0.0874376,0.117948,-0.0223728,1.0
236,31,1.29426,0.566365,-0.0625492,1.0
236,32,1.60267,0.751585,-0.0282559,1.0
237,1,-0.429953,-1.40942,0.105737,1.0
237,3,1.15671,2.0386,0.0573622,1.0
237,12,-1.61745,-0.811993,0.0317855,1.0
237,39,-0.768125,2.25459,-0.0460512,1.0
237,27,0.420552,-2.48576,0.0679132,1.0
237,28,0.51584,-1.24963,0.0708319,1.0
237,29,-1.47854,-0.0301722,0.00738412,1.0
237,30,-0.196537,0.147798,-0.0360023,1.0
237,31,1.27391,0.585759,-0.0652249,1.0
237,32,1.5563,0.690452,-0.0369647,1.0
238,1,-0.453795,-1.41389,-0.0359513,1.0
238,3,1.12272,2.02577,0.0481122,1.0
238,12,-1.57287,-0.781119,0.190549,1.0
238,39,-0.72043,2.23497,-0.0933889,1.0
238,27,0.378801,-2.55677,0.0525811,1.0
238,28,0.517238,-1.22289,0.0773656,1.0
238,29,-1.52591,-0.0678707,-0.0017121,1.0
238,30,-0.294472,0.177935,-0.0496873,1.0
238,31,1.24982,0.600847,-0.0655544,1.0
238,32,1.50406,0.622343,-0.048128,1.0
239,1,-0.483844,-1.41493,0.018993,1.0
239,3,1.08194,2.01109,0.038782,1.0
239,12,-1.52659,-0.750134,-0.0467345,1.0
239,39,-0.668148,2.20826,0.058497,1.0
239,27,0.339,-2.62963,0.0363728,1.0
239,28,0.53274,-1.18197,0.0892386,1.0
239,29,-1.57618,-0.102816,-0.0118698,1.0
239,30,-0.383215,0.210745,-0.0610356,1.0
239,31,1.22163,0.610142,-0.0669688,1.0
239,32,1.44284,0.550038,-0.0587174,1.0
240,1,-0.518541,-1.41735,0.0746726,1.0
240,3,1.03576,1.99551,0.0322462,1.0
240,12,-1.48584,-0.716816,0.115662,1.0
240,39,-0.609575,2.17572,0.0106228,1.0
240,27,0.300013,-2.70014,0.0189327,1.0
240,28,0.561119,-1.13121,-0.097174,1.0
240,29,-1.62778,-0.137091,-0.0257335,1.0
240,30,-0.458522,0.247026,-0.0722955,1.0
240,31,1.18912,0.61589,-0.0710577,1.0
240,32,1.37642,0.475081,-0.0676941,1.0
241,1,-0.562029,-1.42053,0.129536,1.0
241,3,0.982453,1.9813,0.0254014,1.0
241,39,-0.547793,2.13717,-0.036742,1.0
241,27,0.259848,-2.76595,0.00106993,1.0
241,28,0.600375,-1.07705,-0.0845115,1.0
241,29,-1.68106,-0.174373,-0.0418073,1.0
241,30,-0.520782,0.286702,-0.0823158,1.0
241,32,1.30384,0.396891,-0.0777173,1.0
241,33,1.8795,0.999072,-0.00150994,1.0
242,1,-0.61642,-1.4203,-0.0130685,1.0
242,3,0.917544,1.96658,0.0176685,1.0
242,39,-0.484581,2.09258,-0.0835416,1.0
242,27,0.222157,-2.82561,-0.0176274,1.0
242,28,0.64761,-1.01864,-0.0718488,1.0
242,29,-1.73395,-0.216335,-0.0581227,1.0
242,30,-0.569678,0.327005,-0.092853,1.0
242,32,1.22107,0.313744,-0.0895286,1.0
242,33,1.88383,0.996013,-0.00308002,1.0
243,1,-0.673372,-1.41667,0.0439078,1.0
243,3,0.850585,1.95079,0.010642,1.0
243,39,-0.423302,2.0447,0.0731914,1.0
243,27,0.183364,-2.87762,-0.0363683,1.0
243,28,0.696511,-0.961062,-0.0576295,1.0
243,29,-1.78647,-0.262089,-0.0729721,1.0
243,30,-0.607613,0.371631,0.0947775,1.0
243,32,1.12914,0.224243,-0.103967,1.0
243,33,1.89152,0.994094,-0.00247384,1.0
244,1,-0.727223,-1.40977,0.0992734,1.0
244,3,0.785078,1.93202,0.00288246,1.0
244,39,-0.369419,1.99281,0.0289949,1.0
244,27,0.142543,-2.92434,-0.0549315,1.0
244,28,0.743245,-0.910125,-0.0445317,1.0
244,29,-1.83788,-0.308371,-0.085717,1.0
244,30,-0.637857,0.420655,0.0801606,1.0
244,32,1.02872,0.135689,0.0809791,1.0
244,33,1.90531,0.99646,-0.00311638,1.0
245,1,-0.77669,-1.39911,-0.045004,1.0
245,3,0.726907,1.90931,-0.00557725,1.0
245,39,-0.326341,1.934,-0.0154937,1.0
245,27,0.10205,-2.96535,-0.0759234,1.0
245,28,0.784371,-0.870207,-0.0306594,1.0
245,29,-1.88342,-0.357365,-0.0991369,1.0
245,30,-0.661976,0.471571,0.0663103,1.0
245,32,0.91787,0.0545664,0.0682412,1.0
245,33,1.92062,1.00265,-0.0058751,1.0
246,1,-0.82211,-1.38815,0.00845174,1.0
246,3,0.678186,1.88238,-0.014343,1.0
246,39,-0.293085,1.86976,-0.0590945,1.0
246,27,0.061555,-2.99642,-0.0983679,1.0
246,28,0.821866,-0.842479,-0.014417,1.0
246,29,-1.92141,-0.406154,-0.112554,1.0
246,30,-0.679181,0.519375,0.050116,1.0
246,32,0.799837,-0.0148706,0.0554575,1.0
246,33,1.93088,1.00719,-0.0107688,1.0
247,1,-0.860051,-1.37645,0.0619659,1.0
247,3,0.636441,1.84809,-0.0238649,1.0
247,39,-0.269805,1.80619,-0.10512,1.0
247,27,0.0230044,-3.02062,0.0832069,1.0
247,28,0.853642,-0.820554,0.00299203,1.0
247,29,-1.95467,-0.45394,0.073413,1.0
247,30,-0.693519,0.56536,0.031147,1.0
247,32,0.676588,-0.0762765,0.0418469,1.0
247,33,1.93337,1.00903,-0.0147101,1.0
248,1,-0.890627,-1.36284,0.114739,1.0
248,3,0.605484,1.80927,-0.0330931,1.0
248,39,-0.255082,1.74521,0.0489144,1.0
248,27,-0.0160929,-3.03782,0.0652153,1.0
248,28,0.882269,-0.800283,0.0207527,1.0
248,29,-1.9821,-0.498581,0.0607662,1.0
248,30,-0.705688,0.601207,0.0130052,1.0
248,32,0.55071,-0.129716,0.0291716,1.0
248,33,1.92887,1.00553,-0.0173254,1.0
249,1,-0.91448,-1.34737,-0.0342919,1.0
249,3,0.58102,1.76864,-0.0409228,1.0
249,39,-0.245795,1.68985,0.00448498,1.0
249,27,-0.0558658,-3.04838,0.0465767,1.0
249,28,0.907414,-0.780092,0.0385991,1.0
249,29,-2.00366,-0.537881,0.0459921,1.0
249,30,-0.720712,0.627222,-0.00453597,1.0
249,32,0.424769,-0.177743,0.0154818,1.0
249,33,1.91724,0.997991,-0.0208556,1.0
250,1,-0.927741,-1.33144,0.0133135,1.0
250,3,0.564098,1.72528,-0.0492799,1.0
250,39,-0.237607,1.64017,-0.0365437,1.0
250,27,-0.0980226,-3.05346,0.0278657,1.0
250,28,0.929732,-0.758417,0.0541574,1.0
250,29,-2.01932,-0.571733,0.0287794,1.0
250,30,-0.738839,0.641887,-0.0207591,1.0
250,32,0.298298,-0.220645,7.74036e-05,1.0
250,33,1.89769,0.988559,-0.0251239,1.0
251,1,-0.92676,-1.31443,0.0596436,1.0
251,3,0.551094,1.67808,-0.0568713,1.0
251,39,-0.230174,1.59624,-0.0788682,1.0
251,27,-0.14365,-3.05461,0.0122222,1.0
251,28,0.952739,-0.739802,0.0692196,1.0
251,29,-2.03213,-0.598713,0.0152189,1.0
251,30,-0.762084,0.646765,-0.0398989,1.0
251,32,0.171853,-0.260126,-0.0156657,1.0
251,33,1.86951,0.976131,-0.026818,1.0
252,1,-0.915015,-1.29895,0.10327,1.0
252,3,0.543473,1.62894,-0.0665305,1.0
252,39,-0.222307,1.56088,0.0768731,1.0
252,27,-0.190256,-3.05269,-0.00203725,1.0
252,28,0.980387,-0.726093,0.0828724,1.0
252,29,-2.04369,-0.618169,0.00187272,1.0
252,30,-0.792421,0.643013,-0.0594843,1.0
252,32,0.0409121,-0.297108,-0.0320886,1.0
252,33,1.83362,0.959368,-0.0284867,1.0
253,1,-0.897733,-1.28496,-0.0519262,1.0
253,3,0.538901,1.57903,-0.0766048,1.0
253,39,-0.211973,1.53339,0.0349392,1.0
253,27,-0.236158,-3.04423,-0.0161579,1.0
253,28,1.01487,-0.716321,0.097045,1.0
253,29,-2.05605,-0.628856,-0.011883,1.0
253,30,-0.832308,0.633814,-0.077741,1.0
253,32,-0.0949579,-0.329715,-0.0502729,1.0
253,33,1.79361,0.940175,-0.0280162,1.0
254,1,-0.879747,-1.27734,-0.00350989,1.0
254,3,0.53337,1.52637,-0.0883311,1.0
254,39,-0.199141,1.51123,-0.00702481,1.0
254,27,-0.280598,-3.02734,-0.0313538,1.0
254,28,1.05304,-0.70551,0.112321,1.0
254,29,-2.06499,-0.634449,-0.026083,1.0
254,30,-0.881933,0.618893,-0.0966142,1.0
254,32,-0.228452,-0.357757,-0.0717262,1.0
254,33,1.74681,0.918133,-0.0282368,1.0
255,1,-0.861412,-1.27954,0.0483401,1.0
255,3,0.525482,1.47146,-0.103146,1.0
255,39,-0.183458,1.49428,-0.0491762,1.0
255,27,-0.323394,-3.00448,-0.0460431,1.0
255,28,1.09339,-0.691718,-0.0713363,1.0
255,29,-2.0716,-0.636484,-0.0412925,1.0
255,30,-0.943878,0.601302,-0.116385,1.0
255,32,-0.349615,-0.383164,-0.0982983,1.0
255,33,1.6969,0.894135,-0.0257769,1.0
256,1,-0.841066,-1.29242,0.101042,1.0
256,3,0.511235,1.41484,0.0805333,1.0
256,27,-0.364485,-2.97479,-0.0596693,1.0
256,28,1.12913,-0.679435,-0.0542374,1.0
256,29,-2.07562,-0.633652,-0.0597175,1.0
256,30,-1.01223,0.587307,0.0623682,1.0
256,32,-0.460135,-0.404831,-0.128199,1.0
256,33,1.64785,0.870211,-0.0239695,1.0
256,34,1.35,0.152729,0.000416163,1.0
257,1,-0.818427,-1.3155,-0.0425088,1.0
257,3,0.484285,1.35756,0.0622828,1.0
257,27,-0.404459,-2.9377,-0.0714455,1.0
257,28,1.15574,-0.672343,-0.0396192,1.0
257,29,-2.07435,-0.625469,-0.078367,1.0
257,30,-1.08239,0.582326,0.0429187,1.0
257,32,-0.557314,-0.424368,0.0419104,1.0
257,33,1.60569,0.844308,-0.0247859,1.0
257,34,1.3417,0.15374,0.00125535,1.0
258,1,-0.789301,-1.34713,0.0143194,1.0
258,3,0.445181,1.30304,0.0459498,1.0
258,27,-0.443741,-2.89418,-0.0823294,1.0
258,28,1.1775,-0.669539,-0.0252627,1.0
258,29,-2.07043,-0.616165,-0.0978615,1.0
258,30,-1.15104,0.585634,0.0232843,1.0
258,32,-0.643292,-0.442288,0.0169835,1.0
258,33,1.56612,0.819403,-0.0271645,1.0
258,34,1.3276,0.155564,0.000671743,1.0
259,1,-0.754902,-1.38906,0.071535,1.0
259,3,0.392324,1.25315,0.028551,1.0
259,27,-0.481564,-2.84599,-0.0912893,1.0
259,28,1.19145,-0.673108,-0.0123897,1.0
259,29,-2.06255,-0.609395,-0.120152,1.0
259,30,-1.21594,0.600153,0.00540924,1.0
259,32,-0.71548,-0.461469,-0.00700862,1.0
259,33,1.53242,0.794154,-0.0301496,1.0
259,34,1.30896,0.158513,-0.00163858,1.0
260,1,-0.717695,-1.43472,-0.0693805,1.0
260,3,0.326861,1.20564,0.0131246,1.0
260,27,-0.517515,-2.79338,-0.0993553,1.0
260,28,1.19749,-0.685375,-0.00154175,1.0
260,29,-2.0536,-0.602715,0.0561432,1.0
260,30,-1.28038,0.62772,-0.0120492,1.0
260,32,-0.76948,-0.478564,-0.0325089,1.0
260,33,1.50187,0.771539,-0.0317868,1.0
260,34,1.28733,0.164222,-0.0056713,1.0
261,1,-0.671728,-1.48008,-0.00908944,1.0
261,3,0.248025,1.15913,-0.000901358,1.0
261,27,-0.552406,-2.74114,-0.107148,1.0
261,28,1.19717,-0.708647,0.00948383,1.0
261,29,-2.04705,-0.598607,0.0329895,1.0
261,30,-1.34466,0.668274,-0.0290492,1.0
261,32,-0.805927,-0.492238,-0.0576986,1.0
261,33,1.47542,0.751346,-0.0334942,1.0
261,34,1.26442,0.174449,-0.00930897,1.0
262,1,-0.617826,-1.52661,0.0540205,1.0
262,3,0.156425,1.114,-0.0140941,1.0
262,27,-0.58681,-2.69154,0.0825627,1.0
262,28,1.19064,-0.742111,0.0234578,1.0
262,29,-2.04597,-0.597483,0.0116577,1.0
262,30,-1.40887,0.714996,-0.0446546,1.0
262,32,-0.826616,-0.501019,-0.0856416,1.0
262,33,1.45028,0.733312,-0.0341281,1.0
262,34,1.24082,0.190262,-0.0138618,1.0
263,1,-0.559282,-1.5717,-0.0799982,1.0
263,3,0.0560602,1.06753,-0.0255317,1.0
263,27,-0.620955,-2.64996,0.0721396,1.0
263,28,1.17671,-0.789373,0.0393591,1.0
263,29,-2.04657,-0.600017,-0.00918636,1.0
263,30,-1.46882,0.767267,-0.0635062,1.0
263,32,-0.829772,-0.500122,0.0837612,1.0
263,33,1.42707,0.716047,-0.0358231,1.0
263,34,1.21546,0.212301,-0.0188045,1.0
264,1,-0.492432,-1.61092,-0.0148083,1.0
264,3,-0.0502374,1.02152,-0.0346679,1.0
264,27,-0.653427,-2.61776,0.0623808,1.0
264,28,1.15535,-0.85107,0.0558243,1.0
264,29,-2.04896,-0.606883,-0.029921,1.0
264,30,-1.52095,0.824094,-0.0827464,1.0
264,32,-0.818407,-0.486828,0.0531181,1.0
264,33,1.40215,0.698731,-0.0356265,1.0
264,34,1.18815,0.245443,-0.0211223,1.0
265,1,-0.419696,-1.64388,0.0485335,1.0
265,3,-0.154944,0.976561,-0.0429089,1.0
265,27,-0.686412,-2.59146,0.0544716,1.0
265,28,1.12598,-0.925173,0.0708962,1.0
265,29,-2.05351,-0.615063,-0.0515711,1.0
265,30,-1.57033,0.884096,-0.100887,1.0
265,32,-0.79283,-0.457544,0.0254084,1.0
265,33,1.37354,0.677306,-0.035264,1.0
265,34,1.16058,0.287812,-0.0211555,1.0
266,1,-0.340112,-1.66956,0.113276,1.0
266,3,-0.259846,0.929499,-0.0487825,1.0
266,27,-0.72125,-2.57054,0.0451627,1.0
266,28,1.0895,-1.0078,0.0833,1.0
266,29,-2.05999,-0.621855,-0.0746825,1.0
266,30,-1.62115,0.944729,0.0797486,1.0
266,32,-0.757073,-0.415273,-0.00115352,1.0
266,33,1.34057,0.652252,-0.0352438,1.0
266,34,1.12849,0.340311,-0.0194408,1.0
267,1,-0.252301,-1.68397,-0.021147,1.0
267,3,-0.35961,0.884794,-0.0573224,1.0
267,27,-0.759313,-2.5558,0.0330708,1.0
267,28,1.05002,-1.09523,0.0948727,1.0
267,29,-2.06264,-0.628958,-0.0976167,1.0
267,30,-1.6744,1.00239,0.0592069,1.0
267,32,-0.711728,-0.36703,-0.0288214,1.0
267,33,1.30333,0.624944,-0.0345868,1.0
267,34,1.09406,0.398855,-0.0167696,1.0
268,1,-0.159311,-1.68608,0.042834,1.0
268,3,-0.447199,0.843685,-0.0664227,1.0
268,27,-0.800792,-2.54674,0.0183814,1.0
268,28,1.00739,-1.17989,0.106959,1.0
268,29,-2.05923,-0.635542,-0.120692,1.0
268,30,-1.72776,1.05901,0.0363379,1.0
268,32,-0.660558,-0.318789,-0.0557786,1.0
268,33,1.26125,0.59318,-0.0341623,1.0
268,34,1.0532,0.459547,-0.0153076,1.0
269,1,-0.0656007,-1.67866,0.10567,1.0
269,3,-0.523936,0.812723,-0.0769822,1.0
269,27,-0.847051,-2.54135,0.00176084,1.0
269,28,0.967373,-1.26007,-0.0832844,1.0
269,29,-2.04916,-0.642714,0.0566991,1.0
269,30,-1.78079,1.11287,0.0141276,1.0
269,32,-0.604922,-0.273787,-0.0835634,1.0
269,33,1.21276,0.559925,-0.0341619,1.0
269,34,1.00971,0.518956,-0.0133779,1.0
270,1,0.0252016,-1.66416,-0.0262272,1.0
270,3,-0.592239,0.789323,-0.0868035,1.0
270,27,-0.897499,-2.53779,-0.0158498,1.0
270,28,0.935765,-1.33169,-0.0763126,1.0
270,29,-2.03233,-0.649914,0.0337091,1.0
270,30,-1.83205,1.16665,-0.00715018,1.0
270,32,-0.544046,-0.238509,0.0859574,1.0
270,33,1.161,0.526289,-0.0350715,1.0
270,34,0.964849,0.576404,-0.0152061,1.0
271,1,0.111306,-1.64236,0.0444168,1.0
271,3,-0.650197,0.77149,-0.0974509,1.0
271,27,-0.951809,-2.5289,-0.0325832,1.0
271,28,0.910861,-1.39489,-0.0718599,1.0
271,29,-2.01004,-0.6533,0.0102941,1.0
271,30,-1.88179,1.21912,-0.027579,1.0
271,32,-0.478317,-0.211759,0.0584096,1.0
271,33,1.09801,0.486844,-0.0374617,1.0
271,40,1.87969,1.00222,-5.99024e-05,1.0
272,1,0.19191,-1.61751,0.11815,1.0
272,3,-0.700032,0.756973,0.0908546,1.0
272,27,-1.00741,-2.51453,-0.0493465,1.0
272,28,0.892505,-1.45078,-0.0690144,1.0
272,29,-1.97776,-0.653254,-0.013307,1.0
272,30,-1.93117,1.26982,-0.0465805,1.0
272,32,-0.410224,-0.198286,0.0337975,1.0
272,33,1.01801,0.442327,-0.041146,1.0
272,40,1.88297,1.00459,0.00107878,1.0
273,1,0.26657,-1.58706,-0.00621451,1.0
273,3,-0.742101,0.750768,0.0805844,1.0
273,27,-1.06143,-2.49574,-0.068917,1.0
273,28,0.875278,-1.50164,-0.0653169,1.0
273,29,-1.93557,-0.651535,-0.0359405,1.0
273,30,-1.97826,1.3189,-0.064897,1.0
273,32,-0.33863,-0.196042,0.00883109,1.0
273,33,0.927232,0.390493,-0.0459093,1.0
273,40,1.89262,1.01295,0.00537782,1.0
274,1,0.338654,-1.55426,0.069207,1.0
274,3,-0.782355,0.752735,0.070941,1.0
274,27,-1.11314,-2.47149,-0.0907187,1.0
274,28,0.857863,-1.55014,-0.0619604,1.0
274,29,-1.88722,-0.649469,-0.0583093,1.0
274,30,-2.02431,1.36668,-0.0842466,1.0
274,32,-0.26839,-0.209439,-0.0190038,1.0
274,33,0.827472,0.334513,-0.0523198,1.0
274,40,1.90469,1.02725,0.00947672,1.0
275,1,0.407486,-1.52038,0.143904,1.0
275,3,-0.823149,0.759837,0.0631111,1.0
275,27,-1.16001,-2.44263,-0.112627,1.0
275,28,0.835658,-1.59656,-0.0567633,1.0
275,29,-1.83037,-0.650208,-0.0790868,1.0
275,30,-2.06588,1.41326,-0.104175,1.0
275,32,-0.204786,-0.237568,-0.0484992,1.0
275,33,0.72632,0.277437,-0.0600173,1.0
275,40,1.91605,1.04181,0.0119508,1.0
276,1,0.473404,-1.48827,0.017774,1.0
276,3,-0.862422,0.772033,0.0574792,1.0
276,27,-1.20373,-2.40872,0.0670532,1.0
276,28,0.811379,-1.63615,-0.0525389,1.0
276,29,-1.76301,-0.651632,-0.0987767,1.0
276,30,-2.10305,1.45587,0.0736157,1.0
276,32,-0.146085,-0.277134,-0.0791748,1.0
276,33,0.628922,0.223533,-0.0672181,1.0
276,40,1.92307,1.05295,0.0153418,1.0
277,1,0.540566,-1.45826,0.0921896,1.0
277,3,-0.90036,0.78603,0.0531582,1.0
277,27,-1.2441,-2.36852,0.0484534,1.0
277,28,0.785541,-1.67224,-0.0501404,1.0
277,29,-1.68774,-0.652689,-0.117738,1.0
277,30,-2.13787,1.49935,0.0496989,1.0
277,32,-0.0929344,-0.323146,-0.107655,1.0
277,33,0.539275,0.173959,-0.0752585,1.0
277,40,1.92255,1.05883,0.0202493,1.0
278,1,0.608582,-1.43383,0.167124,1.0
278,3,-0.936618,0.801549,0.0530732,1.0
278,27,-1.27997,-2.32382,0.0322908,1.0
278,28,0.754847,-1.70538,-0.0503296,1.0
278,29,-1.60585,-0.652731,0.0671273,1.0
278,30,-2.16451,1.53855,0.0259938,1.0
278,32,-0.0461508,-0.369651,0.0667147,1.0
278,33,0.45806,0.127247,-0.0853926,1.0
278,40,1.91592,1.05985,0.0237933,1.0
279,1,0.67779,-1.41399,0.0442225,1.0
279,3,-0.969547,0.815335,0.052674,1.0
279,27,-1.31007,-2.27377,0.0187016,1.0
279,28,0.721859,-1.73413,-0.0508345,1.0
279,29,-1.52235,-0.652727,0.0531071,1.0
279,30,-2.18668,1.57514,0.00273763,1.0
279,32,-0.00511299,-0.410678,0.0435906,1.0
279,33,0.378689,0.0822856,-0.097378,1.0
279,40,1.90151,1.05642,0.0276137,1.0
280,1,0.750932,-1.39733,0.121379,1.0
280,3,-0.996993,0.824516,0.0514546,1.0
280,27,-1.3347,-2.21612,0.00581173,1.0
280,28,0.685892,-1.75963,-0.0501091,1.0
280,29,-1.43235,-0.652136,0.038751,1.0
280,30,-2.20649,1.61119,-0.019677,1.0
280,32,0.0282775,-0.443701,0.0219469,1.0
280,33,0.301522,0.0401598,-0.10863,1.0
280,40,1.87961,1.04788,0.0293108,1.0
281,1,0.827471,-1.39,-0.00418995,1.0
281,3,-1.01567,0.82874,0.0490185,1.0
281,27,-1.35046,-2.15455,-0.00727195,1.0
281,28,0.64945,-1.78197,-0.0470864,1.0
281,29,-1.34129,-0.650633,0.0209432,1.0
281,30,-2.2196,1.64648,-0.0413843,1.0
281,32,0.05396,-0.467477,0.00102018,1.0
281,33,0.226858,0.000740879,0.0797576,1.0
281,40,1.85195,1.03795,0.0281665,1.0
282,1,0.907542,-1.38891,0.0665309,1.0
282,3,-1.03013,0.831463,0.0476129,1.0
282,27,-1.35674,-2.08623,-0.0210851,1.0
282,28,0.611686,-1.80219,-0.0448159,1.0
282,29,-1.24669,-0.645853,0.000520427,1.0
282,30,-2.22756,1.67785,-0.0660096,1.0
282,32,0.075789,-0.476827,-0.0190137,1.0
282,33,0.154801,-0.0383114,0.0685035,1.0
282,40,1.81773,1.02713,0.0257985,1.0
283,1,0.990661,-1.39151,-0.0640981,1.0
283,3,-1.0405,0.834378,0.0472869,1.0
283,27,-1.35315,-2.01316,-0.0352419,1.0
283,28,0.568621,-1.82326,-0.0413697,1.0
283,29,-1.1555,-0.640329,-0.0203085,1.0
283,30,-2.22949,1.70467,-0.0931662,1.0
283,32,0.0941437,-0.471164,-0.0412127,1.0
283,33,0.0867264,-0.0767925,0.0584095,1.0
283,40,1.7776,1.01354,0.0251399,1.0
284,1,1.07491,-1.39525,0.00497775,1.0
284,3,-1.0451,0.838634,0.0468883,1.0
284,27,-1.34106,-1.93736,-0.0484634,1.0
284,28,0.518334,-1.84384,-0.0353239,1.0
284,29,-1.07212,-0.637314,-0.03999,1.0
284,30,-2.22262,1.72863,-0.121182,1.0
284,32,0.11428,-0.456269,-0.0636755,1.0
284,33,0.0276387,-0.113372,0.0462757,1.0
284,40,1.7305,0.997022,0.0229156,1.0
285,1,1.16367,-1.39652,0.0699559,1.0
285,3,-1.04402,0.842571,0.0453172,1.0
285,27,-1.32109,-1.86411,-0.0606527,1.0
285,28,0.461203,-1.86336,-0.0282373,1.0
285,29,-1.00634,-0.636128,-0.05868,1.0
285,30,-2.20875,1.74803,0.0502714,1.0
285,32,0.138161,-0.432608,-0.0888287,1.0
285,33,-0.0191489,-0.149802,0.0356624,1.0
285,40,1.67651,0.97755,0.0203781,1.0
286,3,-1.038,0.845873,0.0449685,1.0
286,27,-1.29839,-1.7992,-0.0711761,1.0
286,28,0.399594,-1.88104,-0.020853,1.0
286,29,-0.952547,-0.634727,-0.0754908,1.0
286,30,-2.18432,1.76278,0.0205477,1.0
286,33,-0.053292,-0.184228,0.0251374,1.0
286,40,1.61637,0.96148,0.0172963,1.0
286,35,1.35211,0.14947,0.000674171,1.0
287,3,-1.02966,0.8498,0.0454937,1.0
287,27,-1.2713,-1.74191,-0.0800519,1.0
287,28,0.336743,-1.89257,-0.0145723,1.0
287,29,-0.901658,-0.62882,-0.0947321,1.0
287,30,-2.15143,1.77448,-0.00786001,1.0
287,33,-0.0740445,-0.214275,0.0146714,1.0
287,40,1.55176,0.953758,0.015874,1.0
287,35,1.34851,0.139589,0.00307194,1.0
288,3,-1.01604,0.852635,0.0454337,1.0
288,27,-1.24043,-1.69158,-0.0866402,1.0
288,28,0.271364,-1.89632,-0.00838533,1.0
288,29,-0.852664,-0.61628,0.0842695,1.0
288,30,-2.10951,1.78283,-0.0384059,1.0
288,33,-0.0830961,-0.242414,0.0041352,1.0
288,40,1.48503,0.952191,0.0152644,1.0
288,35,1.33875,0.118339,0.00572531,1.0
289,3,-0.996834,0.857054,0.0421184,1.0
289,27,-1.20967,-1.64872,-0.0937201,1.0
289,28,0.206062,-1.89572,-0.00240559,1.0
289,29,-0.804522,-0.597835,0.0648325,1.0
289,30,-2.06031,1.78775,-0.0718334,1.0
289,33,-0.0854597,-0.270497,-0.00317658,1.0
289,40,1.41523,0.956392,0.0136969,1.0
289,35,1.3237,0.0873829,0.0110111,1.0
290,3,-0.973885,0.861203,0.0382771,1.0
290,27,-1.18133,-1.61517,-0.103348,1.0
290,28,0.1456,-1.89389,0.00418494,1.0
290,29,-0.75593,-0.572027,0.0475769,1.0
290,30,-2.00484,1.79307,-0.105222,1.0
290,33,-0.0824331,-0.299621,-0.00849477,1.0
290,40,1.34316,0.96806,0.0155306,1.0
290,35,1.30413,0.0470773,0.016607,1.0
291,3,-0.947587,0.86404,0.0352133,1.0
291,27,-1.15785,-1.59108,-0.11553,1.0
291,28,0.0915721,-1.88932,0.0121496,1.0
291,29,-0.702034,-0.537045,0.034186,1.0
291,30,-1.9465,1.79876,-0.138726,1.0
291,33,-0.0776746,-0.330421,-0.0104165,1.0
291,40,1.26514,0.986047,0.0177898,1.0
291,35,1.28078,-0.00483497,0.023666,1.0
292,3,-0.91497,0.867314,0.0354355,1.0
292,27,-1.1411,-1.57596,0.0689893,1.0
292,28,0.0461358,-1.88116,0.0184439,1.0
292,29,-0.644363,-0.493167,0.0261829,1.0
292,30,-1.88285,1.80485,0.0294281,1.0
292,33,-0.0729762,-0.362481,-0.0145396,1.0
292,40,1.17805,1.01337,0.0205443,1.0
292,35,1.25489,-0.0678564,0.0329407,1.0
293,3,-0.875102,0.870545,0.0381195,1.0
293,27,-1.1335,-1.56501,0.053246,1.0
293,28,0.0132079,-1.87302,0.0229402,1.0
293,29,-0.579257,-0.443487,0.0203381,1.0
293,30,-1.81483,1.81105,5.33101e-05,1.0
293,33,-0.0706701,-0.393448,-0.0208659,1.0
293,40,1.08322,1.05089,0.0241587,1.0
293,35,1.23084,-0.144631,0.0454157,1.0
294,3,-0.831828,0.87255,0.0397104,1.0
294,27,-1.13637,-1.55587,0.036654,1.0
294,28,-0.00656318,-1.86767,0.030002,1.0
294,29,-0.505382,-0.387172,0.0130309,1.0
294,30,-1.74403,1.81802,-0.0308038,1.0
294,33,-0.0694089,-0.422188,-0.0274809,1.0
294,40,0.982885,1.09396,0.0277087,1.0
294,35,1.20843,-0.230718,0.0575114,1.0
295,3,-0.784695,0.878409,0.0430039,1.0
295,27,-1.15037,-1.54641,0.0205147,1.0
295,28,-0.0115009,-1.86762,0.0361496,1.0
295,29,-0.427101,-0.329772,0.00273964,1.0
295,30,-1.67252,1.82451,-0.0606248,1.0
295,33,-0.0710497,-0.449695,-0.0366737,1.0
295,40,0.878317,1.13731,0.0339541,1.0
295,35,1.18965,-0.321899,0.0704903,1.0
296,3,-0.734143,0.887116,0.0496296,1.0
296,27,-1.17704,-1.53404,0.00395823,1.0
296,28,-0.00561577,-1.87015,0.0434417,1.0
296,29,-0.341475,-0.276079,-0.0111628,1.0
296,30,-1.59964,1.83115,-0.0903678,1.0
296,33,-0.0767246,-0.475265,-0.0477726,1.0
296,40,0.76848,1.1769,0.0416583,1.0
296,35,1.17643,-0.414576,0.0849668,1.0
297,3,-0.680314,0.899666,0.0585704,1.0
297,27,-1.20946,-1.51746,-0.0129589,1.0
297,28,0.00964147,-1.87457,0.0536459,1.0
297,29,-0.248812,-0.23151,-0.0297832,1.0
297,30,-1.52588,1.83738,-0.120259,1.0
297,33,-0.0881289,-0.496501,-0.0594473,1.0
297,40,0.654562,1.21311,0.0463613,1.0
297,35,1.16725,-0.5056,0.101857,1.0
298,3,-0.62437,0.914927,0.067678,1.0
298,27,-1.2453,-1.4937,-0.0305636,1.0
298,28,0.034985,-1.8801,0.0646096,1.0
298,29,-0.150297,-0.197008,-0.051849,1.0
298,30,-1.45104,1.84642,0.0521212,1.0
298,33,-0.106924,-0.512185,-0.0688875,1.0
298,40,0.542894,1.24775,0.0456662,1.0
298,35,1.16149,-0.593057,-0.0789571,1.0
299,3,-0.57382,0.928968,0.0746509,1.0
299,27,-1.28413,-1.46383,-0.0473979,1.0
299,28,0.0669703,-1.88739,0.0783441,1.0
299,29,-0.0501223,-0.175039,-0.0743553,1.0
299,30,-1.37475,1.85875,0.0243063,1.0
299,33,-0.133546,-0.519696,-0.0775111,1.0
299,40,0.438823,1.28174,0.041794,1.0
299,35,1.16495,-0.678827,-0.0581945,1.0
300,3,-0.5296,0.939841,0.0821526,1.0
300,27,-1.32508,-1.42797,-0.0659829,1.0
300,28,0.10468,-1.89701,0.0950284,1.0
300,29,0.0507874,-0.160219,-0.097476,1.0
300,30,-1.29825,1.8741,-0.00363473,1.0
300,33,-0.163264,-0.518793,-0.0875167,1.0
300,40,0.344338,1.31604,0.0376134,1.0
300,35,1.18141,-0.764464,-0.0369703,1.0
